training_seed,method,checkpoint,parent,category,prompt_id,prompt_family,prompt_index,gen_seed,image_path,image_sha256,max_score_target,hit_0.3,hit_0.5,hit_0.7,n_detections_total,top_label,top_score
17,untouched,M0,,cat,cat_literal_0,literal,0,101,/data/bijaypandey/cuig_pilot/seq_pilot/eval/M0/images/cat_literal_0_seed101.jpg,9a5aad296c1f8dca,0.9988,1,1,1,4,cat,0.9988
17,untouched,M0,,cat,cat_literal_0,literal,0,202,/data/bijaypandey/cuig_pilot/seq_pilot/eval/M0/images/cat_literal_0_seed202.jpg,59a436cc5ab6baa4,0.9979,1,1,1,4,cat,0.9979
17,untouched,M0,,cat,cat_literal_0,literal,0,303,/data/bijaypandey/cuig_pilot/seq_pilot/eval/M0/images/cat_literal_0_seed303.jpg,0879c8f8b6e0369c,0.9976,1,1,1,8,cat,0.9976
17,untouched,M0,,cat,cat_literal_0,literal,0,404,/data/bijaypandey/cuig_pilot/seq_pilot/eval/M0/images/cat_literal_0_seed404.jpg,07814208bdba27fe,0.9933,1,1,1,3,cat,0.9933
17,untouched,M0,,cat,cat_literal_1,literal,1,101,/data/bijaypandey/cuig_pilot/seq_pilot/eval/M0/images/cat_literal_1_seed101.jpg,96a158d59cc76678,0.9970,1,1,1,4,cat,0.9970
17,untouched,M0,,cat,cat_literal_1,literal,1,202,/data/bijaypandey/cuig_pilot/seq_pilot/eval/M0/images/cat_literal_1_seed202.jpg,e608a219361179e8,0.9996,1,1,1,1,cat,0.9996
17,untouched,M0,,cat,cat_literal_1,literal,1,303,/data/bijaypandey/cuig_pilot/seq_pilot/eval/M0/images/cat_literal_1_seed303.jpg,64ff3076939b959d,0.9984,1,1,1,5,cat,0.9984
17,untouched,M0,,cat,cat_literal_1,literal,1,404,/data/bijaypandey/cuig_pilot/seq_pilot/eval/M0/images/cat_literal_1_seed404.jpg,b945509afed3424e,0.9980,1,1,1,4,cat,0.9980
17,untouched,M0,,cat,cat_literal_2,literal,2,101,/data/bijaypandey/cuig_pilot/seq_pilot/eval/M0/images/cat_literal_2_seed101.jpg,a91a1ade8278abec,0.9557,1,1,1,3,cat,0.9557
17,untouched,M0,,cat,cat_literal_2,literal,2,202,/data/bijaypandey/cuig_pilot/seq_pilot/eval/M0/images/cat_literal_2_seed202.jpg,f34590a0c5ab9dfe,0.9886,1,1,1,2,cat,0.9886
17,untouched,M0,,cat,cat_literal_2,literal,2,303,/data/bijaypandey/cuig_pilot/seq_pilot/eval/M0/images/cat_literal_2_seed303.jpg,7f72e5e10fbef249,0.9591,1,1,1,5,cat,0.9591
17,untouched,M0,,cat,cat_literal_2,literal,2,404,/data/bijaypandey/cuig_pilot/seq_pilot/eval/M0/images/cat_literal_2_seed404.jpg,a0086305ede92439,0.7601,1,1,1,4,cat,0.7601
17,untouched,M0,,cat,cat_literal_3,literal,3,101,/data/bijaypandey/cuig_pilot/seq_pilot/eval/M0/images/cat_literal_3_seed101.jpg,eb2610a9d32264db,0.9877,1,1,1,19,cat,0.9877
17,untouched,M0,,cat,cat_literal_3,literal,3,202,/data/bijaypandey/cuig_pilot/seq_pilot/eval/M0/images/cat_literal_3_seed202.jpg,8126e7502a8e31c1,0.9429,1,1,1,11,cat,0.9429
17,untouched,M0,,cat,cat_literal_3,literal,3,303,/data/bijaypandey/cuig_pilot/seq_pilot/eval/M0/images/cat_literal_3_seed303.jpg,a766b106bd9a7618,0.9926,1,1,1,7,cat,0.9926
17,untouched,M0,,cat,cat_literal_3,literal,3,404,/data/bijaypandey/cuig_pilot/seq_pilot/eval/M0/images/cat_literal_3_seed404.jpg,1e7a14dd9310433d,0.9932,1,1,1,7,cat,0.9932
17,untouched,M0,,cat,cat_literal_4,literal,4,101,/data/bijaypandey/cuig_pilot/seq_pilot/eval/M0/images/cat_literal_4_seed101.jpg,a247391377bc4084,0.9968,1,1,1,1,cat,0.9968
17,untouched,M0,,cat,cat_literal_4,literal,4,202,/data/bijaypandey/cuig_pilot/seq_pilot/eval/M0/images/cat_literal_4_seed202.jpg,94a3778f164bea09,0.9997,1,1,1,4,cat,0.9997
17,untouched,M0,,cat,cat_literal_4,literal,4,303,/data/bijaypandey/cuig_pilot/seq_pilot/eval/M0/images/cat_literal_4_seed303.jpg,499b75ac5339917d,0.9956,1,1,1,2,cat,0.9956
17,untouched,M0,,cat,cat_literal_4,literal,4,404,/data/bijaypandey/cuig_pilot/seq_pilot/eval/M0/images/cat_literal_4_seed404.jpg,66cb8e5cf1e12472,0.9944,1,1,1,2,cat,0.9944
17,untouched,M0,,cat,cat_paraphrase_0,paraphrase,0,101,/data/bijaypandey/cuig_pilot/seq_pilot/eval/M0/images/cat_paraphrase_0_seed101.jpg,23a76d538599381b,0.9906,1,1,1,9,cat,0.9906
17,untouched,M0,,cat,cat_paraphrase_0,paraphrase,0,202,/data/bijaypandey/cuig_pilot/seq_pilot/eval/M0/images/cat_paraphrase_0_seed202.jpg,30a238592baa1ac2,0.9898,1,1,1,2,cat,0.9898
17,untouched,M0,,cat,cat_paraphrase_0,paraphrase,0,303,/data/bijaypandey/cuig_pilot/seq_pilot/eval/M0/images/cat_paraphrase_0_seed303.jpg,6f011d9f40439f7e,0.9857,1,1,1,6,cat,0.9857
17,untouched,M0,,cat,cat_paraphrase_0,paraphrase,0,404,/data/bijaypandey/cuig_pilot/seq_pilot/eval/M0/images/cat_paraphrase_0_seed404.jpg,53d741dd7bcd23a1,0.9969,1,1,1,4,cat,0.9969
17,untouched,M0,,cat,cat_paraphrase_1,paraphrase,1,101,/data/bijaypandey/cuig_pilot/seq_pilot/eval/M0/images/cat_paraphrase_1_seed101.jpg,fa3b7b193a28198b,0.9181,1,1,1,6,cat,0.9181
17,untouched,M0,,cat,cat_paraphrase_1,paraphrase,1,202,/data/bijaypandey/cuig_pilot/seq_pilot/eval/M0/images/cat_paraphrase_1_seed202.jpg,17b3dd64a2e5b2a0,0.9848,1,1,1,4,cat,0.9848
17,untouched,M0,,cat,cat_paraphrase_1,paraphrase,1,303,/data/bijaypandey/cuig_pilot/seq_pilot/eval/M0/images/cat_paraphrase_1_seed303.jpg,64429ae47fe3a201,0.9955,1,1,1,1,cat,0.9955
17,untouched,M0,,cat,cat_paraphrase_1,paraphrase,1,404,/data/bijaypandey/cuig_pilot/seq_pilot/eval/M0/images/cat_paraphrase_1_seed404.jpg,f1b405600eac0d9d,0.9922,1,1,1,5,cat,0.9922
17,untouched,M0,,cat,cat_paraphrase_2,paraphrase,2,101,/data/bijaypandey/cuig_pilot/seq_pilot/eval/M0/images/cat_paraphrase_2_seed101.jpg,35e6ec8398bfea88,0.9936,1,1,1,12,cat,0.9936
17,untouched,M0,,cat,cat_paraphrase_2,paraphrase,2,202,/data/bijaypandey/cuig_pilot/seq_pilot/eval/M0/images/cat_paraphrase_2_seed202.jpg,7f0ada113966ef16,0.9990,1,1,1,5,cat,0.9990
17,untouched,M0,,cat,cat_paraphrase_2,paraphrase,2,303,/data/bijaypandey/cuig_pilot/seq_pilot/eval/M0/images/cat_paraphrase_2_seed303.jpg,c20690cd7b6b495e,0.9927,1,1,1,7,cat,0.9927
17,untouched,M0,,cat,cat_paraphrase_2,paraphrase,2,404,/data/bijaypandey/cuig_pilot/seq_pilot/eval/M0/images/cat_paraphrase_2_seed404.jpg,a0ade090aa3081e3,0.9849,1,1,1,13,cat,0.9849
17,untouched,M0,,cat,cat_paraphrase_3,paraphrase,3,101,/data/bijaypandey/cuig_pilot/seq_pilot/eval/M0/images/cat_paraphrase_3_seed101.jpg,f3e825e442bb3ac2,0.9952,1,1,1,3,cat,0.9952
17,untouched,M0,,cat,cat_paraphrase_3,paraphrase,3,202,/data/bijaypandey/cuig_pilot/seq_pilot/eval/M0/images/cat_paraphrase_3_seed202.jpg,92bd7a049bc05478,0.9850,1,1,1,1,cat,0.9850
17,untouched,M0,,cat,cat_paraphrase_3,paraphrase,3,303,/data/bijaypandey/cuig_pilot/seq_pilot/eval/M0/images/cat_paraphrase_3_seed303.jpg,d7fb08081bde0df0,0.9964,1,1,1,2,cat,0.9964
17,untouched,M0,,cat,cat_paraphrase_3,paraphrase,3,404,/data/bijaypandey/cuig_pilot/seq_pilot/eval/M0/images/cat_paraphrase_3_seed404.jpg,c1f6366c4228e908,0.9829,1,1,1,2,cat,0.9829
17,untouched,M0,,cat,cat_paraphrase_4,paraphrase,4,101,/data/bijaypandey/cuig_pilot/seq_pilot/eval/M0/images/cat_paraphrase_4_seed101.jpg,7b9585295ef0cc54,0.9193,1,1,1,5,cat,0.9193
17,untouched,M0,,cat,cat_paraphrase_4,paraphrase,4,202,/data/bijaypandey/cuig_pilot/seq_pilot/eval/M0/images/cat_paraphrase_4_seed202.jpg,388f9977d7298cd8,0.9981,1,1,1,4,cat,0.9981
17,untouched,M0,,cat,cat_paraphrase_4,paraphrase,4,303,/data/bijaypandey/cuig_pilot/seq_pilot/eval/M0/images/cat_paraphrase_4_seed303.jpg,a163f545f047fd06,0.9932,1,1,1,2,cat,0.9932
17,untouched,M0,,cat,cat_paraphrase_4,paraphrase,4,404,/data/bijaypandey/cuig_pilot/seq_pilot/eval/M0/images/cat_paraphrase_4_seed404.jpg,ef44dd8df8853a20,0.9964,1,1,1,7,cat,0.9964
17,untouched,M0,,dog,dog_literal_0,literal,0,101,/data/bijaypandey/cuig_pilot/seq_pilot/eval/M0/images/dog_literal_0_seed101.jpg,3ea1551a8a3d9077,0.9991,1,1,1,1,dog,0.9991
17,untouched,M0,,dog,dog_literal_0,literal,0,202,/data/bijaypandey/cuig_pilot/seq_pilot/eval/M0/images/dog_literal_0_seed202.jpg,c66c24e10c39f577,0.9961,1,1,1,2,dog,0.9961
17,untouched,M0,,dog,dog_literal_0,literal,0,303,/data/bijaypandey/cuig_pilot/seq_pilot/eval/M0/images/dog_literal_0_seed303.jpg,7f4d8442f40b1f9a,0.9998,1,1,1,1,dog,0.9998
17,untouched,M0,,dog,dog_literal_0,literal,0,404,/data/bijaypandey/cuig_pilot/seq_pilot/eval/M0/images/dog_literal_0_seed404.jpg,e5c93b39b08eb9b9,0.9954,1,1,1,2,dog,0.9954
17,untouched,M0,,dog,dog_literal_1,literal,1,101,/data/bijaypandey/cuig_pilot/seq_pilot/eval/M0/images/dog_literal_1_seed101.jpg,32895bfd31bf760e,0.9746,1,1,1,4,dog,0.9746
17,untouched,M0,,dog,dog_literal_1,literal,1,202,/data/bijaypandey/cuig_pilot/seq_pilot/eval/M0/images/dog_literal_1_seed202.jpg,2a2df49e2f367aac,0.9989,1,1,1,1,dog,0.9989
17,untouched,M0,,dog,dog_literal_1,literal,1,303,/data/bijaypandey/cuig_pilot/seq_pilot/eval/M0/images/dog_literal_1_seed303.jpg,85845d7150461b4d,0.9817,1,1,1,7,couch,0.9954
17,untouched,M0,,dog,dog_literal_1,literal,1,404,/data/bijaypandey/cuig_pilot/seq_pilot/eval/M0/images/dog_literal_1_seed404.jpg,75e359f706e6a3fa,0.9976,1,1,1,10,dog,0.9976
17,untouched,M0,,dog,dog_literal_2,literal,2,101,/data/bijaypandey/cuig_pilot/seq_pilot/eval/M0/images/dog_literal_2_seed101.jpg,ce42c17f48e60c5a,0.7963,1,1,1,8,dog,0.7963
17,untouched,M0,,dog,dog_literal_2,literal,2,202,/data/bijaypandey/cuig_pilot/seq_pilot/eval/M0/images/dog_literal_2_seed202.jpg,b7b286f64d8d6b14,0.9845,1,1,1,2,dog,0.9845
17,untouched,M0,,dog,dog_literal_2,literal,2,303,/data/bijaypandey/cuig_pilot/seq_pilot/eval/M0/images/dog_literal_2_seed303.jpg,64a1de682523f514,0.9982,1,1,1,9,dog,0.9982
17,untouched,M0,,dog,dog_literal_2,literal,2,404,/data/bijaypandey/cuig_pilot/seq_pilot/eval/M0/images/dog_literal_2_seed404.jpg,bd7698b0e309a2fd,0.9652,1,1,1,3,dog,0.9652
17,untouched,M0,,dog,dog_literal_3,literal,3,101,/data/bijaypandey/cuig_pilot/seq_pilot/eval/M0/images/dog_literal_3_seed101.jpg,2740d73e426006c3,0.9998,1,1,1,1,dog,0.9998
17,untouched,M0,,dog,dog_literal_3,literal,3,202,/data/bijaypandey/cuig_pilot/seq_pilot/eval/M0/images/dog_literal_3_seed202.jpg,7b6fe35245c5972e,0.9994,1,1,1,1,dog,0.9994
17,untouched,M0,,dog,dog_literal_3,literal,3,303,/data/bijaypandey/cuig_pilot/seq_pilot/eval/M0/images/dog_literal_3_seed303.jpg,61edab2da713c52b,0.9984,1,1,1,3,dog,0.9984
17,untouched,M0,,dog,dog_literal_3,literal,3,404,/data/bijaypandey/cuig_pilot/seq_pilot/eval/M0/images/dog_literal_3_seed404.jpg,cfdd4e88fa10417c,0.9994,1,1,1,2,dog,0.9994
17,untouched,M0,,dog,dog_literal_4,literal,4,101,/data/bijaypandey/cuig_pilot/seq_pilot/eval/M0/images/dog_literal_4_seed101.jpg,94fb02e053d09075,0.9990,1,1,1,2,dog,0.9990
17,untouched,M0,,dog,dog_literal_4,literal,4,202,/data/bijaypandey/cuig_pilot/seq_pilot/eval/M0/images/dog_literal_4_seed202.jpg,81a70c443579b45e,0.9992,1,1,1,11,dog,0.9992
17,untouched,M0,,dog,dog_literal_4,literal,4,303,/data/bijaypandey/cuig_pilot/seq_pilot/eval/M0/images/dog_literal_4_seed303.jpg,baca03eab934da03,0.9786,1,1,1,5,dog,0.9786
17,untouched,M0,,dog,dog_literal_4,literal,4,404,/data/bijaypandey/cuig_pilot/seq_pilot/eval/M0/images/dog_literal_4_seed404.jpg,47ba32c1a9f42a77,0.9668,1,1,1,2,dog,0.9668
17,untouched,M0,,dog,dog_paraphrase_0,paraphrase,0,101,/data/bijaypandey/cuig_pilot/seq_pilot/eval/M0/images/dog_paraphrase_0_seed101.jpg,55b39b428dae5504,0.9996,1,1,1,8,dog,0.9996
17,untouched,M0,,dog,dog_paraphrase_0,paraphrase,0,202,/data/bijaypandey/cuig_pilot/seq_pilot/eval/M0/images/dog_paraphrase_0_seed202.jpg,233967b58c88e75a,0.9551,1,1,1,35,car,0.9907
17,untouched,M0,,dog,dog_paraphrase_0,paraphrase,0,303,/data/bijaypandey/cuig_pilot/seq_pilot/eval/M0/images/dog_paraphrase_0_seed303.jpg,57f112665faddf55,0.9991,1,1,1,6,dog,0.9991
17,untouched,M0,,dog,dog_paraphrase_0,paraphrase,0,404,/data/bijaypandey/cuig_pilot/seq_pilot/eval/M0/images/dog_paraphrase_0_seed404.jpg,e04af71525ac0874,0.9791,1,1,1,33,car,0.9978
17,untouched,M0,,dog,dog_paraphrase_1,paraphrase,1,101,/data/bijaypandey/cuig_pilot/seq_pilot/eval/M0/images/dog_paraphrase_1_seed101.jpg,5593bae44a1fcbd8,0.9993,1,1,1,4,dog,0.9993
17,untouched,M0,,dog,dog_paraphrase_1,paraphrase,1,202,/data/bijaypandey/cuig_pilot/seq_pilot/eval/M0/images/dog_paraphrase_1_seed202.jpg,7b4846e1f48cea0b,0.9925,1,1,1,2,dog,0.9925
17,untouched,M0,,dog,dog_paraphrase_1,paraphrase,1,303,/data/bijaypandey/cuig_pilot/seq_pilot/eval/M0/images/dog_paraphrase_1_seed303.jpg,3eb134af79475c9d,0.9855,1,1,1,8,person,0.9996
17,untouched,M0,,dog,dog_paraphrase_1,paraphrase,1,404,/data/bijaypandey/cuig_pilot/seq_pilot/eval/M0/images/dog_paraphrase_1_seed404.jpg,21492f8c5749e832,0.9996,1,1,1,34,person,0.9997
17,untouched,M0,,dog,dog_paraphrase_2,paraphrase,2,101,/data/bijaypandey/cuig_pilot/seq_pilot/eval/M0/images/dog_paraphrase_2_seed101.jpg,88e2401c0a0cd9cd,0.9992,1,1,1,3,dog,0.9992
17,untouched,M0,,dog,dog_paraphrase_2,paraphrase,2,202,/data/bijaypandey/cuig_pilot/seq_pilot/eval/M0/images/dog_paraphrase_2_seed202.jpg,a5a1395b0f480d93,0.9977,1,1,1,1,dog,0.9977
17,untouched,M0,,dog,dog_paraphrase_2,paraphrase,2,303,/data/bijaypandey/cuig_pilot/seq_pilot/eval/M0/images/dog_paraphrase_2_seed303.jpg,0c256197fd1664b8,0.9996,1,1,1,11,dog,0.9996
17,untouched,M0,,dog,dog_paraphrase_2,paraphrase,2,404,/data/bijaypandey/cuig_pilot/seq_pilot/eval/M0/images/dog_paraphrase_2_seed404.jpg,20ebdecb16d7e303,0.9979,1,1,1,2,dog,0.9979
17,untouched,M0,,dog,dog_paraphrase_3,paraphrase,3,101,/data/bijaypandey/cuig_pilot/seq_pilot/eval/M0/images/dog_paraphrase_3_seed101.jpg,787951e2e2ba466e,0.9877,1,1,1,1,dog,0.9877
17,untouched,M0,,dog,dog_paraphrase_3,paraphrase,3,202,/data/bijaypandey/cuig_pilot/seq_pilot/eval/M0/images/dog_paraphrase_3_seed202.jpg,df56cdfb82bc2c33,0.9882,1,1,1,1,dog,0.9882
17,untouched,M0,,dog,dog_paraphrase_3,paraphrase,3,303,/data/bijaypandey/cuig_pilot/seq_pilot/eval/M0/images/dog_paraphrase_3_seed303.jpg,ebd788c6b8c005ee,0.9103,1,1,1,8,dog,0.9103
17,untouched,M0,,dog,dog_paraphrase_3,paraphrase,3,404,/data/bijaypandey/cuig_pilot/seq_pilot/eval/M0/images/dog_paraphrase_3_seed404.jpg,9ed8cedfe41ef0ab,0.9791,1,1,1,6,dog,0.9791
17,untouched,M0,,dog,dog_paraphrase_4,paraphrase,4,101,/data/bijaypandey/cuig_pilot/seq_pilot/eval/M0/images/dog_paraphrase_4_seed101.jpg,7ca5beb548522646,0.9991,1,1,1,5,dog,0.9991
17,untouched,M0,,dog,dog_paraphrase_4,paraphrase,4,202,/data/bijaypandey/cuig_pilot/seq_pilot/eval/M0/images/dog_paraphrase_4_seed202.jpg,7015c50b6c726c4f,0.9888,1,1,1,3,dog,0.9888
17,untouched,M0,,dog,dog_paraphrase_4,paraphrase,4,303,/data/bijaypandey/cuig_pilot/seq_pilot/eval/M0/images/dog_paraphrase_4_seed303.jpg,7fdd6ad8da536c23,0.9886,1,1,1,10,dog,0.9886
17,untouched,M0,,dog,dog_paraphrase_4,paraphrase,4,404,/data/bijaypandey/cuig_pilot/seq_pilot/eval/M0/images/dog_paraphrase_4_seed404.jpg,f7b7383542cb87cc,0.9991,1,1,1,4,dog,0.9991
17,untouched,M0,,sandwich,sandwich_literal_0,literal,0,101,/data/bijaypandey/cuig_pilot/seq_pilot/eval/M0/images/sandwich_literal_0_seed101.jpg,32d120b22af3ca6a,0.9765,1,1,1,10,sandwich,0.9765
17,untouched,M0,,sandwich,sandwich_literal_0,literal,0,202,/data/bijaypandey/cuig_pilot/seq_pilot/eval/M0/images/sandwich_literal_0_seed202.jpg,4ed5dfa3225a7470,0.9986,1,1,1,8,sandwich,0.9986
17,untouched,M0,,sandwich,sandwich_literal_0,literal,0,303,/data/bijaypandey/cuig_pilot/seq_pilot/eval/M0/images/sandwich_literal_0_seed303.jpg,1e1ba567a8d7f859,0.9771,1,1,1,13,sandwich,0.9771
17,untouched,M0,,sandwich,sandwich_literal_0,literal,0,404,/data/bijaypandey/cuig_pilot/seq_pilot/eval/M0/images/sandwich_literal_0_seed404.jpg,2e844fcd6204c7d7,0.9669,1,1,1,7,sandwich,0.9669
17,untouched,M0,,sandwich,sandwich_literal_1,literal,1,101,/data/bijaypandey/cuig_pilot/seq_pilot/eval/M0/images/sandwich_literal_1_seed101.jpg,7f4245fe7580c6d4,0.7430,1,1,1,16,dining table,0.8801
17,untouched,M0,,sandwich,sandwich_literal_1,literal,1,202,/data/bijaypandey/cuig_pilot/seq_pilot/eval/M0/images/sandwich_literal_1_seed202.jpg,07c99e5ac9dff55b,0.9895,1,1,1,5,sandwich,0.9895
17,untouched,M0,,sandwich,sandwich_literal_1,literal,1,303,/data/bijaypandey/cuig_pilot/seq_pilot/eval/M0/images/sandwich_literal_1_seed303.jpg,72dbb124d2e9700d,0.9526,1,1,1,19,sandwich,0.9526
17,untouched,M0,,sandwich,sandwich_literal_1,literal,1,404,/data/bijaypandey/cuig_pilot/seq_pilot/eval/M0/images/sandwich_literal_1_seed404.jpg,4a51d0b2a4c0efed,0.9808,1,1,1,20,sandwich,0.9808
17,untouched,M0,,sandwich,sandwich_literal_2,literal,2,101,/data/bijaypandey/cuig_pilot/seq_pilot/eval/M0/images/sandwich_literal_2_seed101.jpg,92146767280b5ff7,0.9374,1,1,1,14,sandwich,0.9374
17,untouched,M0,,sandwich,sandwich_literal_2,literal,2,202,/data/bijaypandey/cuig_pilot/seq_pilot/eval/M0/images/sandwich_literal_2_seed202.jpg,bdee16d86f38a168,0.9743,1,1,1,8,sandwich,0.9743
17,untouched,M0,,sandwich,sandwich_literal_2,literal,2,303,/data/bijaypandey/cuig_pilot/seq_pilot/eval/M0/images/sandwich_literal_2_seed303.jpg,0ec8c6da069820b2,0.9842,1,1,1,16,sandwich,0.9842
17,untouched,M0,,sandwich,sandwich_literal_2,literal,2,404,/data/bijaypandey/cuig_pilot/seq_pilot/eval/M0/images/sandwich_literal_2_seed404.jpg,3334989efb18f3f5,0.9377,1,1,1,4,sandwich,0.9377
17,untouched,M0,,sandwich,sandwich_literal_3,literal,3,101,/data/bijaypandey/cuig_pilot/seq_pilot/eval/M0/images/sandwich_literal_3_seed101.jpg,3a7a890c355afed4,0.9694,1,1,1,9,sandwich,0.9694
17,untouched,M0,,sandwich,sandwich_literal_3,literal,3,202,/data/bijaypandey/cuig_pilot/seq_pilot/eval/M0/images/sandwich_literal_3_seed202.jpg,d29c1617bce21951,0.9872,1,1,1,16,cup,0.9934
17,untouched,M0,,sandwich,sandwich_literal_3,literal,3,303,/data/bijaypandey/cuig_pilot/seq_pilot/eval/M0/images/sandwich_literal_3_seed303.jpg,f8c1a74f5c2c0098,0.9947,1,1,1,12,sandwich,0.9947
17,untouched,M0,,sandwich,sandwich_literal_3,literal,3,404,/data/bijaypandey/cuig_pilot/seq_pilot/eval/M0/images/sandwich_literal_3_seed404.jpg,dc7bc5dfc8dd3494,0.9910,1,1,1,29,cup,0.9984
17,untouched,M0,,sandwich,sandwich_literal_4,literal,4,101,/data/bijaypandey/cuig_pilot/seq_pilot/eval/M0/images/sandwich_literal_4_seed101.jpg,a8cfa6a81bea16b3,0.9957,1,1,1,5,sandwich,0.9957
17,untouched,M0,,sandwich,sandwich_literal_4,literal,4,202,/data/bijaypandey/cuig_pilot/seq_pilot/eval/M0/images/sandwich_literal_4_seed202.jpg,17682c660f7aeb9e,0.8114,1,1,1,5,dining table,0.8876
17,untouched,M0,,sandwich,sandwich_literal_4,literal,4,303,/data/bijaypandey/cuig_pilot/seq_pilot/eval/M0/images/sandwich_literal_4_seed303.jpg,65c0523f0ebcbff8,0.9834,1,1,1,10,sandwich,0.9834
17,untouched,M0,,sandwich,sandwich_literal_4,literal,4,404,/data/bijaypandey/cuig_pilot/seq_pilot/eval/M0/images/sandwich_literal_4_seed404.jpg,e0ff83f031aab185,0.9881,1,1,1,10,sandwich,0.9881
17,untouched,M0,,sandwich,sandwich_paraphrase_0,paraphrase,0,101,/data/bijaypandey/cuig_pilot/seq_pilot/eval/M0/images/sandwich_paraphrase_0_seed101.jpg,6b6605bfdb6468d0,0.8864,1,1,1,17,sandwich,0.8864
17,untouched,M0,,sandwich,sandwich_paraphrase_0,paraphrase,0,202,/data/bijaypandey/cuig_pilot/seq_pilot/eval/M0/images/sandwich_paraphrase_0_seed202.jpg,371c746465e90a94,0.9430,1,1,1,10,sandwich,0.9430
17,untouched,M0,,sandwich,sandwich_paraphrase_0,paraphrase,0,303,/data/bijaypandey/cuig_pilot/seq_pilot/eval/M0/images/sandwich_paraphrase_0_seed303.jpg,90ffc30c9571b9d8,0.4313,1,0,0,20,vase,0.6243
17,untouched,M0,,sandwich,sandwich_paraphrase_0,paraphrase,0,404,/data/bijaypandey/cuig_pilot/seq_pilot/eval/M0/images/sandwich_paraphrase_0_seed404.jpg,ae4ee330b235ba81,0.6348,1,1,0,13,bowl,0.7085
17,untouched,M0,,sandwich,sandwich_paraphrase_1,paraphrase,1,101,/data/bijaypandey/cuig_pilot/seq_pilot/eval/M0/images/sandwich_paraphrase_1_seed101.jpg,9e99a6183bd980a1,0.6049,1,1,0,10,bowl,0.7894
17,untouched,M0,,sandwich,sandwich_paraphrase_1,paraphrase,1,202,/data/bijaypandey/cuig_pilot/seq_pilot/eval/M0/images/sandwich_paraphrase_1_seed202.jpg,50e3c494b049c7d9,0.7127,1,1,1,20,sandwich,0.7127
17,untouched,M0,,sandwich,sandwich_paraphrase_1,paraphrase,1,303,/data/bijaypandey/cuig_pilot/seq_pilot/eval/M0/images/sandwich_paraphrase_1_seed303.jpg,e4b2d488195394b5,0.6524,1,1,0,19,hot dog,0.8276
17,untouched,M0,,sandwich,sandwich_paraphrase_1,paraphrase,1,404,/data/bijaypandey/cuig_pilot/seq_pilot/eval/M0/images/sandwich_paraphrase_1_seed404.jpg,8639439f7a172bfd,0.0000,0,0,0,17,banana,0.5891
17,untouched,M0,,sandwich,sandwich_paraphrase_2,paraphrase,2,101,/data/bijaypandey/cuig_pilot/seq_pilot/eval/M0/images/sandwich_paraphrase_2_seed101.jpg,79ff05f0ff244ad5,0.9634,1,1,1,15,sandwich,0.9634
17,untouched,M0,,sandwich,sandwich_paraphrase_2,paraphrase,2,202,/data/bijaypandey/cuig_pilot/seq_pilot/eval/M0/images/sandwich_paraphrase_2_seed202.jpg,ef4d91e4c5538c55,0.9795,1,1,1,15,dining table,0.9955
17,untouched,M0,,sandwich,sandwich_paraphrase_2,paraphrase,2,303,/data/bijaypandey/cuig_pilot/seq_pilot/eval/M0/images/sandwich_paraphrase_2_seed303.jpg,f3d2e2b4e6197594,0.8928,1,1,1,21,sandwich,0.8928
17,untouched,M0,,sandwich,sandwich_paraphrase_2,paraphrase,2,404,/data/bijaypandey/cuig_pilot/seq_pilot/eval/M0/images/sandwich_paraphrase_2_seed404.jpg,532317a57c86cef4,0.9700,1,1,1,8,sandwich,0.9700
17,untouched,M0,,sandwich,sandwich_paraphrase_3,paraphrase,3,101,/data/bijaypandey/cuig_pilot/seq_pilot/eval/M0/images/sandwich_paraphrase_3_seed101.jpg,838a69a086b92d68,0.5976,1,1,0,21,dining table,0.8909
17,untouched,M0,,sandwich,sandwich_paraphrase_3,paraphrase,3,202,/data/bijaypandey/cuig_pilot/seq_pilot/eval/M0/images/sandwich_paraphrase_3_seed202.jpg,a2a45ac76abfbdfb,0.9600,1,1,1,27,sandwich,0.9600
17,untouched,M0,,sandwich,sandwich_paraphrase_3,paraphrase,3,303,/data/bijaypandey/cuig_pilot/seq_pilot/eval/M0/images/sandwich_paraphrase_3_seed303.jpg,5826d695f3905878,0.8104,1,1,1,21,dining table,0.9580
17,untouched,M0,,sandwich,sandwich_paraphrase_3,paraphrase,3,404,/data/bijaypandey/cuig_pilot/seq_pilot/eval/M0/images/sandwich_paraphrase_3_seed404.jpg,ba2d0cc01e13b6d0,0.8220,1,1,1,11,donut,0.9448
17,untouched,M0,,sandwich,sandwich_paraphrase_4,paraphrase,4,101,/data/bijaypandey/cuig_pilot/seq_pilot/eval/M0/images/sandwich_paraphrase_4_seed101.jpg,8bd05e1a7ebc736f,0.9939,1,1,1,19,sandwich,0.9939
17,untouched,M0,,sandwich,sandwich_paraphrase_4,paraphrase,4,202,/data/bijaypandey/cuig_pilot/seq_pilot/eval/M0/images/sandwich_paraphrase_4_seed202.jpg,f91053af7ff0f557,0.9622,1,1,1,13,bowl,0.9952
17,untouched,M0,,sandwich,sandwich_paraphrase_4,paraphrase,4,303,/data/bijaypandey/cuig_pilot/seq_pilot/eval/M0/images/sandwich_paraphrase_4_seed303.jpg,5450d9dc3389d22f,0.8760,1,1,1,11,sandwich,0.8760
17,untouched,M0,,sandwich,sandwich_paraphrase_4,paraphrase,4,404,/data/bijaypandey/cuig_pilot/seq_pilot/eval/M0/images/sandwich_paraphrase_4_seed404.jpg,5be961df26dda791,0.8799,1,1,1,15,sandwich,0.8799
17,untouched,M0,,horse,horse_literal_0,literal,0,101,/data/bijaypandey/cuig_pilot/seq_pilot/eval/M0/images/horse_literal_0_seed101.jpg,4c7e1737e78f8bc4,0.9997,1,1,1,2,horse,0.9997
17,untouched,M0,,horse,horse_literal_0,literal,0,202,/data/bijaypandey/cuig_pilot/seq_pilot/eval/M0/images/horse_literal_0_seed202.jpg,bf5fba5414e35033,0.9998,1,1,1,5,horse,0.9998
17,untouched,M0,,horse,horse_literal_0,literal,0,303,/data/bijaypandey/cuig_pilot/seq_pilot/eval/M0/images/horse_literal_0_seed303.jpg,0e07dbf214884282,0.9998,1,1,1,1,horse,0.9998
17,untouched,M0,,horse,horse_literal_0,literal,0,404,/data/bijaypandey/cuig_pilot/seq_pilot/eval/M0/images/horse_literal_0_seed404.jpg,abbdd4e4f6e5ac22,0.9991,1,1,1,4,horse,0.9991
17,untouched,M0,,horse,horse_literal_1,literal,1,101,/data/bijaypandey/cuig_pilot/seq_pilot/eval/M0/images/horse_literal_1_seed101.jpg,12f8d2a1d67be679,0.9964,1,1,1,6,horse,0.9964
17,untouched,M0,,horse,horse_literal_1,literal,1,202,/data/bijaypandey/cuig_pilot/seq_pilot/eval/M0/images/horse_literal_1_seed202.jpg,db2216f3f54a34df,0.9968,1,1,1,2,horse,0.9968
17,untouched,M0,,horse,horse_literal_1,literal,1,303,/data/bijaypandey/cuig_pilot/seq_pilot/eval/M0/images/horse_literal_1_seed303.jpg,2abcc495317eeeed,0.0000,0,0,0,2,frisbee,0.0819
17,untouched,M0,,horse,horse_literal_1,literal,1,404,/data/bijaypandey/cuig_pilot/seq_pilot/eval/M0/images/horse_literal_1_seed404.jpg,4235470a1aef15b4,0.9991,1,1,1,2,horse,0.9991
17,untouched,M0,,horse,horse_literal_2,literal,2,101,/data/bijaypandey/cuig_pilot/seq_pilot/eval/M0/images/horse_literal_2_seed101.jpg,0ce7b29b303da857,0.9862,1,1,1,1,horse,0.9862
17,untouched,M0,,horse,horse_literal_2,literal,2,202,/data/bijaypandey/cuig_pilot/seq_pilot/eval/M0/images/horse_literal_2_seed202.jpg,727279980f54cb4e,0.3561,1,0,0,11,person,0.7183
17,untouched,M0,,horse,horse_literal_2,literal,2,303,/data/bijaypandey/cuig_pilot/seq_pilot/eval/M0/images/horse_literal_2_seed303.jpg,f9ed30e96eb9bdbc,0.8276,1,1,1,4,horse,0.8276
17,untouched,M0,,horse,horse_literal_2,literal,2,404,/data/bijaypandey/cuig_pilot/seq_pilot/eval/M0/images/horse_literal_2_seed404.jpg,f0b95b37eb646769,0.6720,1,1,0,6,horse,0.6720
17,untouched,M0,,horse,horse_literal_3,literal,3,101,/data/bijaypandey/cuig_pilot/seq_pilot/eval/M0/images/horse_literal_3_seed101.jpg,6524e5b38ec2c160,0.9997,1,1,1,2,horse,0.9997
17,untouched,M0,,horse,horse_literal_3,literal,3,202,/data/bijaypandey/cuig_pilot/seq_pilot/eval/M0/images/horse_literal_3_seed202.jpg,c34665753009ca4a,0.9994,1,1,1,1,horse,0.9994
17,untouched,M0,,horse,horse_literal_3,literal,3,303,/data/bijaypandey/cuig_pilot/seq_pilot/eval/M0/images/horse_literal_3_seed303.jpg,ced4910989bbaae0,0.9997,1,1,1,2,horse,0.9997
17,untouched,M0,,horse,horse_literal_3,literal,3,404,/data/bijaypandey/cuig_pilot/seq_pilot/eval/M0/images/horse_literal_3_seed404.jpg,efef868bd1a1d0e4,0.9996,1,1,1,1,horse,0.9996
17,untouched,M0,,horse,horse_literal_4,literal,4,101,/data/bijaypandey/cuig_pilot/seq_pilot/eval/M0/images/horse_literal_4_seed101.jpg,1f985c0a06a186bf,0.9996,1,1,1,1,horse,0.9996
17,untouched,M0,,horse,horse_literal_4,literal,4,202,/data/bijaypandey/cuig_pilot/seq_pilot/eval/M0/images/horse_literal_4_seed202.jpg,4bdacede52345569,0.9996,1,1,1,2,horse,0.9996
17,untouched,M0,,horse,horse_literal_4,literal,4,303,/data/bijaypandey/cuig_pilot/seq_pilot/eval/M0/images/horse_literal_4_seed303.jpg,2191966ccf0c526d,0.9994,1,1,1,1,horse,0.9994
17,untouched,M0,,horse,horse_literal_4,literal,4,404,/data/bijaypandey/cuig_pilot/seq_pilot/eval/M0/images/horse_literal_4_seed404.jpg,b149b87fea1adb7b,0.0000,0,0,0,0,,0.0000
17,untouched,M0,,horse,horse_paraphrase_0,paraphrase,0,101,/data/bijaypandey/cuig_pilot/seq_pilot/eval/M0/images/horse_paraphrase_0_seed101.jpg,4d0c070b7f379f29,0.9998,1,1,1,1,horse,0.9998
17,untouched,M0,,horse,horse_paraphrase_0,paraphrase,0,202,/data/bijaypandey/cuig_pilot/seq_pilot/eval/M0/images/horse_paraphrase_0_seed202.jpg,1d3e366b4515e4c4,0.9992,1,1,1,2,horse,0.9992
17,untouched,M0,,horse,horse_paraphrase_0,paraphrase,0,303,/data/bijaypandey/cuig_pilot/seq_pilot/eval/M0/images/horse_paraphrase_0_seed303.jpg,262844940aec71a8,0.9991,1,1,1,9,horse,0.9991
17,untouched,M0,,horse,horse_paraphrase_0,paraphrase,0,404,/data/bijaypandey/cuig_pilot/seq_pilot/eval/M0/images/horse_paraphrase_0_seed404.jpg,1d0689c049c7bdd3,0.9868,1,1,1,3,horse,0.9868
17,untouched,M0,,horse,horse_paraphrase_1,paraphrase,1,101,/data/bijaypandey/cuig_pilot/seq_pilot/eval/M0/images/horse_paraphrase_1_seed101.jpg,22568086e44f7256,0.9988,1,1,1,2,horse,0.9988
17,untouched,M0,,horse,horse_paraphrase_1,paraphrase,1,202,/data/bijaypandey/cuig_pilot/seq_pilot/eval/M0/images/horse_paraphrase_1_seed202.jpg,ba6542f630868a7f,0.9994,1,1,1,8,horse,0.9994
17,untouched,M0,,horse,horse_paraphrase_1,paraphrase,1,303,/data/bijaypandey/cuig_pilot/seq_pilot/eval/M0/images/horse_paraphrase_1_seed303.jpg,4507e057abab207c,0.9999,1,1,1,1,horse,0.9999
17,untouched,M0,,horse,horse_paraphrase_1,paraphrase,1,404,/data/bijaypandey/cuig_pilot/seq_pilot/eval/M0/images/horse_paraphrase_1_seed404.jpg,8c260a7ed89def6e,0.9996,1,1,1,3,horse,0.9996
17,untouched,M0,,horse,horse_paraphrase_2,paraphrase,2,101,/data/bijaypandey/cuig_pilot/seq_pilot/eval/M0/images/horse_paraphrase_2_seed101.jpg,8ad7414594250b00,0.9968,1,1,1,2,horse,0.9968
17,untouched,M0,,horse,horse_paraphrase_2,paraphrase,2,202,/data/bijaypandey/cuig_pilot/seq_pilot/eval/M0/images/horse_paraphrase_2_seed202.jpg,5b06d7d510b3281e,0.9935,1,1,1,1,horse,0.9935
17,untouched,M0,,horse,horse_paraphrase_2,paraphrase,2,303,/data/bijaypandey/cuig_pilot/seq_pilot/eval/M0/images/horse_paraphrase_2_seed303.jpg,425043cdfc3f1a2c,0.9990,1,1,1,4,horse,0.9990
17,untouched,M0,,horse,horse_paraphrase_2,paraphrase,2,404,/data/bijaypandey/cuig_pilot/seq_pilot/eval/M0/images/horse_paraphrase_2_seed404.jpg,28241b89d2e4bd8c,0.9534,1,1,1,3,horse,0.9534
17,untouched,M0,,horse,horse_paraphrase_3,paraphrase,3,101,/data/bijaypandey/cuig_pilot/seq_pilot/eval/M0/images/horse_paraphrase_3_seed101.jpg,9a0171906273e077,0.9953,1,1,1,2,horse,0.9953
17,untouched,M0,,horse,horse_paraphrase_3,paraphrase,3,202,/data/bijaypandey/cuig_pilot/seq_pilot/eval/M0/images/horse_paraphrase_3_seed202.jpg,7f71c5ae61221602,0.9985,1,1,1,1,horse,0.9985
17,untouched,M0,,horse,horse_paraphrase_3,paraphrase,3,303,/data/bijaypandey/cuig_pilot/seq_pilot/eval/M0/images/horse_paraphrase_3_seed303.jpg,ff9d69e30afb6f5d,0.9934,1,1,1,2,horse,0.9934
17,untouched,M0,,horse,horse_paraphrase_3,paraphrase,3,404,/data/bijaypandey/cuig_pilot/seq_pilot/eval/M0/images/horse_paraphrase_3_seed404.jpg,5c1dd8b2bb105b1c,0.9993,1,1,1,1,horse,0.9993
17,untouched,M0,,horse,horse_paraphrase_4,paraphrase,4,101,/data/bijaypandey/cuig_pilot/seq_pilot/eval/M0/images/horse_paraphrase_4_seed101.jpg,e1a4e4169af82904,0.9991,1,1,1,1,horse,0.9991
17,untouched,M0,,horse,horse_paraphrase_4,paraphrase,4,202,/data/bijaypandey/cuig_pilot/seq_pilot/eval/M0/images/horse_paraphrase_4_seed202.jpg,75610abe98a422e1,0.9966,1,1,1,2,horse,0.9966
17,untouched,M0,,horse,horse_paraphrase_4,paraphrase,4,303,/data/bijaypandey/cuig_pilot/seq_pilot/eval/M0/images/horse_paraphrase_4_seed303.jpg,a8efb108ffed0a02,0.9989,1,1,1,2,horse,0.9989
17,untouched,M0,,horse,horse_paraphrase_4,paraphrase,4,404,/data/bijaypandey/cuig_pilot/seq_pilot/eval/M0/images/horse_paraphrase_4_seed404.jpg,068fff48029fb3e8,0.9991,1,1,1,1,horse,0.9991
17,untouched,M0,,bird,bird_literal_0,literal,0,101,/data/bijaypandey/cuig_pilot/seq_pilot/eval/M0/images/bird_literal_0_seed101.jpg,e7ed943035da82c0,0.9991,1,1,1,8,bird,0.9991
17,untouched,M0,,bird,bird_literal_0,literal,0,202,/data/bijaypandey/cuig_pilot/seq_pilot/eval/M0/images/bird_literal_0_seed202.jpg,00c3b49e24e65572,0.9995,1,1,1,3,bird,0.9995
17,untouched,M0,,bird,bird_literal_0,literal,0,303,/data/bijaypandey/cuig_pilot/seq_pilot/eval/M0/images/bird_literal_0_seed303.jpg,7ab493ece4f4aeb7,0.9933,1,1,1,7,bird,0.9933
17,untouched,M0,,bird,bird_literal_0,literal,0,404,/data/bijaypandey/cuig_pilot/seq_pilot/eval/M0/images/bird_literal_0_seed404.jpg,61876dbfaac98b70,0.9993,1,1,1,1,bird,0.9993
17,untouched,M0,,bird,bird_literal_1,literal,1,101,/data/bijaypandey/cuig_pilot/seq_pilot/eval/M0/images/bird_literal_1_seed101.jpg,1fade15a635c3e49,0.9962,1,1,1,4,bird,0.9962
17,untouched,M0,,bird,bird_literal_1,literal,1,202,/data/bijaypandey/cuig_pilot/seq_pilot/eval/M0/images/bird_literal_1_seed202.jpg,160a02f3051bb9e8,0.9992,1,1,1,2,bird,0.9992
17,untouched,M0,,bird,bird_literal_1,literal,1,303,/data/bijaypandey/cuig_pilot/seq_pilot/eval/M0/images/bird_literal_1_seed303.jpg,0f34ca189ca8280c,0.9989,1,1,1,2,bird,0.9989
17,untouched,M0,,bird,bird_literal_1,literal,1,404,/data/bijaypandey/cuig_pilot/seq_pilot/eval/M0/images/bird_literal_1_seed404.jpg,c00ad38a3aa02602,0.9993,1,1,1,1,bird,0.9993
17,untouched,M0,,bird,bird_literal_2,literal,2,101,/data/bijaypandey/cuig_pilot/seq_pilot/eval/M0/images/bird_literal_2_seed101.jpg,b8b7ab106b6ef951,0.0000,0,0,0,0,,0.0000
17,untouched,M0,,bird,bird_literal_2,literal,2,202,/data/bijaypandey/cuig_pilot/seq_pilot/eval/M0/images/bird_literal_2_seed202.jpg,389795a4280cb14c,0.9983,1,1,1,4,bird,0.9983
17,untouched,M0,,bird,bird_literal_2,literal,2,303,/data/bijaypandey/cuig_pilot/seq_pilot/eval/M0/images/bird_literal_2_seed303.jpg,490c3ebfa5a06502,0.0000,0,0,0,3,vase,0.1188
17,untouched,M0,,bird,bird_literal_2,literal,2,404,/data/bijaypandey/cuig_pilot/seq_pilot/eval/M0/images/bird_literal_2_seed404.jpg,21bfb99d2eb5e23e,0.9942,1,1,1,3,bird,0.9942
17,untouched,M0,,bird,bird_literal_3,literal,3,101,/data/bijaypandey/cuig_pilot/seq_pilot/eval/M0/images/bird_literal_3_seed101.jpg,52c70dd40d31666d,0.9878,1,1,1,3,bird,0.9878
17,untouched,M0,,bird,bird_literal_3,literal,3,202,/data/bijaypandey/cuig_pilot/seq_pilot/eval/M0/images/bird_literal_3_seed202.jpg,98fdf34033f0aa4e,0.9984,1,1,1,1,bird,0.9984
17,untouched,M0,,bird,bird_literal_3,literal,3,303,/data/bijaypandey/cuig_pilot/seq_pilot/eval/M0/images/bird_literal_3_seed303.jpg,ecfde942f32f0d57,0.9923,1,1,1,3,bird,0.9923
17,untouched,M0,,bird,bird_literal_3,literal,3,404,/data/bijaypandey/cuig_pilot/seq_pilot/eval/M0/images/bird_literal_3_seed404.jpg,462dfc170805c1f1,0.9858,1,1,1,9,bird,0.9858
17,untouched,M0,,bird,bird_literal_4,literal,4,101,/data/bijaypandey/cuig_pilot/seq_pilot/eval/M0/images/bird_literal_4_seed101.jpg,d68a1d3d8b09f2f7,0.9971,1,1,1,7,bird,0.9971
17,untouched,M0,,bird,bird_literal_4,literal,4,202,/data/bijaypandey/cuig_pilot/seq_pilot/eval/M0/images/bird_literal_4_seed202.jpg,d50d725116e5abfd,0.9992,1,1,1,4,bird,0.9992
17,untouched,M0,,bird,bird_literal_4,literal,4,303,/data/bijaypandey/cuig_pilot/seq_pilot/eval/M0/images/bird_literal_4_seed303.jpg,d4534df43af6006f,0.9940,1,1,1,2,bird,0.9940
17,untouched,M0,,bird,bird_literal_4,literal,4,404,/data/bijaypandey/cuig_pilot/seq_pilot/eval/M0/images/bird_literal_4_seed404.jpg,2e074f9c0a3a200c,0.9867,1,1,1,3,bird,0.9867
17,untouched,M0,,bird,bird_paraphrase_0,paraphrase,0,101,/data/bijaypandey/cuig_pilot/seq_pilot/eval/M0/images/bird_paraphrase_0_seed101.jpg,a9c50c5eb3f88063,0.9309,1,1,1,9,bird,0.9309
17,untouched,M0,,bird,bird_paraphrase_0,paraphrase,0,202,/data/bijaypandey/cuig_pilot/seq_pilot/eval/M0/images/bird_paraphrase_0_seed202.jpg,ce02dbab862fa023,0.9960,1,1,1,6,bird,0.9960
17,untouched,M0,,bird,bird_paraphrase_0,paraphrase,0,303,/data/bijaypandey/cuig_pilot/seq_pilot/eval/M0/images/bird_paraphrase_0_seed303.jpg,92566955b9b231b2,0.9994,1,1,1,2,bird,0.9994
17,untouched,M0,,bird,bird_paraphrase_0,paraphrase,0,404,/data/bijaypandey/cuig_pilot/seq_pilot/eval/M0/images/bird_paraphrase_0_seed404.jpg,a79849ae42bbecb5,0.9613,1,1,1,8,bird,0.9613
17,untouched,M0,,bird,bird_paraphrase_1,paraphrase,1,101,/data/bijaypandey/cuig_pilot/seq_pilot/eval/M0/images/bird_paraphrase_1_seed101.jpg,25e4e7b5d2460f9c,0.9982,1,1,1,6,bird,0.9982
17,untouched,M0,,bird,bird_paraphrase_1,paraphrase,1,202,/data/bijaypandey/cuig_pilot/seq_pilot/eval/M0/images/bird_paraphrase_1_seed202.jpg,98f3c54da18d4a74,0.9987,1,1,1,8,bird,0.9987
17,untouched,M0,,bird,bird_paraphrase_1,paraphrase,1,303,/data/bijaypandey/cuig_pilot/seq_pilot/eval/M0/images/bird_paraphrase_1_seed303.jpg,44c285cdfaf40085,0.9993,1,1,1,11,bird,0.9993
17,untouched,M0,,bird,bird_paraphrase_1,paraphrase,1,404,/data/bijaypandey/cuig_pilot/seq_pilot/eval/M0/images/bird_paraphrase_1_seed404.jpg,5ad787aff3043877,0.9994,1,1,1,1,bird,0.9994
17,untouched,M0,,bird,bird_paraphrase_2,paraphrase,2,101,/data/bijaypandey/cuig_pilot/seq_pilot/eval/M0/images/bird_paraphrase_2_seed101.jpg,3c2557085f0051dc,0.9962,1,1,1,1,bird,0.9962
17,untouched,M0,,bird,bird_paraphrase_2,paraphrase,2,202,/data/bijaypandey/cuig_pilot/seq_pilot/eval/M0/images/bird_paraphrase_2_seed202.jpg,73f297877efae703,0.9502,1,1,1,9,bird,0.9502
17,untouched,M0,,bird,bird_paraphrase_2,paraphrase,2,303,/data/bijaypandey/cuig_pilot/seq_pilot/eval/M0/images/bird_paraphrase_2_seed303.jpg,9cb21f94f13c8b60,0.9974,1,1,1,5,bird,0.9974
17,untouched,M0,,bird,bird_paraphrase_2,paraphrase,2,404,/data/bijaypandey/cuig_pilot/seq_pilot/eval/M0/images/bird_paraphrase_2_seed404.jpg,bb6819f8b70ec9c2,0.2207,0,0,0,6,elephant,0.4109
17,untouched,M0,,bird,bird_paraphrase_3,paraphrase,3,101,/data/bijaypandey/cuig_pilot/seq_pilot/eval/M0/images/bird_paraphrase_3_seed101.jpg,c0773ee64a9c3445,0.9985,1,1,1,100,bird,0.9985
17,untouched,M0,,bird,bird_paraphrase_3,paraphrase,3,202,/data/bijaypandey/cuig_pilot/seq_pilot/eval/M0/images/bird_paraphrase_3_seed202.jpg,8e5a6a8ccc553834,0.9981,1,1,1,11,bird,0.9981
17,untouched,M0,,bird,bird_paraphrase_3,paraphrase,3,303,/data/bijaypandey/cuig_pilot/seq_pilot/eval/M0/images/bird_paraphrase_3_seed303.jpg,97f713640895cd66,0.9731,1,1,1,9,bird,0.9731
17,untouched,M0,,bird,bird_paraphrase_3,paraphrase,3,404,/data/bijaypandey/cuig_pilot/seq_pilot/eval/M0/images/bird_paraphrase_3_seed404.jpg,189721a8adf9f08e,0.9958,1,1,1,16,bird,0.9958
17,untouched,M0,,bird,bird_paraphrase_4,paraphrase,4,101,/data/bijaypandey/cuig_pilot/seq_pilot/eval/M0/images/bird_paraphrase_4_seed101.jpg,5a04b3391c0ad00e,0.9287,1,1,1,7,bird,0.9287
17,untouched,M0,,bird,bird_paraphrase_4,paraphrase,4,202,/data/bijaypandey/cuig_pilot/seq_pilot/eval/M0/images/bird_paraphrase_4_seed202.jpg,001ff5492ceeec39,0.8732,1,1,1,17,bird,0.8732
17,untouched,M0,,bird,bird_paraphrase_4,paraphrase,4,303,/data/bijaypandey/cuig_pilot/seq_pilot/eval/M0/images/bird_paraphrase_4_seed303.jpg,0710b692bab398af,0.5406,1,1,0,5,potted plant,0.7703
17,untouched,M0,,bird,bird_paraphrase_4,paraphrase,4,404,/data/bijaypandey/cuig_pilot/seq_pilot/eval/M0/images/bird_paraphrase_4_seed404.jpg,cb1ee5461503c11f,0.9323,1,1,1,4,bird,0.9323
17,untouched,M0,,chair,chair_literal_0,literal,0,101,/data/bijaypandey/cuig_pilot/seq_pilot/eval/M0/images/chair_literal_0_seed101.jpg,e4d7b9277557e531,0.9940,1,1,1,7,chair,0.9940
17,untouched,M0,,chair,chair_literal_0,literal,0,202,/data/bijaypandey/cuig_pilot/seq_pilot/eval/M0/images/chair_literal_0_seed202.jpg,806d49e2286fe819,0.9992,1,1,1,1,chair,0.9992
17,untouched,M0,,chair,chair_literal_0,literal,0,303,/data/bijaypandey/cuig_pilot/seq_pilot/eval/M0/images/chair_literal_0_seed303.jpg,5756a2ef5d1a9d3d,0.9991,1,1,1,3,chair,0.9991
17,untouched,M0,,chair,chair_literal_0,literal,0,404,/data/bijaypandey/cuig_pilot/seq_pilot/eval/M0/images/chair_literal_0_seed404.jpg,f8be676ff9a29599,0.9673,1,1,1,6,chair,0.9673
17,untouched,M0,,chair,chair_literal_1,literal,1,101,/data/bijaypandey/cuig_pilot/seq_pilot/eval/M0/images/chair_literal_1_seed101.jpg,415af8fc737d3251,0.8216,1,1,1,11,chair,0.8216
17,untouched,M0,,chair,chair_literal_1,literal,1,202,/data/bijaypandey/cuig_pilot/seq_pilot/eval/M0/images/chair_literal_1_seed202.jpg,46541e2849d069c3,0.9538,1,1,1,6,chair,0.9538
17,untouched,M0,,chair,chair_literal_1,literal,1,303,/data/bijaypandey/cuig_pilot/seq_pilot/eval/M0/images/chair_literal_1_seed303.jpg,b7d55eb7e4b45a4c,0.9891,1,1,1,5,chair,0.9891
17,untouched,M0,,chair,chair_literal_1,literal,1,404,/data/bijaypandey/cuig_pilot/seq_pilot/eval/M0/images/chair_literal_1_seed404.jpg,184015490ee10545,0.9697,1,1,1,12,chair,0.9697
17,untouched,M0,,chair,chair_literal_2,literal,2,101,/data/bijaypandey/cuig_pilot/seq_pilot/eval/M0/images/chair_literal_2_seed101.jpg,e15cd12f481a5193,0.9388,1,1,1,26,chair,0.9388
17,untouched,M0,,chair,chair_literal_2,literal,2,202,/data/bijaypandey/cuig_pilot/seq_pilot/eval/M0/images/chair_literal_2_seed202.jpg,42f3fa427d019403,0.9816,1,1,1,25,chair,0.9816
17,untouched,M0,,chair,chair_literal_2,literal,2,303,/data/bijaypandey/cuig_pilot/seq_pilot/eval/M0/images/chair_literal_2_seed303.jpg,48d13bcc18c7079e,0.9888,1,1,1,19,chair,0.9888
17,untouched,M0,,chair,chair_literal_2,literal,2,404,/data/bijaypandey/cuig_pilot/seq_pilot/eval/M0/images/chair_literal_2_seed404.jpg,8c08c400eed29b4b,0.9967,1,1,1,11,chair,0.9967
17,untouched,M0,,chair,chair_literal_3,literal,3,101,/data/bijaypandey/cuig_pilot/seq_pilot/eval/M0/images/chair_literal_3_seed101.jpg,2d67a591322fd2c9,0.9970,1,1,1,7,chair,0.9970
17,untouched,M0,,chair,chair_literal_3,literal,3,202,/data/bijaypandey/cuig_pilot/seq_pilot/eval/M0/images/chair_literal_3_seed202.jpg,46558887013a40cf,0.9958,1,1,1,24,chair,0.9958
17,untouched,M0,,chair,chair_literal_3,literal,3,303,/data/bijaypandey/cuig_pilot/seq_pilot/eval/M0/images/chair_literal_3_seed303.jpg,bce1c3bc0b11c532,0.8940,1,1,1,5,chair,0.8940
17,untouched,M0,,chair,chair_literal_3,literal,3,404,/data/bijaypandey/cuig_pilot/seq_pilot/eval/M0/images/chair_literal_3_seed404.jpg,296841d1c9a39588,0.0993,0,0,0,3,couch,0.9592
17,untouched,M0,,chair,chair_literal_4,literal,4,101,/data/bijaypandey/cuig_pilot/seq_pilot/eval/M0/images/chair_literal_4_seed101.jpg,5aec22e0fd7e6104,0.9980,1,1,1,1,chair,0.9980
17,untouched,M0,,chair,chair_literal_4,literal,4,202,/data/bijaypandey/cuig_pilot/seq_pilot/eval/M0/images/chair_literal_4_seed202.jpg,728c5a0179ca0faf,0.9939,1,1,1,5,chair,0.9939
17,untouched,M0,,chair,chair_literal_4,literal,4,303,/data/bijaypandey/cuig_pilot/seq_pilot/eval/M0/images/chair_literal_4_seed303.jpg,d93e13c00cbde8d3,0.9903,1,1,1,3,chair,0.9903
17,untouched,M0,,chair,chair_literal_4,literal,4,404,/data/bijaypandey/cuig_pilot/seq_pilot/eval/M0/images/chair_literal_4_seed404.jpg,8154249eb8566c1f,0.9977,1,1,1,3,chair,0.9977
17,untouched,M0,,chair,chair_paraphrase_0,paraphrase,0,101,/data/bijaypandey/cuig_pilot/seq_pilot/eval/M0/images/chair_paraphrase_0_seed101.jpg,c17d8e2df64ff96a,0.7823,1,1,1,7,chair,0.7823
17,untouched,M0,,chair,chair_paraphrase_0,paraphrase,0,202,/data/bijaypandey/cuig_pilot/seq_pilot/eval/M0/images/chair_paraphrase_0_seed202.jpg,41d96cfad499c6c5,0.9746,1,1,1,13,chair,0.9746
17,untouched,M0,,chair,chair_paraphrase_0,paraphrase,0,303,/data/bijaypandey/cuig_pilot/seq_pilot/eval/M0/images/chair_paraphrase_0_seed303.jpg,8cc7922b239430d6,0.9119,1,1,1,11,chair,0.9119
17,untouched,M0,,chair,chair_paraphrase_0,paraphrase,0,404,/data/bijaypandey/cuig_pilot/seq_pilot/eval/M0/images/chair_paraphrase_0_seed404.jpg,ad94ab7d83d81425,0.9963,1,1,1,11,chair,0.9963
17,untouched,M0,,chair,chair_paraphrase_1,paraphrase,1,101,/data/bijaypandey/cuig_pilot/seq_pilot/eval/M0/images/chair_paraphrase_1_seed101.jpg,af9047eb51e2d679,0.9396,1,1,1,10,chair,0.9396
17,untouched,M0,,chair,chair_paraphrase_1,paraphrase,1,202,/data/bijaypandey/cuig_pilot/seq_pilot/eval/M0/images/chair_paraphrase_1_seed202.jpg,f7db9c660795475f,0.8875,1,1,1,10,bench,0.9173
17,untouched,M0,,chair,chair_paraphrase_1,paraphrase,1,303,/data/bijaypandey/cuig_pilot/seq_pilot/eval/M0/images/chair_paraphrase_1_seed303.jpg,7ec3666fb3d3a997,0.9108,1,1,1,10,chair,0.9108
17,untouched,M0,,chair,chair_paraphrase_1,paraphrase,1,404,/data/bijaypandey/cuig_pilot/seq_pilot/eval/M0/images/chair_paraphrase_1_seed404.jpg,e2245f407810fe2e,0.8894,1,1,1,8,chair,0.8894
17,untouched,M0,,chair,chair_paraphrase_2,paraphrase,2,101,/data/bijaypandey/cuig_pilot/seq_pilot/eval/M0/images/chair_paraphrase_2_seed101.jpg,94ff3f6b8f951c79,0.9924,1,1,1,11,chair,0.9924
17,untouched,M0,,chair,chair_paraphrase_2,paraphrase,2,202,/data/bijaypandey/cuig_pilot/seq_pilot/eval/M0/images/chair_paraphrase_2_seed202.jpg,cf5b1c5f4daf1e5c,0.9063,1,1,1,9,chair,0.9063
17,untouched,M0,,chair,chair_paraphrase_2,paraphrase,2,303,/data/bijaypandey/cuig_pilot/seq_pilot/eval/M0/images/chair_paraphrase_2_seed303.jpg,e2aaaa307738b71a,0.9773,1,1,1,47,chair,0.9773
17,untouched,M0,,chair,chair_paraphrase_2,paraphrase,2,404,/data/bijaypandey/cuig_pilot/seq_pilot/eval/M0/images/chair_paraphrase_2_seed404.jpg,6e30aa6a99d84c2a,0.9877,1,1,1,7,chair,0.9877
17,untouched,M0,,chair,chair_paraphrase_3,paraphrase,3,101,/data/bijaypandey/cuig_pilot/seq_pilot/eval/M0/images/chair_paraphrase_3_seed101.jpg,caf1aec2dd58f8eb,0.3250,1,0,0,17,book,0.9015
17,untouched,M0,,chair,chair_paraphrase_3,paraphrase,3,202,/data/bijaypandey/cuig_pilot/seq_pilot/eval/M0/images/chair_paraphrase_3_seed202.jpg,94cf6b448978d35c,0.4550,1,0,0,3,bench,0.8811
17,untouched,M0,,chair,chair_paraphrase_3,paraphrase,3,303,/data/bijaypandey/cuig_pilot/seq_pilot/eval/M0/images/chair_paraphrase_3_seed303.jpg,f51494b0b8c6b9bb,0.9834,1,1,1,25,dining table,0.9883
17,untouched,M0,,chair,chair_paraphrase_3,paraphrase,3,404,/data/bijaypandey/cuig_pilot/seq_pilot/eval/M0/images/chair_paraphrase_3_seed404.jpg,acd6136ffd1f935a,0.0000,0,0,0,4,bench,0.7183
17,untouched,M0,,chair,chair_paraphrase_4,paraphrase,4,101,/data/bijaypandey/cuig_pilot/seq_pilot/eval/M0/images/chair_paraphrase_4_seed101.jpg,99ef57adaac89a5c,0.9977,1,1,1,7,chair,0.9977
17,untouched,M0,,chair,chair_paraphrase_4,paraphrase,4,202,/data/bijaypandey/cuig_pilot/seq_pilot/eval/M0/images/chair_paraphrase_4_seed202.jpg,7e8c477cc91af9a3,0.9935,1,1,1,14,chair,0.9935
17,untouched,M0,,chair,chair_paraphrase_4,paraphrase,4,303,/data/bijaypandey/cuig_pilot/seq_pilot/eval/M0/images/chair_paraphrase_4_seed303.jpg,ae820a38bcb458fb,0.9989,1,1,1,12,chair,0.9989
17,untouched,M0,,chair,chair_paraphrase_4,paraphrase,4,404,/data/bijaypandey/cuig_pilot/seq_pilot/eval/M0/images/chair_paraphrase_4_seed404.jpg,cf4140d70b47dfe2,0.9826,1,1,1,2,chair,0.9826
17,untouched,M0,,bicycle,bicycle_literal_0,literal,0,101,/data/bijaypandey/cuig_pilot/seq_pilot/eval/M0/images/bicycle_literal_0_seed101.jpg,2f50e8edea8641e2,0.9983,1,1,1,2,bicycle,0.9983
17,untouched,M0,,bicycle,bicycle_literal_0,literal,0,202,/data/bijaypandey/cuig_pilot/seq_pilot/eval/M0/images/bicycle_literal_0_seed202.jpg,c31f2b23fb834ba9,0.9929,1,1,1,5,bicycle,0.9929
17,untouched,M0,,bicycle,bicycle_literal_0,literal,0,303,/data/bijaypandey/cuig_pilot/seq_pilot/eval/M0/images/bicycle_literal_0_seed303.jpg,270e7aa8dfebd697,0.9931,1,1,1,1,bicycle,0.9931
17,untouched,M0,,bicycle,bicycle_literal_0,literal,0,404,/data/bijaypandey/cuig_pilot/seq_pilot/eval/M0/images/bicycle_literal_0_seed404.jpg,14bb814c7366649c,0.9977,1,1,1,3,bicycle,0.9977
17,untouched,M0,,bicycle,bicycle_literal_1,literal,1,101,/data/bijaypandey/cuig_pilot/seq_pilot/eval/M0/images/bicycle_literal_1_seed101.jpg,975f12bd6cd6c7a0,0.9886,1,1,1,17,bicycle,0.9886
17,untouched,M0,,bicycle,bicycle_literal_1,literal,1,202,/data/bijaypandey/cuig_pilot/seq_pilot/eval/M0/images/bicycle_literal_1_seed202.jpg,5b9c3da99557a93c,0.9980,1,1,1,7,bicycle,0.9980
17,untouched,M0,,bicycle,bicycle_literal_1,literal,1,303,/data/bijaypandey/cuig_pilot/seq_pilot/eval/M0/images/bicycle_literal_1_seed303.jpg,3cf330c1c58e6851,0.9990,1,1,1,9,bicycle,0.9990
17,untouched,M0,,bicycle,bicycle_literal_1,literal,1,404,/data/bijaypandey/cuig_pilot/seq_pilot/eval/M0/images/bicycle_literal_1_seed404.jpg,c0e87c3a30af84cb,0.9995,1,1,1,2,bicycle,0.9995
17,untouched,M0,,bicycle,bicycle_literal_2,literal,2,101,/data/bijaypandey/cuig_pilot/seq_pilot/eval/M0/images/bicycle_literal_2_seed101.jpg,e8573303430f608e,0.9970,1,1,1,2,bicycle,0.9970
17,untouched,M0,,bicycle,bicycle_literal_2,literal,2,202,/data/bijaypandey/cuig_pilot/seq_pilot/eval/M0/images/bicycle_literal_2_seed202.jpg,a5c41d0d4bc39065,0.9919,1,1,1,6,bicycle,0.9919
17,untouched,M0,,bicycle,bicycle_literal_2,literal,2,303,/data/bijaypandey/cuig_pilot/seq_pilot/eval/M0/images/bicycle_literal_2_seed303.jpg,6de8025ac9eca68f,0.9996,1,1,1,3,bicycle,0.9996
17,untouched,M0,,bicycle,bicycle_literal_2,literal,2,404,/data/bijaypandey/cuig_pilot/seq_pilot/eval/M0/images/bicycle_literal_2_seed404.jpg,d53545fce965bb11,0.9931,1,1,1,4,bicycle,0.9931
17,untouched,M0,,bicycle,bicycle_literal_3,literal,3,101,/data/bijaypandey/cuig_pilot/seq_pilot/eval/M0/images/bicycle_literal_3_seed101.jpg,e962dc3b465e3eff,0.3676,1,0,0,21,bench,0.9593
17,untouched,M0,,bicycle,bicycle_literal_3,literal,3,202,/data/bijaypandey/cuig_pilot/seq_pilot/eval/M0/images/bicycle_literal_3_seed202.jpg,aa0c423932a4a5b0,0.9893,1,1,1,17,bicycle,0.9893
17,untouched,M0,,bicycle,bicycle_literal_3,literal,3,303,/data/bijaypandey/cuig_pilot/seq_pilot/eval/M0/images/bicycle_literal_3_seed303.jpg,d1e2ba587f1a5714,0.1316,0,0,0,26,person,0.9096
17,untouched,M0,,bicycle,bicycle_literal_3,literal,3,404,/data/bijaypandey/cuig_pilot/seq_pilot/eval/M0/images/bicycle_literal_3_seed404.jpg,5f0e1d032196f94d,0.0629,0,0,0,6,chair,0.8918
17,untouched,M0,,bicycle,bicycle_literal_4,literal,4,101,/data/bijaypandey/cuig_pilot/seq_pilot/eval/M0/images/bicycle_literal_4_seed101.jpg,4cb25107ae4a8699,0.9962,1,1,1,6,bicycle,0.9962
17,untouched,M0,,bicycle,bicycle_literal_4,literal,4,202,/data/bijaypandey/cuig_pilot/seq_pilot/eval/M0/images/bicycle_literal_4_seed202.jpg,0471b62853a1c2be,0.9993,1,1,1,5,bicycle,0.9993
17,untouched,M0,,bicycle,bicycle_literal_4,literal,4,303,/data/bijaypandey/cuig_pilot/seq_pilot/eval/M0/images/bicycle_literal_4_seed303.jpg,203be190c2d41222,0.9990,1,1,1,1,bicycle,0.9990
17,untouched,M0,,bicycle,bicycle_literal_4,literal,4,404,/data/bijaypandey/cuig_pilot/seq_pilot/eval/M0/images/bicycle_literal_4_seed404.jpg,d955f3d92b66ec9d,0.9943,1,1,1,17,bicycle,0.9943
17,untouched,M0,,bicycle,bicycle_paraphrase_0,paraphrase,0,101,/data/bijaypandey/cuig_pilot/seq_pilot/eval/M0/images/bicycle_paraphrase_0_seed101.jpg,49eac306f7876f98,0.9970,1,1,1,5,bicycle,0.9970
17,untouched,M0,,bicycle,bicycle_paraphrase_0,paraphrase,0,202,/data/bijaypandey/cuig_pilot/seq_pilot/eval/M0/images/bicycle_paraphrase_0_seed202.jpg,53676478cb53f168,0.9963,1,1,1,10,bicycle,0.9963
17,untouched,M0,,bicycle,bicycle_paraphrase_0,paraphrase,0,303,/data/bijaypandey/cuig_pilot/seq_pilot/eval/M0/images/bicycle_paraphrase_0_seed303.jpg,f137752153b9c592,0.9980,1,1,1,5,bicycle,0.9980
17,untouched,M0,,bicycle,bicycle_paraphrase_0,paraphrase,0,404,/data/bijaypandey/cuig_pilot/seq_pilot/eval/M0/images/bicycle_paraphrase_0_seed404.jpg,fe6d433193f5e721,0.9837,1,1,1,10,person,0.9997
17,untouched,M0,,bicycle,bicycle_paraphrase_1,paraphrase,1,101,/data/bijaypandey/cuig_pilot/seq_pilot/eval/M0/images/bicycle_paraphrase_1_seed101.jpg,e1ac23cbf4bc4e33,0.9969,1,1,1,13,bicycle,0.9969
17,untouched,M0,,bicycle,bicycle_paraphrase_1,paraphrase,1,202,/data/bijaypandey/cuig_pilot/seq_pilot/eval/M0/images/bicycle_paraphrase_1_seed202.jpg,781585850957ae6a,0.9937,1,1,1,18,bicycle,0.9937
17,untouched,M0,,bicycle,bicycle_paraphrase_1,paraphrase,1,303,/data/bijaypandey/cuig_pilot/seq_pilot/eval/M0/images/bicycle_paraphrase_1_seed303.jpg,b67a88e9dc0f430d,0.9973,1,1,1,3,bicycle,0.9973
17,untouched,M0,,bicycle,bicycle_paraphrase_1,paraphrase,1,404,/data/bijaypandey/cuig_pilot/seq_pilot/eval/M0/images/bicycle_paraphrase_1_seed404.jpg,25f6412ddf142bde,0.9988,1,1,1,4,bicycle,0.9988
17,untouched,M0,,bicycle,bicycle_paraphrase_2,paraphrase,2,101,/data/bijaypandey/cuig_pilot/seq_pilot/eval/M0/images/bicycle_paraphrase_2_seed101.jpg,c2848426e16aabc7,0.9895,1,1,1,15,bicycle,0.9895
17,untouched,M0,,bicycle,bicycle_paraphrase_2,paraphrase,2,202,/data/bijaypandey/cuig_pilot/seq_pilot/eval/M0/images/bicycle_paraphrase_2_seed202.jpg,8578bfae547beb74,0.9944,1,1,1,7,person,0.9995
17,untouched,M0,,bicycle,bicycle_paraphrase_2,paraphrase,2,303,/data/bijaypandey/cuig_pilot/seq_pilot/eval/M0/images/bicycle_paraphrase_2_seed303.jpg,1fd03870b3487f5b,0.9660,1,1,1,4,bicycle,0.9660
17,untouched,M0,,bicycle,bicycle_paraphrase_2,paraphrase,2,404,/data/bijaypandey/cuig_pilot/seq_pilot/eval/M0/images/bicycle_paraphrase_2_seed404.jpg,b232a50dbe3a8e62,0.9948,1,1,1,5,bicycle,0.9948
17,untouched,M0,,bicycle,bicycle_paraphrase_3,paraphrase,3,101,/data/bijaypandey/cuig_pilot/seq_pilot/eval/M0/images/bicycle_paraphrase_3_seed101.jpg,9bcf8cdbcdfddaa7,0.9957,1,1,1,7,bicycle,0.9957
17,untouched,M0,,bicycle,bicycle_paraphrase_3,paraphrase,3,202,/data/bijaypandey/cuig_pilot/seq_pilot/eval/M0/images/bicycle_paraphrase_3_seed202.jpg,705d7e1f07532ff9,0.9969,1,1,1,7,bicycle,0.9969
17,untouched,M0,,bicycle,bicycle_paraphrase_3,paraphrase,3,303,/data/bijaypandey/cuig_pilot/seq_pilot/eval/M0/images/bicycle_paraphrase_3_seed303.jpg,212e4c5b8d7cff27,0.9962,1,1,1,6,bicycle,0.9962
17,untouched,M0,,bicycle,bicycle_paraphrase_3,paraphrase,3,404,/data/bijaypandey/cuig_pilot/seq_pilot/eval/M0/images/bicycle_paraphrase_3_seed404.jpg,df68a921a545d704,0.9977,1,1,1,23,bicycle,0.9977
17,untouched,M0,,bicycle,bicycle_paraphrase_4,paraphrase,4,101,/data/bijaypandey/cuig_pilot/seq_pilot/eval/M0/images/bicycle_paraphrase_4_seed101.jpg,4db836b01f1ca9c7,0.9582,1,1,1,7,bicycle,0.9582
17,untouched,M0,,bicycle,bicycle_paraphrase_4,paraphrase,4,202,/data/bijaypandey/cuig_pilot/seq_pilot/eval/M0/images/bicycle_paraphrase_4_seed202.jpg,bacf5a0367f7d101,0.1563,0,0,0,24,handbag,0.2623
17,untouched,M0,,bicycle,bicycle_paraphrase_4,paraphrase,4,303,/data/bijaypandey/cuig_pilot/seq_pilot/eval/M0/images/bicycle_paraphrase_4_seed303.jpg,4860d2446b47675a,0.5232,1,1,0,6,bicycle,0.5232
17,untouched,M0,,bicycle,bicycle_paraphrase_4,paraphrase,4,404,/data/bijaypandey/cuig_pilot/seq_pilot/eval/M0/images/bicycle_paraphrase_4_seed404.jpg,6d45735c9f45b253,0.9895,1,1,1,2,bicycle,0.9895
17,ConAbl,MA,M0,cat,cat_literal_0,literal,0,101,/data/bijaypandey/cuig_pilot/seq_pilot/eval/MA/images/cat_literal_0_seed101.jpg,69cef4067f389bf6,0.0000,0,0,0,4,horse,0.9322
17,ConAbl,MA,M0,cat,cat_literal_0,literal,0,202,/data/bijaypandey/cuig_pilot/seq_pilot/eval/MA/images/cat_literal_0_seed202.jpg,b0f5cc912bc25f96,0.9983,1,1,1,3,cat,0.9983
17,ConAbl,MA,M0,cat,cat_literal_0,literal,0,303,/data/bijaypandey/cuig_pilot/seq_pilot/eval/MA/images/cat_literal_0_seed303.jpg,8d86e9f4467ff6a7,0.0000,0,0,0,3,horse,0.9998
17,ConAbl,MA,M0,cat,cat_literal_0,literal,0,404,/data/bijaypandey/cuig_pilot/seq_pilot/eval/MA/images/cat_literal_0_seed404.jpg,7d2242efed01ff8c,0.0000,0,0,0,7,bench,0.8314
17,ConAbl,MA,M0,cat,cat_literal_1,literal,1,101,/data/bijaypandey/cuig_pilot/seq_pilot/eval/MA/images/cat_literal_1_seed101.jpg,6a1f1e84725618db,0.0515,0,0,0,3,horse,0.9821
17,ConAbl,MA,M0,cat,cat_literal_1,literal,1,202,/data/bijaypandey/cuig_pilot/seq_pilot/eval/MA/images/cat_literal_1_seed202.jpg,26cdeb6d74ef92ec,0.0000,0,0,0,3,horse,0.9610
17,ConAbl,MA,M0,cat,cat_literal_1,literal,1,303,/data/bijaypandey/cuig_pilot/seq_pilot/eval/MA/images/cat_literal_1_seed303.jpg,6286d8a05bf23199,0.2011,0,0,0,14,horse,0.9507
17,ConAbl,MA,M0,cat,cat_literal_1,literal,1,404,/data/bijaypandey/cuig_pilot/seq_pilot/eval/MA/images/cat_literal_1_seed404.jpg,05da170a27f85411,0.0000,0,0,0,7,horse,0.9495
17,ConAbl,MA,M0,cat,cat_literal_2,literal,2,101,/data/bijaypandey/cuig_pilot/seq_pilot/eval/MA/images/cat_literal_2_seed101.jpg,3d5314354510a8a2,0.0000,0,0,0,5,horse,0.9651
17,ConAbl,MA,M0,cat,cat_literal_2,literal,2,202,/data/bijaypandey/cuig_pilot/seq_pilot/eval/MA/images/cat_literal_2_seed202.jpg,10374d1b346a1feb,0.0000,0,0,0,7,horse,0.7666
17,ConAbl,MA,M0,cat,cat_literal_2,literal,2,303,/data/bijaypandey/cuig_pilot/seq_pilot/eval/MA/images/cat_literal_2_seed303.jpg,9534721d15bf8dc6,0.0000,0,0,0,5,horse,0.9947
17,ConAbl,MA,M0,cat,cat_literal_2,literal,2,404,/data/bijaypandey/cuig_pilot/seq_pilot/eval/MA/images/cat_literal_2_seed404.jpg,18b217c4400ffb48,0.0000,0,0,0,4,horse,0.9827
17,ConAbl,MA,M0,cat,cat_literal_3,literal,3,101,/data/bijaypandey/cuig_pilot/seq_pilot/eval/MA/images/cat_literal_3_seed101.jpg,562eb1463bd6d539,0.9818,1,1,1,17,cat,0.9818
17,ConAbl,MA,M0,cat,cat_literal_3,literal,3,202,/data/bijaypandey/cuig_pilot/seq_pilot/eval/MA/images/cat_literal_3_seed202.jpg,d0c3f3e77e196f36,0.2174,0,0,0,15,dog,0.8679
17,ConAbl,MA,M0,cat,cat_literal_3,literal,3,303,/data/bijaypandey/cuig_pilot/seq_pilot/eval/MA/images/cat_literal_3_seed303.jpg,0329a93ee99e44a0,0.8489,1,1,1,17,cat,0.8489
17,ConAbl,MA,M0,cat,cat_literal_3,literal,3,404,/data/bijaypandey/cuig_pilot/seq_pilot/eval/MA/images/cat_literal_3_seed404.jpg,0410b8eaace8e1a4,0.0000,0,0,0,17,horse,0.9440
17,ConAbl,MA,M0,cat,cat_literal_4,literal,4,101,/data/bijaypandey/cuig_pilot/seq_pilot/eval/MA/images/cat_literal_4_seed101.jpg,c87c1d779b9dc051,0.0000,0,0,0,1,horse,0.9995
17,ConAbl,MA,M0,cat,cat_literal_4,literal,4,202,/data/bijaypandey/cuig_pilot/seq_pilot/eval/MA/images/cat_literal_4_seed202.jpg,cfb8919fbb38929c,0.0000,0,0,0,1,horse,0.9997
17,ConAbl,MA,M0,cat,cat_literal_4,literal,4,303,/data/bijaypandey/cuig_pilot/seq_pilot/eval/MA/images/cat_literal_4_seed303.jpg,93d8be6b82e841e9,0.0000,0,0,0,3,horse,0.9993
17,ConAbl,MA,M0,cat,cat_literal_4,literal,4,404,/data/bijaypandey/cuig_pilot/seq_pilot/eval/MA/images/cat_literal_4_seed404.jpg,31ba97a4b7694c20,0.0000,0,0,0,1,horse,0.9996
17,ConAbl,MA,M0,cat,cat_paraphrase_0,paraphrase,0,101,/data/bijaypandey/cuig_pilot/seq_pilot/eval/MA/images/cat_paraphrase_0_seed101.jpg,9522316f7c107b5e,0.0000,0,0,0,3,horse,0.9992
17,ConAbl,MA,M0,cat,cat_paraphrase_0,paraphrase,0,202,/data/bijaypandey/cuig_pilot/seq_pilot/eval/MA/images/cat_paraphrase_0_seed202.jpg,8a904f6adee48986,0.0000,0,0,0,4,horse,0.9941
17,ConAbl,MA,M0,cat,cat_paraphrase_0,paraphrase,0,303,/data/bijaypandey/cuig_pilot/seq_pilot/eval/MA/images/cat_paraphrase_0_seed303.jpg,aa81171593669844,0.0000,0,0,0,4,horse,0.9547
17,ConAbl,MA,M0,cat,cat_paraphrase_0,paraphrase,0,404,/data/bijaypandey/cuig_pilot/seq_pilot/eval/MA/images/cat_paraphrase_0_seed404.jpg,0c4563016dfd264e,0.0000,0,0,0,4,horse,0.9983
17,ConAbl,MA,M0,cat,cat_paraphrase_1,paraphrase,1,101,/data/bijaypandey/cuig_pilot/seq_pilot/eval/MA/images/cat_paraphrase_1_seed101.jpg,37265a97cf4b0223,0.0000,0,0,0,3,horse,0.9912
17,ConAbl,MA,M0,cat,cat_paraphrase_1,paraphrase,1,202,/data/bijaypandey/cuig_pilot/seq_pilot/eval/MA/images/cat_paraphrase_1_seed202.jpg,339c04d39ce08699,0.1627,0,0,0,8,dog,0.9442
17,ConAbl,MA,M0,cat,cat_paraphrase_1,paraphrase,1,303,/data/bijaypandey/cuig_pilot/seq_pilot/eval/MA/images/cat_paraphrase_1_seed303.jpg,617a3a08ff3564e2,0.9450,1,1,1,4,cat,0.9450
17,ConAbl,MA,M0,cat,cat_paraphrase_1,paraphrase,1,404,/data/bijaypandey/cuig_pilot/seq_pilot/eval/MA/images/cat_paraphrase_1_seed404.jpg,47206c5f55df2d7d,0.9928,1,1,1,4,cat,0.9928
17,ConAbl,MA,M0,cat,cat_paraphrase_2,paraphrase,2,101,/data/bijaypandey/cuig_pilot/seq_pilot/eval/MA/images/cat_paraphrase_2_seed101.jpg,be4d12e4f191ef57,0.9980,1,1,1,5,cat,0.9980
17,ConAbl,MA,M0,cat,cat_paraphrase_2,paraphrase,2,202,/data/bijaypandey/cuig_pilot/seq_pilot/eval/MA/images/cat_paraphrase_2_seed202.jpg,ae2b31ff3876d738,0.9960,1,1,1,6,cat,0.9960
17,ConAbl,MA,M0,cat,cat_paraphrase_2,paraphrase,2,303,/data/bijaypandey/cuig_pilot/seq_pilot/eval/MA/images/cat_paraphrase_2_seed303.jpg,c18e6864cf4199f7,0.3180,1,0,0,12,horse,0.9958
17,ConAbl,MA,M0,cat,cat_paraphrase_2,paraphrase,2,404,/data/bijaypandey/cuig_pilot/seq_pilot/eval/MA/images/cat_paraphrase_2_seed404.jpg,3afa1ed575296bb6,0.2019,0,0,0,8,horse,0.8551
17,ConAbl,MA,M0,cat,cat_paraphrase_3,paraphrase,3,101,/data/bijaypandey/cuig_pilot/seq_pilot/eval/MA/images/cat_paraphrase_3_seed101.jpg,88e53f43aa1fb9f6,0.0000,0,0,0,5,horse,0.9968
17,ConAbl,MA,M0,cat,cat_paraphrase_3,paraphrase,3,202,/data/bijaypandey/cuig_pilot/seq_pilot/eval/MA/images/cat_paraphrase_3_seed202.jpg,9a04f1b7ae85976b,0.0000,0,0,0,3,horse,0.9992
17,ConAbl,MA,M0,cat,cat_paraphrase_3,paraphrase,3,303,/data/bijaypandey/cuig_pilot/seq_pilot/eval/MA/images/cat_paraphrase_3_seed303.jpg,4eb4291e69ebe6f9,0.0000,0,0,0,3,horse,0.9998
17,ConAbl,MA,M0,cat,cat_paraphrase_3,paraphrase,3,404,/data/bijaypandey/cuig_pilot/seq_pilot/eval/MA/images/cat_paraphrase_3_seed404.jpg,aea00d520d583c93,0.0000,0,0,0,1,horse,0.9988
17,ConAbl,MA,M0,cat,cat_paraphrase_4,paraphrase,4,101,/data/bijaypandey/cuig_pilot/seq_pilot/eval/MA/images/cat_paraphrase_4_seed101.jpg,49c1457a306d2a05,0.2115,0,0,0,6,dog,0.9468
17,ConAbl,MA,M0,cat,cat_paraphrase_4,paraphrase,4,202,/data/bijaypandey/cuig_pilot/seq_pilot/eval/MA/images/cat_paraphrase_4_seed202.jpg,55f6099fc840717f,0.0000,0,0,0,9,horse,0.9947
17,ConAbl,MA,M0,cat,cat_paraphrase_4,paraphrase,4,303,/data/bijaypandey/cuig_pilot/seq_pilot/eval/MA/images/cat_paraphrase_4_seed303.jpg,0e99ec719e70fcb3,0.0000,0,0,0,2,horse,0.8857
17,ConAbl,MA,M0,cat,cat_paraphrase_4,paraphrase,4,404,/data/bijaypandey/cuig_pilot/seq_pilot/eval/MA/images/cat_paraphrase_4_seed404.jpg,a80fd3a0cb7bc568,0.1113,0,0,0,17,person,0.9180
17,ConAbl,MA,M0,dog,dog_literal_0,literal,0,101,/data/bijaypandey/cuig_pilot/seq_pilot/eval/MA/images/dog_literal_0_seed101.jpg,bc5e3992585e1739,0.9998,1,1,1,1,dog,0.9998
17,ConAbl,MA,M0,dog,dog_literal_0,literal,0,202,/data/bijaypandey/cuig_pilot/seq_pilot/eval/MA/images/dog_literal_0_seed202.jpg,31bff15308301468,0.9989,1,1,1,1,dog,0.9989
17,ConAbl,MA,M0,dog,dog_literal_0,literal,0,303,/data/bijaypandey/cuig_pilot/seq_pilot/eval/MA/images/dog_literal_0_seed303.jpg,a8eda72f2c7c2b95,0.3680,1,0,0,4,cat,0.9498
17,ConAbl,MA,M0,dog,dog_literal_0,literal,0,404,/data/bijaypandey/cuig_pilot/seq_pilot/eval/MA/images/dog_literal_0_seed404.jpg,c5ca938e951d52fd,0.0000,0,0,0,0,,0.0000
17,ConAbl,MA,M0,dog,dog_literal_1,literal,1,101,/data/bijaypandey/cuig_pilot/seq_pilot/eval/MA/images/dog_literal_1_seed101.jpg,d17a04563590f432,0.9971,1,1,1,2,dog,0.9971
17,ConAbl,MA,M0,dog,dog_literal_1,literal,1,202,/data/bijaypandey/cuig_pilot/seq_pilot/eval/MA/images/dog_literal_1_seed202.jpg,6ff4240fa4cabbc4,0.9972,1,1,1,2,dog,0.9972
17,ConAbl,MA,M0,dog,dog_literal_1,literal,1,303,/data/bijaypandey/cuig_pilot/seq_pilot/eval/MA/images/dog_literal_1_seed303.jpg,19222601fd0cc5d0,0.9963,1,1,1,8,dog,0.9963
17,ConAbl,MA,M0,dog,dog_literal_1,literal,1,404,/data/bijaypandey/cuig_pilot/seq_pilot/eval/MA/images/dog_literal_1_seed404.jpg,c61795616d9ba9eb,0.9992,1,1,1,13,dog,0.9992
17,ConAbl,MA,M0,dog,dog_literal_2,literal,2,101,/data/bijaypandey/cuig_pilot/seq_pilot/eval/MA/images/dog_literal_2_seed101.jpg,f930ffda61d48949,0.4005,1,0,0,9,horse,0.6192
17,ConAbl,MA,M0,dog,dog_literal_2,literal,2,202,/data/bijaypandey/cuig_pilot/seq_pilot/eval/MA/images/dog_literal_2_seed202.jpg,2fd44144de621597,0.9913,1,1,1,2,dog,0.9913
17,ConAbl,MA,M0,dog,dog_literal_2,literal,2,303,/data/bijaypandey/cuig_pilot/seq_pilot/eval/MA/images/dog_literal_2_seed303.jpg,43f067caa42473b1,0.9977,1,1,1,1,dog,0.9977
17,ConAbl,MA,M0,dog,dog_literal_2,literal,2,404,/data/bijaypandey/cuig_pilot/seq_pilot/eval/MA/images/dog_literal_2_seed404.jpg,ee8719c48b999c14,0.9566,1,1,1,6,dog,0.9566
17,ConAbl,MA,M0,dog,dog_literal_3,literal,3,101,/data/bijaypandey/cuig_pilot/seq_pilot/eval/MA/images/dog_literal_3_seed101.jpg,92fba78f69bb047e,0.9996,1,1,1,5,dog,0.9996
17,ConAbl,MA,M0,dog,dog_literal_3,literal,3,202,/data/bijaypandey/cuig_pilot/seq_pilot/eval/MA/images/dog_literal_3_seed202.jpg,1676eb70d3c7af9b,0.9996,1,1,1,4,dog,0.9996
17,ConAbl,MA,M0,dog,dog_literal_3,literal,3,303,/data/bijaypandey/cuig_pilot/seq_pilot/eval/MA/images/dog_literal_3_seed303.jpg,b757195a7a8a8a53,0.9982,1,1,1,1,dog,0.9982
17,ConAbl,MA,M0,dog,dog_literal_3,literal,3,404,/data/bijaypandey/cuig_pilot/seq_pilot/eval/MA/images/dog_literal_3_seed404.jpg,68379adb4dc1b5c7,0.9982,1,1,1,2,dog,0.9982
17,ConAbl,MA,M0,dog,dog_literal_4,literal,4,101,/data/bijaypandey/cuig_pilot/seq_pilot/eval/MA/images/dog_literal_4_seed101.jpg,88c7900a7e13fcbc,0.9997,1,1,1,2,dog,0.9997
17,ConAbl,MA,M0,dog,dog_literal_4,literal,4,202,/data/bijaypandey/cuig_pilot/seq_pilot/eval/MA/images/dog_literal_4_seed202.jpg,167c866af967d648,0.9995,1,1,1,5,dog,0.9995
17,ConAbl,MA,M0,dog,dog_literal_4,literal,4,303,/data/bijaypandey/cuig_pilot/seq_pilot/eval/MA/images/dog_literal_4_seed303.jpg,49fc7f86dad17e57,0.9977,1,1,1,5,dog,0.9977
17,ConAbl,MA,M0,dog,dog_literal_4,literal,4,404,/data/bijaypandey/cuig_pilot/seq_pilot/eval/MA/images/dog_literal_4_seed404.jpg,4d8a92bee231af01,0.9990,1,1,1,3,dog,0.9990
17,ConAbl,MA,M0,dog,dog_paraphrase_0,paraphrase,0,101,/data/bijaypandey/cuig_pilot/seq_pilot/eval/MA/images/dog_paraphrase_0_seed101.jpg,bf805d22415490bf,0.9964,1,1,1,2,dog,0.9964
17,ConAbl,MA,M0,dog,dog_paraphrase_0,paraphrase,0,202,/data/bijaypandey/cuig_pilot/seq_pilot/eval/MA/images/dog_paraphrase_0_seed202.jpg,86cab83254b8e8fd,0.9995,1,1,1,22,person,0.9997
17,ConAbl,MA,M0,dog,dog_paraphrase_0,paraphrase,0,303,/data/bijaypandey/cuig_pilot/seq_pilot/eval/MA/images/dog_paraphrase_0_seed303.jpg,61bcd759b4d07077,0.9995,1,1,1,8,dog,0.9995
17,ConAbl,MA,M0,dog,dog_paraphrase_0,paraphrase,0,404,/data/bijaypandey/cuig_pilot/seq_pilot/eval/MA/images/dog_paraphrase_0_seed404.jpg,28bfb555a4030727,0.9994,1,1,1,48,dog,0.9994
17,ConAbl,MA,M0,dog,dog_paraphrase_1,paraphrase,1,101,/data/bijaypandey/cuig_pilot/seq_pilot/eval/MA/images/dog_paraphrase_1_seed101.jpg,e68d3290e8fdba4a,0.9977,1,1,1,6,person,0.9993
17,ConAbl,MA,M0,dog,dog_paraphrase_1,paraphrase,1,202,/data/bijaypandey/cuig_pilot/seq_pilot/eval/MA/images/dog_paraphrase_1_seed202.jpg,d52033ab77e2d585,0.9987,1,1,1,3,dog,0.9987
17,ConAbl,MA,M0,dog,dog_paraphrase_1,paraphrase,1,303,/data/bijaypandey/cuig_pilot/seq_pilot/eval/MA/images/dog_paraphrase_1_seed303.jpg,22d371e7b9086962,0.9966,1,1,1,4,dog,0.9966
17,ConAbl,MA,M0,dog,dog_paraphrase_1,paraphrase,1,404,/data/bijaypandey/cuig_pilot/seq_pilot/eval/MA/images/dog_paraphrase_1_seed404.jpg,bc097362dd11a7d6,0.9990,1,1,1,20,person,0.9994
17,ConAbl,MA,M0,dog,dog_paraphrase_2,paraphrase,2,101,/data/bijaypandey/cuig_pilot/seq_pilot/eval/MA/images/dog_paraphrase_2_seed101.jpg,4d5bd162853f1e6a,0.9859,1,1,1,4,dog,0.9859
17,ConAbl,MA,M0,dog,dog_paraphrase_2,paraphrase,2,202,/data/bijaypandey/cuig_pilot/seq_pilot/eval/MA/images/dog_paraphrase_2_seed202.jpg,f8cf617e911eebec,0.9937,1,1,1,2,dog,0.9937
17,ConAbl,MA,M0,dog,dog_paraphrase_2,paraphrase,2,303,/data/bijaypandey/cuig_pilot/seq_pilot/eval/MA/images/dog_paraphrase_2_seed303.jpg,38e45188ea34ac3d,0.9981,1,1,1,2,dog,0.9981
17,ConAbl,MA,M0,dog,dog_paraphrase_2,paraphrase,2,404,/data/bijaypandey/cuig_pilot/seq_pilot/eval/MA/images/dog_paraphrase_2_seed404.jpg,ee95353eef57aeec,0.9960,1,1,1,1,dog,0.9960
17,ConAbl,MA,M0,dog,dog_paraphrase_3,paraphrase,3,101,/data/bijaypandey/cuig_pilot/seq_pilot/eval/MA/images/dog_paraphrase_3_seed101.jpg,a7f647ff1ce5684b,0.9866,1,1,1,10,dog,0.9866
17,ConAbl,MA,M0,dog,dog_paraphrase_3,paraphrase,3,202,/data/bijaypandey/cuig_pilot/seq_pilot/eval/MA/images/dog_paraphrase_3_seed202.jpg,6e5ddcfa138ce978,0.9908,1,1,1,4,dog,0.9908
17,ConAbl,MA,M0,dog,dog_paraphrase_3,paraphrase,3,303,/data/bijaypandey/cuig_pilot/seq_pilot/eval/MA/images/dog_paraphrase_3_seed303.jpg,cfe15416cee3ac0d,0.9634,1,1,1,5,dog,0.9634
17,ConAbl,MA,M0,dog,dog_paraphrase_3,paraphrase,3,404,/data/bijaypandey/cuig_pilot/seq_pilot/eval/MA/images/dog_paraphrase_3_seed404.jpg,f9405783280b3f66,0.9878,1,1,1,5,dog,0.9878
17,ConAbl,MA,M0,dog,dog_paraphrase_4,paraphrase,4,101,/data/bijaypandey/cuig_pilot/seq_pilot/eval/MA/images/dog_paraphrase_4_seed101.jpg,499084d197972e1b,0.9987,1,1,1,5,dog,0.9987
17,ConAbl,MA,M0,dog,dog_paraphrase_4,paraphrase,4,202,/data/bijaypandey/cuig_pilot/seq_pilot/eval/MA/images/dog_paraphrase_4_seed202.jpg,0e97608a42c44647,0.9995,1,1,1,3,dog,0.9995
17,ConAbl,MA,M0,dog,dog_paraphrase_4,paraphrase,4,303,/data/bijaypandey/cuig_pilot/seq_pilot/eval/MA/images/dog_paraphrase_4_seed303.jpg,70df9b5772fa7c83,0.9957,1,1,1,1,dog,0.9957
17,ConAbl,MA,M0,dog,dog_paraphrase_4,paraphrase,4,404,/data/bijaypandey/cuig_pilot/seq_pilot/eval/MA/images/dog_paraphrase_4_seed404.jpg,2057eb36bce1f71f,0.9994,1,1,1,5,dog,0.9994
17,ConAbl,MA,M0,sandwich,sandwich_literal_0,literal,0,101,/data/bijaypandey/cuig_pilot/seq_pilot/eval/MA/images/sandwich_literal_0_seed101.jpg,bf23adcfc01529e2,0.9894,1,1,1,8,sandwich,0.9894
17,ConAbl,MA,M0,sandwich,sandwich_literal_0,literal,0,202,/data/bijaypandey/cuig_pilot/seq_pilot/eval/MA/images/sandwich_literal_0_seed202.jpg,76cb3b024cd4a172,0.9949,1,1,1,6,sandwich,0.9949
17,ConAbl,MA,M0,sandwich,sandwich_literal_0,literal,0,303,/data/bijaypandey/cuig_pilot/seq_pilot/eval/MA/images/sandwich_literal_0_seed303.jpg,9299f3f1bf72dc16,0.9793,1,1,1,10,sandwich,0.9793
17,ConAbl,MA,M0,sandwich,sandwich_literal_0,literal,0,404,/data/bijaypandey/cuig_pilot/seq_pilot/eval/MA/images/sandwich_literal_0_seed404.jpg,69a1530aca5b6283,0.9857,1,1,1,14,sandwich,0.9857
17,ConAbl,MA,M0,sandwich,sandwich_literal_1,literal,1,101,/data/bijaypandey/cuig_pilot/seq_pilot/eval/MA/images/sandwich_literal_1_seed101.jpg,4fa20fd19822df57,0.5132,1,1,0,14,dining table,0.8460
17,ConAbl,MA,M0,sandwich,sandwich_literal_1,literal,1,202,/data/bijaypandey/cuig_pilot/seq_pilot/eval/MA/images/sandwich_literal_1_seed202.jpg,63d91357f6302171,0.9909,1,1,1,7,sandwich,0.9909
17,ConAbl,MA,M0,sandwich,sandwich_literal_1,literal,1,303,/data/bijaypandey/cuig_pilot/seq_pilot/eval/MA/images/sandwich_literal_1_seed303.jpg,15027e21dbf0dca2,0.7452,1,1,1,19,dining table,0.9717
17,ConAbl,MA,M0,sandwich,sandwich_literal_1,literal,1,404,/data/bijaypandey/cuig_pilot/seq_pilot/eval/MA/images/sandwich_literal_1_seed404.jpg,b4e619873872f695,0.9944,1,1,1,12,sandwich,0.9944
17,ConAbl,MA,M0,sandwich,sandwich_literal_2,literal,2,101,/data/bijaypandey/cuig_pilot/seq_pilot/eval/MA/images/sandwich_literal_2_seed101.jpg,6de64db9ef49b088,0.3229,1,0,0,16,person,0.9610
17,ConAbl,MA,M0,sandwich,sandwich_literal_2,literal,2,202,/data/bijaypandey/cuig_pilot/seq_pilot/eval/MA/images/sandwich_literal_2_seed202.jpg,24e7c217777f1f80,0.9757,1,1,1,4,sandwich,0.9757
17,ConAbl,MA,M0,sandwich,sandwich_literal_2,literal,2,303,/data/bijaypandey/cuig_pilot/seq_pilot/eval/MA/images/sandwich_literal_2_seed303.jpg,efe89a5694b47f91,0.9526,1,1,1,11,sandwich,0.9526
17,ConAbl,MA,M0,sandwich,sandwich_literal_2,literal,2,404,/data/bijaypandey/cuig_pilot/seq_pilot/eval/MA/images/sandwich_literal_2_seed404.jpg,64d873486f46a068,0.9386,1,1,1,3,sandwich,0.9386
17,ConAbl,MA,M0,sandwich,sandwich_literal_3,literal,3,101,/data/bijaypandey/cuig_pilot/seq_pilot/eval/MA/images/sandwich_literal_3_seed101.jpg,26b18922035c1683,0.9616,1,1,1,11,sandwich,0.9616
17,ConAbl,MA,M0,sandwich,sandwich_literal_3,literal,3,202,/data/bijaypandey/cuig_pilot/seq_pilot/eval/MA/images/sandwich_literal_3_seed202.jpg,73cd99eff495f7e8,0.9776,1,1,1,11,dining table,0.9887
17,ConAbl,MA,M0,sandwich,sandwich_literal_3,literal,3,303,/data/bijaypandey/cuig_pilot/seq_pilot/eval/MA/images/sandwich_literal_3_seed303.jpg,d0602090d2c09d77,0.9893,1,1,1,15,cup,0.9955
17,ConAbl,MA,M0,sandwich,sandwich_literal_3,literal,3,404,/data/bijaypandey/cuig_pilot/seq_pilot/eval/MA/images/sandwich_literal_3_seed404.jpg,2d357c1c97ebb575,0.9878,1,1,1,22,cup,0.9974
17,ConAbl,MA,M0,sandwich,sandwich_literal_4,literal,4,101,/data/bijaypandey/cuig_pilot/seq_pilot/eval/MA/images/sandwich_literal_4_seed101.jpg,a15f5e2b927b62a9,0.9910,1,1,1,6,sandwich,0.9910
17,ConAbl,MA,M0,sandwich,sandwich_literal_4,literal,4,202,/data/bijaypandey/cuig_pilot/seq_pilot/eval/MA/images/sandwich_literal_4_seed202.jpg,1f10b3f949ec95d7,0.7237,1,1,1,8,dining table,0.7461
17,ConAbl,MA,M0,sandwich,sandwich_literal_4,literal,4,303,/data/bijaypandey/cuig_pilot/seq_pilot/eval/MA/images/sandwich_literal_4_seed303.jpg,32868a9737f09b79,0.9971,1,1,1,13,sandwich,0.9971
17,ConAbl,MA,M0,sandwich,sandwich_literal_4,literal,4,404,/data/bijaypandey/cuig_pilot/seq_pilot/eval/MA/images/sandwich_literal_4_seed404.jpg,bf3a946f1767c6a3,0.9833,1,1,1,9,sandwich,0.9833
17,ConAbl,MA,M0,sandwich,sandwich_paraphrase_0,paraphrase,0,101,/data/bijaypandey/cuig_pilot/seq_pilot/eval/MA/images/sandwich_paraphrase_0_seed101.jpg,ce83878fcf0d7dc0,0.4166,1,0,0,16,banana,0.4315
17,ConAbl,MA,M0,sandwich,sandwich_paraphrase_0,paraphrase,0,202,/data/bijaypandey/cuig_pilot/seq_pilot/eval/MA/images/sandwich_paraphrase_0_seed202.jpg,22ff35f4c78b0d6e,0.9243,1,1,1,11,sandwich,0.9243
17,ConAbl,MA,M0,sandwich,sandwich_paraphrase_0,paraphrase,0,303,/data/bijaypandey/cuig_pilot/seq_pilot/eval/MA/images/sandwich_paraphrase_0_seed303.jpg,bd550e233f7f8582,0.7039,1,1,1,26,vase,0.7336
17,ConAbl,MA,M0,sandwich,sandwich_paraphrase_0,paraphrase,0,404,/data/bijaypandey/cuig_pilot/seq_pilot/eval/MA/images/sandwich_paraphrase_0_seed404.jpg,15b959172b608367,0.7311,1,1,1,14,sandwich,0.7311
17,ConAbl,MA,M0,sandwich,sandwich_paraphrase_1,paraphrase,1,101,/data/bijaypandey/cuig_pilot/seq_pilot/eval/MA/images/sandwich_paraphrase_1_seed101.jpg,18bb0d524fb7e21c,0.5818,1,1,0,10,bowl,0.7770
17,ConAbl,MA,M0,sandwich,sandwich_paraphrase_1,paraphrase,1,202,/data/bijaypandey/cuig_pilot/seq_pilot/eval/MA/images/sandwich_paraphrase_1_seed202.jpg,282d824193e1c3f2,0.6943,1,1,0,20,sandwich,0.6943
17,ConAbl,MA,M0,sandwich,sandwich_paraphrase_1,paraphrase,1,303,/data/bijaypandey/cuig_pilot/seq_pilot/eval/MA/images/sandwich_paraphrase_1_seed303.jpg,368b5527f8901215,0.8805,1,1,1,18,hot dog,0.9470
17,ConAbl,MA,M0,sandwich,sandwich_paraphrase_1,paraphrase,1,404,/data/bijaypandey/cuig_pilot/seq_pilot/eval/MA/images/sandwich_paraphrase_1_seed404.jpg,bdffbe4d3ed1e65a,0.1033,0,0,0,20,hot dog,0.3508
17,ConAbl,MA,M0,sandwich,sandwich_paraphrase_2,paraphrase,2,101,/data/bijaypandey/cuig_pilot/seq_pilot/eval/MA/images/sandwich_paraphrase_2_seed101.jpg,b640c321396e8336,0.9749,1,1,1,11,sandwich,0.9749
17,ConAbl,MA,M0,sandwich,sandwich_paraphrase_2,paraphrase,2,202,/data/bijaypandey/cuig_pilot/seq_pilot/eval/MA/images/sandwich_paraphrase_2_seed202.jpg,a7b7f04d92fbc784,0.9442,1,1,1,10,sandwich,0.9442
17,ConAbl,MA,M0,sandwich,sandwich_paraphrase_2,paraphrase,2,303,/data/bijaypandey/cuig_pilot/seq_pilot/eval/MA/images/sandwich_paraphrase_2_seed303.jpg,e97517e8e0d8e60f,0.9129,1,1,1,22,sandwich,0.9129
17,ConAbl,MA,M0,sandwich,sandwich_paraphrase_2,paraphrase,2,404,/data/bijaypandey/cuig_pilot/seq_pilot/eval/MA/images/sandwich_paraphrase_2_seed404.jpg,c8521a1f049dcabf,0.9674,1,1,1,9,sandwich,0.9674
17,ConAbl,MA,M0,sandwich,sandwich_paraphrase_3,paraphrase,3,101,/data/bijaypandey/cuig_pilot/seq_pilot/eval/MA/images/sandwich_paraphrase_3_seed101.jpg,77d4bb16b5cfac50,0.1384,0,0,0,19,dining table,0.9301
17,ConAbl,MA,M0,sandwich,sandwich_paraphrase_3,paraphrase,3,202,/data/bijaypandey/cuig_pilot/seq_pilot/eval/MA/images/sandwich_paraphrase_3_seed202.jpg,e8c4b0b5a6613871,0.8553,1,1,1,18,sandwich,0.8553
17,ConAbl,MA,M0,sandwich,sandwich_paraphrase_3,paraphrase,3,303,/data/bijaypandey/cuig_pilot/seq_pilot/eval/MA/images/sandwich_paraphrase_3_seed303.jpg,f4fdeb472d7ea4be,0.0000,0,0,0,17,dining table,0.9669
17,ConAbl,MA,M0,sandwich,sandwich_paraphrase_3,paraphrase,3,404,/data/bijaypandey/cuig_pilot/seq_pilot/eval/MA/images/sandwich_paraphrase_3_seed404.jpg,022f8a5a93017a5d,0.7956,1,1,1,12,donut,0.9337
17,ConAbl,MA,M0,sandwich,sandwich_paraphrase_4,paraphrase,4,101,/data/bijaypandey/cuig_pilot/seq_pilot/eval/MA/images/sandwich_paraphrase_4_seed101.jpg,04b78aa006e73a0d,0.8624,1,1,1,25,bowl,0.9595
17,ConAbl,MA,M0,sandwich,sandwich_paraphrase_4,paraphrase,4,202,/data/bijaypandey/cuig_pilot/seq_pilot/eval/MA/images/sandwich_paraphrase_4_seed202.jpg,b28c392bb26d80c1,0.9285,1,1,1,20,bowl,0.9938
17,ConAbl,MA,M0,sandwich,sandwich_paraphrase_4,paraphrase,4,303,/data/bijaypandey/cuig_pilot/seq_pilot/eval/MA/images/sandwich_paraphrase_4_seed303.jpg,c75f6c07b570a720,0.6675,1,1,0,24,knife,0.7668
17,ConAbl,MA,M0,sandwich,sandwich_paraphrase_4,paraphrase,4,404,/data/bijaypandey/cuig_pilot/seq_pilot/eval/MA/images/sandwich_paraphrase_4_seed404.jpg,ce174a1a30e364b8,0.9606,1,1,1,16,sandwich,0.9606
17,ConAbl,MA,M0,horse,horse_literal_0,literal,0,101,/data/bijaypandey/cuig_pilot/seq_pilot/eval/MA/images/horse_literal_0_seed101.jpg,726a04fe780236ec,0.9998,1,1,1,1,horse,0.9998
17,ConAbl,MA,M0,horse,horse_literal_0,literal,0,202,/data/bijaypandey/cuig_pilot/seq_pilot/eval/MA/images/horse_literal_0_seed202.jpg,7f3e4422e2c2d11f,0.9998,1,1,1,1,horse,0.9998
17,ConAbl,MA,M0,horse,horse_literal_0,literal,0,303,/data/bijaypandey/cuig_pilot/seq_pilot/eval/MA/images/horse_literal_0_seed303.jpg,999664084cf33c05,0.9996,1,1,1,1,horse,0.9996
17,ConAbl,MA,M0,horse,horse_literal_0,literal,0,404,/data/bijaypandey/cuig_pilot/seq_pilot/eval/MA/images/horse_literal_0_seed404.jpg,63935f53f6a4d969,0.9948,1,1,1,4,horse,0.9948
17,ConAbl,MA,M0,horse,horse_literal_1,literal,1,101,/data/bijaypandey/cuig_pilot/seq_pilot/eval/MA/images/horse_literal_1_seed101.jpg,2a434f575dd5396b,0.9996,1,1,1,3,horse,0.9996
17,ConAbl,MA,M0,horse,horse_literal_1,literal,1,202,/data/bijaypandey/cuig_pilot/seq_pilot/eval/MA/images/horse_literal_1_seed202.jpg,11fcc2a40d74c42b,0.9996,1,1,1,1,horse,0.9996
17,ConAbl,MA,M0,horse,horse_literal_1,literal,1,303,/data/bijaypandey/cuig_pilot/seq_pilot/eval/MA/images/horse_literal_1_seed303.jpg,38d17ab5bc7c6145,0.9579,1,1,1,2,horse,0.9579
17,ConAbl,MA,M0,horse,horse_literal_1,literal,1,404,/data/bijaypandey/cuig_pilot/seq_pilot/eval/MA/images/horse_literal_1_seed404.jpg,985ba429d7827c7e,0.9997,1,1,1,5,horse,0.9997
17,ConAbl,MA,M0,horse,horse_literal_2,literal,2,101,/data/bijaypandey/cuig_pilot/seq_pilot/eval/MA/images/horse_literal_2_seed101.jpg,a3ea32a6ebe489f6,0.9825,1,1,1,2,horse,0.9825
17,ConAbl,MA,M0,horse,horse_literal_2,literal,2,202,/data/bijaypandey/cuig_pilot/seq_pilot/eval/MA/images/horse_literal_2_seed202.jpg,6dc8405b3e940db3,0.8868,1,1,1,5,horse,0.8868
17,ConAbl,MA,M0,horse,horse_literal_2,literal,2,303,/data/bijaypandey/cuig_pilot/seq_pilot/eval/MA/images/horse_literal_2_seed303.jpg,cb2ff25f19fa8009,0.9720,1,1,1,3,horse,0.9720
17,ConAbl,MA,M0,horse,horse_literal_2,literal,2,404,/data/bijaypandey/cuig_pilot/seq_pilot/eval/MA/images/horse_literal_2_seed404.jpg,36671c17079910bf,0.9977,1,1,1,3,horse,0.9977
17,ConAbl,MA,M0,horse,horse_literal_3,literal,3,101,/data/bijaypandey/cuig_pilot/seq_pilot/eval/MA/images/horse_literal_3_seed101.jpg,9ca518a9df77a64a,0.9996,1,1,1,2,horse,0.9996
17,ConAbl,MA,M0,horse,horse_literal_3,literal,3,202,/data/bijaypandey/cuig_pilot/seq_pilot/eval/MA/images/horse_literal_3_seed202.jpg,a345833bee74ec75,0.9986,1,1,1,3,horse,0.9986
17,ConAbl,MA,M0,horse,horse_literal_3,literal,3,303,/data/bijaypandey/cuig_pilot/seq_pilot/eval/MA/images/horse_literal_3_seed303.jpg,be054903283e688b,0.9997,1,1,1,3,horse,0.9997
17,ConAbl,MA,M0,horse,horse_literal_3,literal,3,404,/data/bijaypandey/cuig_pilot/seq_pilot/eval/MA/images/horse_literal_3_seed404.jpg,9ab9521186e5b90c,0.9996,1,1,1,9,horse,0.9996
17,ConAbl,MA,M0,horse,horse_literal_4,literal,4,101,/data/bijaypandey/cuig_pilot/seq_pilot/eval/MA/images/horse_literal_4_seed101.jpg,37699194c724f74b,0.9996,1,1,1,4,horse,0.9996
17,ConAbl,MA,M0,horse,horse_literal_4,literal,4,202,/data/bijaypandey/cuig_pilot/seq_pilot/eval/MA/images/horse_literal_4_seed202.jpg,9ce5bf19009ee2ad,0.9999,1,1,1,1,horse,0.9999
17,ConAbl,MA,M0,horse,horse_literal_4,literal,4,303,/data/bijaypandey/cuig_pilot/seq_pilot/eval/MA/images/horse_literal_4_seed303.jpg,c16da5ec25914e74,0.9989,1,1,1,1,horse,0.9989
17,ConAbl,MA,M0,horse,horse_literal_4,literal,4,404,/data/bijaypandey/cuig_pilot/seq_pilot/eval/MA/images/horse_literal_4_seed404.jpg,6ed4bb694cea5b21,0.9998,1,1,1,1,horse,0.9998
17,ConAbl,MA,M0,horse,horse_paraphrase_0,paraphrase,0,101,/data/bijaypandey/cuig_pilot/seq_pilot/eval/MA/images/horse_paraphrase_0_seed101.jpg,8462b2b84e976d05,0.9993,1,1,1,1,horse,0.9993
17,ConAbl,MA,M0,horse,horse_paraphrase_0,paraphrase,0,202,/data/bijaypandey/cuig_pilot/seq_pilot/eval/MA/images/horse_paraphrase_0_seed202.jpg,1ae5a26837e1164d,0.9990,1,1,1,1,horse,0.9990
17,ConAbl,MA,M0,horse,horse_paraphrase_0,paraphrase,0,303,/data/bijaypandey/cuig_pilot/seq_pilot/eval/MA/images/horse_paraphrase_0_seed303.jpg,ef57d2ef20aa8877,0.9979,1,1,1,2,horse,0.9979
17,ConAbl,MA,M0,horse,horse_paraphrase_0,paraphrase,0,404,/data/bijaypandey/cuig_pilot/seq_pilot/eval/MA/images/horse_paraphrase_0_seed404.jpg,716e0dd822371c13,0.9975,1,1,1,3,horse,0.9975
17,ConAbl,MA,M0,horse,horse_paraphrase_1,paraphrase,1,101,/data/bijaypandey/cuig_pilot/seq_pilot/eval/MA/images/horse_paraphrase_1_seed101.jpg,0c82cdebdfdac07d,0.9997,1,1,1,1,horse,0.9997
17,ConAbl,MA,M0,horse,horse_paraphrase_1,paraphrase,1,202,/data/bijaypandey/cuig_pilot/seq_pilot/eval/MA/images/horse_paraphrase_1_seed202.jpg,8244a0b76236d498,0.9997,1,1,1,1,horse,0.9997
17,ConAbl,MA,M0,horse,horse_paraphrase_1,paraphrase,1,303,/data/bijaypandey/cuig_pilot/seq_pilot/eval/MA/images/horse_paraphrase_1_seed303.jpg,76b462ed55757e3a,0.9992,1,1,1,6,horse,0.9992
17,ConAbl,MA,M0,horse,horse_paraphrase_1,paraphrase,1,404,/data/bijaypandey/cuig_pilot/seq_pilot/eval/MA/images/horse_paraphrase_1_seed404.jpg,e8c6a57078eead80,0.9998,1,1,1,4,horse,0.9998
17,ConAbl,MA,M0,horse,horse_paraphrase_2,paraphrase,2,101,/data/bijaypandey/cuig_pilot/seq_pilot/eval/MA/images/horse_paraphrase_2_seed101.jpg,da135503bd7983f0,0.9972,1,1,1,4,horse,0.9972
17,ConAbl,MA,M0,horse,horse_paraphrase_2,paraphrase,2,202,/data/bijaypandey/cuig_pilot/seq_pilot/eval/MA/images/horse_paraphrase_2_seed202.jpg,b4704d8a03ce68fa,0.9985,1,1,1,3,horse,0.9985
17,ConAbl,MA,M0,horse,horse_paraphrase_2,paraphrase,2,303,/data/bijaypandey/cuig_pilot/seq_pilot/eval/MA/images/horse_paraphrase_2_seed303.jpg,085a5318f0e66821,0.9998,1,1,1,1,horse,0.9998
17,ConAbl,MA,M0,horse,horse_paraphrase_2,paraphrase,2,404,/data/bijaypandey/cuig_pilot/seq_pilot/eval/MA/images/horse_paraphrase_2_seed404.jpg,fadc61e440914fd1,0.8702,1,1,1,5,sports ball,0.9749
17,ConAbl,MA,M0,horse,horse_paraphrase_3,paraphrase,3,101,/data/bijaypandey/cuig_pilot/seq_pilot/eval/MA/images/horse_paraphrase_3_seed101.jpg,1e39428ac0538441,0.9589,1,1,1,2,horse,0.9589
17,ConAbl,MA,M0,horse,horse_paraphrase_3,paraphrase,3,202,/data/bijaypandey/cuig_pilot/seq_pilot/eval/MA/images/horse_paraphrase_3_seed202.jpg,8597458783041604,0.9942,1,1,1,2,horse,0.9942
17,ConAbl,MA,M0,horse,horse_paraphrase_3,paraphrase,3,303,/data/bijaypandey/cuig_pilot/seq_pilot/eval/MA/images/horse_paraphrase_3_seed303.jpg,70df20775bf57ee6,0.9996,1,1,1,5,horse,0.9996
17,ConAbl,MA,M0,horse,horse_paraphrase_3,paraphrase,3,404,/data/bijaypandey/cuig_pilot/seq_pilot/eval/MA/images/horse_paraphrase_3_seed404.jpg,65520f8fad2fdfe3,0.9977,1,1,1,2,horse,0.9977
17,ConAbl,MA,M0,horse,horse_paraphrase_4,paraphrase,4,101,/data/bijaypandey/cuig_pilot/seq_pilot/eval/MA/images/horse_paraphrase_4_seed101.jpg,56f32cae6e4ba522,0.9991,1,1,1,1,horse,0.9991
17,ConAbl,MA,M0,horse,horse_paraphrase_4,paraphrase,4,202,/data/bijaypandey/cuig_pilot/seq_pilot/eval/MA/images/horse_paraphrase_4_seed202.jpg,2d512ea5ed205e89,0.9860,1,1,1,3,horse,0.9860
17,ConAbl,MA,M0,horse,horse_paraphrase_4,paraphrase,4,303,/data/bijaypandey/cuig_pilot/seq_pilot/eval/MA/images/horse_paraphrase_4_seed303.jpg,389f04f737d53a25,0.9991,1,1,1,1,horse,0.9991
17,ConAbl,MA,M0,horse,horse_paraphrase_4,paraphrase,4,404,/data/bijaypandey/cuig_pilot/seq_pilot/eval/MA/images/horse_paraphrase_4_seed404.jpg,94910b7835853a8e,0.9997,1,1,1,1,horse,0.9997
17,ConAbl,MA,M0,bird,bird_literal_0,literal,0,101,/data/bijaypandey/cuig_pilot/seq_pilot/eval/MA/images/bird_literal_0_seed101.jpg,49a5718033409410,0.9992,1,1,1,4,bird,0.9992
17,ConAbl,MA,M0,bird,bird_literal_0,literal,0,202,/data/bijaypandey/cuig_pilot/seq_pilot/eval/MA/images/bird_literal_0_seed202.jpg,118fd0a77f904a4e,0.9968,1,1,1,1,bird,0.9968
17,ConAbl,MA,M0,bird,bird_literal_0,literal,0,303,/data/bijaypandey/cuig_pilot/seq_pilot/eval/MA/images/bird_literal_0_seed303.jpg,783bdd5f2b7393cd,0.9983,1,1,1,6,bird,0.9983
17,ConAbl,MA,M0,bird,bird_literal_0,literal,0,404,/data/bijaypandey/cuig_pilot/seq_pilot/eval/MA/images/bird_literal_0_seed404.jpg,7b760b2e801506a7,0.9958,1,1,1,1,bird,0.9958
17,ConAbl,MA,M0,bird,bird_literal_1,literal,1,101,/data/bijaypandey/cuig_pilot/seq_pilot/eval/MA/images/bird_literal_1_seed101.jpg,8a7f357146499a66,0.9984,1,1,1,6,bird,0.9984
17,ConAbl,MA,M0,bird,bird_literal_1,literal,1,202,/data/bijaypandey/cuig_pilot/seq_pilot/eval/MA/images/bird_literal_1_seed202.jpg,e1d680dcdb4c3f0b,0.9992,1,1,1,1,bird,0.9992
17,ConAbl,MA,M0,bird,bird_literal_1,literal,1,303,/data/bijaypandey/cuig_pilot/seq_pilot/eval/MA/images/bird_literal_1_seed303.jpg,b6b955486932bf28,0.9990,1,1,1,1,bird,0.9990
17,ConAbl,MA,M0,bird,bird_literal_1,literal,1,404,/data/bijaypandey/cuig_pilot/seq_pilot/eval/MA/images/bird_literal_1_seed404.jpg,7b02f1cae1250bae,0.9993,1,1,1,2,bird,0.9993
17,ConAbl,MA,M0,bird,bird_literal_2,literal,2,101,/data/bijaypandey/cuig_pilot/seq_pilot/eval/MA/images/bird_literal_2_seed101.jpg,f208378662396fcc,0.0000,0,0,0,0,,0.0000
17,ConAbl,MA,M0,bird,bird_literal_2,literal,2,202,/data/bijaypandey/cuig_pilot/seq_pilot/eval/MA/images/bird_literal_2_seed202.jpg,8670e1aeb1a49b7a,0.9994,1,1,1,4,bird,0.9994
17,ConAbl,MA,M0,bird,bird_literal_2,literal,2,303,/data/bijaypandey/cuig_pilot/seq_pilot/eval/MA/images/bird_literal_2_seed303.jpg,95074c6efe9a17d9,0.0000,0,0,0,1,vase,0.0850
17,ConAbl,MA,M0,bird,bird_literal_2,literal,2,404,/data/bijaypandey/cuig_pilot/seq_pilot/eval/MA/images/bird_literal_2_seed404.jpg,898e338d0cc86607,0.9798,1,1,1,4,bird,0.9798
17,ConAbl,MA,M0,bird,bird_literal_3,literal,3,101,/data/bijaypandey/cuig_pilot/seq_pilot/eval/MA/images/bird_literal_3_seed101.jpg,01a612b7b3957d55,0.9923,1,1,1,4,bird,0.9923
17,ConAbl,MA,M0,bird,bird_literal_3,literal,3,202,/data/bijaypandey/cuig_pilot/seq_pilot/eval/MA/images/bird_literal_3_seed202.jpg,007a33eee409bd1e,0.9980,1,1,1,1,bird,0.9980
17,ConAbl,MA,M0,bird,bird_literal_3,literal,3,303,/data/bijaypandey/cuig_pilot/seq_pilot/eval/MA/images/bird_literal_3_seed303.jpg,c703977d2e17b486,0.9825,1,1,1,5,bird,0.9825
17,ConAbl,MA,M0,bird,bird_literal_3,literal,3,404,/data/bijaypandey/cuig_pilot/seq_pilot/eval/MA/images/bird_literal_3_seed404.jpg,357eb303a0adc042,0.9967,1,1,1,6,bird,0.9967
17,ConAbl,MA,M0,bird,bird_literal_4,literal,4,101,/data/bijaypandey/cuig_pilot/seq_pilot/eval/MA/images/bird_literal_4_seed101.jpg,d2c201b8dbcae0ab,0.9953,1,1,1,4,bird,0.9953
17,ConAbl,MA,M0,bird,bird_literal_4,literal,4,202,/data/bijaypandey/cuig_pilot/seq_pilot/eval/MA/images/bird_literal_4_seed202.jpg,52162cfbfe5c03ad,0.9983,1,1,1,5,bird,0.9983
17,ConAbl,MA,M0,bird,bird_literal_4,literal,4,303,/data/bijaypandey/cuig_pilot/seq_pilot/eval/MA/images/bird_literal_4_seed303.jpg,d66aad270130a5bc,0.6706,1,1,0,2,bird,0.6706
17,ConAbl,MA,M0,bird,bird_literal_4,literal,4,404,/data/bijaypandey/cuig_pilot/seq_pilot/eval/MA/images/bird_literal_4_seed404.jpg,d7e1d9c3e0ab2540,0.4425,1,0,0,5,bench,0.6113
17,ConAbl,MA,M0,bird,bird_paraphrase_0,paraphrase,0,101,/data/bijaypandey/cuig_pilot/seq_pilot/eval/MA/images/bird_paraphrase_0_seed101.jpg,c099ede226ae5861,0.9971,1,1,1,3,bird,0.9971
17,ConAbl,MA,M0,bird,bird_paraphrase_0,paraphrase,0,202,/data/bijaypandey/cuig_pilot/seq_pilot/eval/MA/images/bird_paraphrase_0_seed202.jpg,11890a5db8f79cfe,0.9993,1,1,1,3,bird,0.9993
17,ConAbl,MA,M0,bird,bird_paraphrase_0,paraphrase,0,303,/data/bijaypandey/cuig_pilot/seq_pilot/eval/MA/images/bird_paraphrase_0_seed303.jpg,94ba4c9ae7ff9167,0.9994,1,1,1,1,bird,0.9994
17,ConAbl,MA,M0,bird,bird_paraphrase_0,paraphrase,0,404,/data/bijaypandey/cuig_pilot/seq_pilot/eval/MA/images/bird_paraphrase_0_seed404.jpg,f8cdf3c46b80adc7,0.9979,1,1,1,4,bird,0.9979
17,ConAbl,MA,M0,bird,bird_paraphrase_1,paraphrase,1,101,/data/bijaypandey/cuig_pilot/seq_pilot/eval/MA/images/bird_paraphrase_1_seed101.jpg,4dec8241f85bdd98,0.9993,1,1,1,2,bird,0.9993
17,ConAbl,MA,M0,bird,bird_paraphrase_1,paraphrase,1,202,/data/bijaypandey/cuig_pilot/seq_pilot/eval/MA/images/bird_paraphrase_1_seed202.jpg,bfa9ffcc51b314f7,0.9995,1,1,1,6,bird,0.9995
17,ConAbl,MA,M0,bird,bird_paraphrase_1,paraphrase,1,303,/data/bijaypandey/cuig_pilot/seq_pilot/eval/MA/images/bird_paraphrase_1_seed303.jpg,d3f66a72688120a1,0.9957,1,1,1,2,bird,0.9957
17,ConAbl,MA,M0,bird,bird_paraphrase_1,paraphrase,1,404,/data/bijaypandey/cuig_pilot/seq_pilot/eval/MA/images/bird_paraphrase_1_seed404.jpg,d2d07a1f7c01a829,0.9991,1,1,1,4,bird,0.9991
17,ConAbl,MA,M0,bird,bird_paraphrase_2,paraphrase,2,101,/data/bijaypandey/cuig_pilot/seq_pilot/eval/MA/images/bird_paraphrase_2_seed101.jpg,558ca3d8e50216e7,0.9967,1,1,1,2,bird,0.9967
17,ConAbl,MA,M0,bird,bird_paraphrase_2,paraphrase,2,202,/data/bijaypandey/cuig_pilot/seq_pilot/eval/MA/images/bird_paraphrase_2_seed202.jpg,ebf4df853efed668,0.0000,0,0,0,7,umbrella,0.7031
17,ConAbl,MA,M0,bird,bird_paraphrase_2,paraphrase,2,303,/data/bijaypandey/cuig_pilot/seq_pilot/eval/MA/images/bird_paraphrase_2_seed303.jpg,89ca86e40aeb8e36,0.9984,1,1,1,8,bird,0.9984
17,ConAbl,MA,M0,bird,bird_paraphrase_2,paraphrase,2,404,/data/bijaypandey/cuig_pilot/seq_pilot/eval/MA/images/bird_paraphrase_2_seed404.jpg,685f8ffd7256380b,0.5837,1,1,0,11,bird,0.5837
17,ConAbl,MA,M0,bird,bird_paraphrase_3,paraphrase,3,101,/data/bijaypandey/cuig_pilot/seq_pilot/eval/MA/images/bird_paraphrase_3_seed101.jpg,ce6782530e4810ed,0.9884,1,1,1,68,bird,0.9884
17,ConAbl,MA,M0,bird,bird_paraphrase_3,paraphrase,3,202,/data/bijaypandey/cuig_pilot/seq_pilot/eval/MA/images/bird_paraphrase_3_seed202.jpg,9bed1a1ea798622f,0.9957,1,1,1,10,bird,0.9957
17,ConAbl,MA,M0,bird,bird_paraphrase_3,paraphrase,3,303,/data/bijaypandey/cuig_pilot/seq_pilot/eval/MA/images/bird_paraphrase_3_seed303.jpg,0fa6ed8abebe3565,0.9975,1,1,1,5,bird,0.9975
17,ConAbl,MA,M0,bird,bird_paraphrase_3,paraphrase,3,404,/data/bijaypandey/cuig_pilot/seq_pilot/eval/MA/images/bird_paraphrase_3_seed404.jpg,48c4c3affed3c197,0.9979,1,1,1,9,bird,0.9979
17,ConAbl,MA,M0,bird,bird_paraphrase_4,paraphrase,4,101,/data/bijaypandey/cuig_pilot/seq_pilot/eval/MA/images/bird_paraphrase_4_seed101.jpg,cb0915f9d9c1d7aa,0.7714,1,1,1,11,bird,0.7714
17,ConAbl,MA,M0,bird,bird_paraphrase_4,paraphrase,4,202,/data/bijaypandey/cuig_pilot/seq_pilot/eval/MA/images/bird_paraphrase_4_seed202.jpg,67cfa5a643fb331d,0.9919,1,1,1,9,bird,0.9919
17,ConAbl,MA,M0,bird,bird_paraphrase_4,paraphrase,4,303,/data/bijaypandey/cuig_pilot/seq_pilot/eval/MA/images/bird_paraphrase_4_seed303.jpg,063b2c630d006780,0.8425,1,1,1,7,bird,0.8425
17,ConAbl,MA,M0,bird,bird_paraphrase_4,paraphrase,4,404,/data/bijaypandey/cuig_pilot/seq_pilot/eval/MA/images/bird_paraphrase_4_seed404.jpg,6cb060fab99bbd35,0.9452,1,1,1,8,bird,0.9452
17,ConAbl,MA,M0,chair,chair_literal_0,literal,0,101,/data/bijaypandey/cuig_pilot/seq_pilot/eval/MA/images/chair_literal_0_seed101.jpg,35af223eeffd2e68,0.9840,1,1,1,12,chair,0.9840
17,ConAbl,MA,M0,chair,chair_literal_0,literal,0,202,/data/bijaypandey/cuig_pilot/seq_pilot/eval/MA/images/chair_literal_0_seed202.jpg,903d82d87ee629b1,0.9898,1,1,1,1,chair,0.9898
17,ConAbl,MA,M0,chair,chair_literal_0,literal,0,303,/data/bijaypandey/cuig_pilot/seq_pilot/eval/MA/images/chair_literal_0_seed303.jpg,28abd7a18b67397c,0.9982,1,1,1,1,chair,0.9982
17,ConAbl,MA,M0,chair,chair_literal_0,literal,0,404,/data/bijaypandey/cuig_pilot/seq_pilot/eval/MA/images/chair_literal_0_seed404.jpg,eb74b204b5208c8b,0.6027,1,1,0,3,bench,0.8272
17,ConAbl,MA,M0,chair,chair_literal_1,literal,1,101,/data/bijaypandey/cuig_pilot/seq_pilot/eval/MA/images/chair_literal_1_seed101.jpg,da9198e327e1555a,0.9955,1,1,1,11,chair,0.9955
17,ConAbl,MA,M0,chair,chair_literal_1,literal,1,202,/data/bijaypandey/cuig_pilot/seq_pilot/eval/MA/images/chair_literal_1_seed202.jpg,e771dae113c1f385,0.9882,1,1,1,6,chair,0.9882
17,ConAbl,MA,M0,chair,chair_literal_1,literal,1,303,/data/bijaypandey/cuig_pilot/seq_pilot/eval/MA/images/chair_literal_1_seed303.jpg,83811dca94c46bc7,0.5143,1,1,0,3,chair,0.5143
17,ConAbl,MA,M0,chair,chair_literal_1,literal,1,404,/data/bijaypandey/cuig_pilot/seq_pilot/eval/MA/images/chair_literal_1_seed404.jpg,7b0427d012a13d56,0.9602,1,1,1,13,chair,0.9602
17,ConAbl,MA,M0,chair,chair_literal_2,literal,2,101,/data/bijaypandey/cuig_pilot/seq_pilot/eval/MA/images/chair_literal_2_seed101.jpg,29984110c2e78807,0.9983,1,1,1,11,chair,0.9983
17,ConAbl,MA,M0,chair,chair_literal_2,literal,2,202,/data/bijaypandey/cuig_pilot/seq_pilot/eval/MA/images/chair_literal_2_seed202.jpg,180bbf56d491f0c7,0.9214,1,1,1,5,chair,0.9214
17,ConAbl,MA,M0,chair,chair_literal_2,literal,2,303,/data/bijaypandey/cuig_pilot/seq_pilot/eval/MA/images/chair_literal_2_seed303.jpg,aaa53bfaf5d6bc22,0.9831,1,1,1,20,chair,0.9831
17,ConAbl,MA,M0,chair,chair_literal_2,literal,2,404,/data/bijaypandey/cuig_pilot/seq_pilot/eval/MA/images/chair_literal_2_seed404.jpg,0425f4be3497562c,0.9979,1,1,1,6,chair,0.9979
17,ConAbl,MA,M0,chair,chair_literal_3,literal,3,101,/data/bijaypandey/cuig_pilot/seq_pilot/eval/MA/images/chair_literal_3_seed101.jpg,31f667ad9cb5c7f5,0.9869,1,1,1,12,chair,0.9869
17,ConAbl,MA,M0,chair,chair_literal_3,literal,3,202,/data/bijaypandey/cuig_pilot/seq_pilot/eval/MA/images/chair_literal_3_seed202.jpg,981b0e1e58b5f1b2,0.9959,1,1,1,4,chair,0.9959
17,ConAbl,MA,M0,chair,chair_literal_3,literal,3,303,/data/bijaypandey/cuig_pilot/seq_pilot/eval/MA/images/chair_literal_3_seed303.jpg,807221027932472b,0.9774,1,1,1,6,chair,0.9774
17,ConAbl,MA,M0,chair,chair_literal_3,literal,3,404,/data/bijaypandey/cuig_pilot/seq_pilot/eval/MA/images/chair_literal_3_seed404.jpg,ed179a565db0f49b,0.1502,0,0,0,4,couch,0.9631
17,ConAbl,MA,M0,chair,chair_literal_4,literal,4,101,/data/bijaypandey/cuig_pilot/seq_pilot/eval/MA/images/chair_literal_4_seed101.jpg,5a141fd752120b47,0.9981,1,1,1,2,chair,0.9981
17,ConAbl,MA,M0,chair,chair_literal_4,literal,4,202,/data/bijaypandey/cuig_pilot/seq_pilot/eval/MA/images/chair_literal_4_seed202.jpg,211784c0dd8e02ce,0.9522,1,1,1,6,chair,0.9522
17,ConAbl,MA,M0,chair,chair_literal_4,literal,4,303,/data/bijaypandey/cuig_pilot/seq_pilot/eval/MA/images/chair_literal_4_seed303.jpg,0b38faec6bbb4ef2,0.9942,1,1,1,2,chair,0.9942
17,ConAbl,MA,M0,chair,chair_literal_4,literal,4,404,/data/bijaypandey/cuig_pilot/seq_pilot/eval/MA/images/chair_literal_4_seed404.jpg,1d22c7ec8f1594a7,0.9951,1,1,1,2,chair,0.9951
17,ConAbl,MA,M0,chair,chair_paraphrase_0,paraphrase,0,101,/data/bijaypandey/cuig_pilot/seq_pilot/eval/MA/images/chair_paraphrase_0_seed101.jpg,379c91fe5ece6d4a,0.8435,1,1,1,10,chair,0.8435
17,ConAbl,MA,M0,chair,chair_paraphrase_0,paraphrase,0,202,/data/bijaypandey/cuig_pilot/seq_pilot/eval/MA/images/chair_paraphrase_0_seed202.jpg,5a47d7957427b874,0.9281,1,1,1,8,chair,0.9281
17,ConAbl,MA,M0,chair,chair_paraphrase_0,paraphrase,0,303,/data/bijaypandey/cuig_pilot/seq_pilot/eval/MA/images/chair_paraphrase_0_seed303.jpg,99ee947d223c8af2,0.7286,1,1,1,13,chair,0.7286
17,ConAbl,MA,M0,chair,chair_paraphrase_0,paraphrase,0,404,/data/bijaypandey/cuig_pilot/seq_pilot/eval/MA/images/chair_paraphrase_0_seed404.jpg,b2ec2ccb8975fbea,0.9982,1,1,1,3,chair,0.9982
17,ConAbl,MA,M0,chair,chair_paraphrase_1,paraphrase,1,101,/data/bijaypandey/cuig_pilot/seq_pilot/eval/MA/images/chair_paraphrase_1_seed101.jpg,4ba35c9b63cf2d62,0.9436,1,1,1,8,chair,0.9436
17,ConAbl,MA,M0,chair,chair_paraphrase_1,paraphrase,1,202,/data/bijaypandey/cuig_pilot/seq_pilot/eval/MA/images/chair_paraphrase_1_seed202.jpg,5ab92f816118eb3a,0.6600,1,1,0,13,tv,0.8955
17,ConAbl,MA,M0,chair,chair_paraphrase_1,paraphrase,1,303,/data/bijaypandey/cuig_pilot/seq_pilot/eval/MA/images/chair_paraphrase_1_seed303.jpg,c15e19ab7bc220bd,0.8123,1,1,1,12,chair,0.8123
17,ConAbl,MA,M0,chair,chair_paraphrase_1,paraphrase,1,404,/data/bijaypandey/cuig_pilot/seq_pilot/eval/MA/images/chair_paraphrase_1_seed404.jpg,d3f6686321d35d13,0.8979,1,1,1,7,chair,0.8979
17,ConAbl,MA,M0,chair,chair_paraphrase_2,paraphrase,2,101,/data/bijaypandey/cuig_pilot/seq_pilot/eval/MA/images/chair_paraphrase_2_seed101.jpg,3a22c7513b97fe65,0.9725,1,1,1,9,chair,0.9725
17,ConAbl,MA,M0,chair,chair_paraphrase_2,paraphrase,2,202,/data/bijaypandey/cuig_pilot/seq_pilot/eval/MA/images/chair_paraphrase_2_seed202.jpg,caf26c7907cd9b20,0.9963,1,1,1,7,chair,0.9963
17,ConAbl,MA,M0,chair,chair_paraphrase_2,paraphrase,2,303,/data/bijaypandey/cuig_pilot/seq_pilot/eval/MA/images/chair_paraphrase_2_seed303.jpg,0df4adb3a1a46ca8,0.9551,1,1,1,32,bottle,0.9815
17,ConAbl,MA,M0,chair,chair_paraphrase_2,paraphrase,2,404,/data/bijaypandey/cuig_pilot/seq_pilot/eval/MA/images/chair_paraphrase_2_seed404.jpg,22ff87239a56dbdd,0.9856,1,1,1,6,chair,0.9856
17,ConAbl,MA,M0,chair,chair_paraphrase_3,paraphrase,3,101,/data/bijaypandey/cuig_pilot/seq_pilot/eval/MA/images/chair_paraphrase_3_seed101.jpg,5b6e170cf32d15fc,0.0000,0,0,0,4,bench,0.2604
17,ConAbl,MA,M0,chair,chair_paraphrase_3,paraphrase,3,202,/data/bijaypandey/cuig_pilot/seq_pilot/eval/MA/images/chair_paraphrase_3_seed202.jpg,4c3ad65b2782508e,0.3831,1,0,0,4,bench,0.5791
17,ConAbl,MA,M0,chair,chair_paraphrase_3,paraphrase,3,303,/data/bijaypandey/cuig_pilot/seq_pilot/eval/MA/images/chair_paraphrase_3_seed303.jpg,ac5885df8698c196,0.9772,1,1,1,43,chair,0.9772
17,ConAbl,MA,M0,chair,chair_paraphrase_3,paraphrase,3,404,/data/bijaypandey/cuig_pilot/seq_pilot/eval/MA/images/chair_paraphrase_3_seed404.jpg,2e9bba8da7c8cc5b,0.2245,0,0,0,8,bench,0.6675
17,ConAbl,MA,M0,chair,chair_paraphrase_4,paraphrase,4,101,/data/bijaypandey/cuig_pilot/seq_pilot/eval/MA/images/chair_paraphrase_4_seed101.jpg,d1641012cdff4127,0.9980,1,1,1,4,chair,0.9980
17,ConAbl,MA,M0,chair,chair_paraphrase_4,paraphrase,4,202,/data/bijaypandey/cuig_pilot/seq_pilot/eval/MA/images/chair_paraphrase_4_seed202.jpg,2ad545c7e57be8b1,0.9887,1,1,1,9,chair,0.9887
17,ConAbl,MA,M0,chair,chair_paraphrase_4,paraphrase,4,303,/data/bijaypandey/cuig_pilot/seq_pilot/eval/MA/images/chair_paraphrase_4_seed303.jpg,9310cd39ff665680,0.9962,1,1,1,20,chair,0.9962
17,ConAbl,MA,M0,chair,chair_paraphrase_4,paraphrase,4,404,/data/bijaypandey/cuig_pilot/seq_pilot/eval/MA/images/chair_paraphrase_4_seed404.jpg,30c77dc44f22cb0a,0.9981,1,1,1,6,chair,0.9981
17,ConAbl,MA,M0,bicycle,bicycle_literal_0,literal,0,101,/data/bijaypandey/cuig_pilot/seq_pilot/eval/MA/images/bicycle_literal_0_seed101.jpg,77666fd4c0685127,0.9877,1,1,1,6,bicycle,0.9877
17,ConAbl,MA,M0,bicycle,bicycle_literal_0,literal,0,202,/data/bijaypandey/cuig_pilot/seq_pilot/eval/MA/images/bicycle_literal_0_seed202.jpg,9d04faf49081056f,0.9963,1,1,1,1,bicycle,0.9963
17,ConAbl,MA,M0,bicycle,bicycle_literal_0,literal,0,303,/data/bijaypandey/cuig_pilot/seq_pilot/eval/MA/images/bicycle_literal_0_seed303.jpg,6554ea42b78f3c9e,0.9961,1,1,1,3,bicycle,0.9961
17,ConAbl,MA,M0,bicycle,bicycle_literal_0,literal,0,404,/data/bijaypandey/cuig_pilot/seq_pilot/eval/MA/images/bicycle_literal_0_seed404.jpg,d39c6b9a29ec9411,0.9936,1,1,1,3,bicycle,0.9936
17,ConAbl,MA,M0,bicycle,bicycle_literal_1,literal,1,101,/data/bijaypandey/cuig_pilot/seq_pilot/eval/MA/images/bicycle_literal_1_seed101.jpg,177bb304e243eaae,0.9943,1,1,1,23,bicycle,0.9943
17,ConAbl,MA,M0,bicycle,bicycle_literal_1,literal,1,202,/data/bijaypandey/cuig_pilot/seq_pilot/eval/MA/images/bicycle_literal_1_seed202.jpg,71bba8e4d8dbec0b,0.9982,1,1,1,10,bicycle,0.9982
17,ConAbl,MA,M0,bicycle,bicycle_literal_1,literal,1,303,/data/bijaypandey/cuig_pilot/seq_pilot/eval/MA/images/bicycle_literal_1_seed303.jpg,d982342c17a8891b,0.9982,1,1,1,14,bicycle,0.9982
17,ConAbl,MA,M0,bicycle,bicycle_literal_1,literal,1,404,/data/bijaypandey/cuig_pilot/seq_pilot/eval/MA/images/bicycle_literal_1_seed404.jpg,9283f86b29d81cb4,0.9996,1,1,1,3,bicycle,0.9996
17,ConAbl,MA,M0,bicycle,bicycle_literal_2,literal,2,101,/data/bijaypandey/cuig_pilot/seq_pilot/eval/MA/images/bicycle_literal_2_seed101.jpg,9a033be6c6844744,0.9985,1,1,1,2,bicycle,0.9985
17,ConAbl,MA,M0,bicycle,bicycle_literal_2,literal,2,202,/data/bijaypandey/cuig_pilot/seq_pilot/eval/MA/images/bicycle_literal_2_seed202.jpg,fe6d8bb76c0c54ec,0.9977,1,1,1,3,bicycle,0.9977
17,ConAbl,MA,M0,bicycle,bicycle_literal_2,literal,2,303,/data/bijaypandey/cuig_pilot/seq_pilot/eval/MA/images/bicycle_literal_2_seed303.jpg,6b128d27959eb8b8,0.9994,1,1,1,2,bicycle,0.9994
17,ConAbl,MA,M0,bicycle,bicycle_literal_2,literal,2,404,/data/bijaypandey/cuig_pilot/seq_pilot/eval/MA/images/bicycle_literal_2_seed404.jpg,f482df34c7b0e812,0.9991,1,1,1,2,bicycle,0.9991
17,ConAbl,MA,M0,bicycle,bicycle_literal_3,literal,3,101,/data/bijaypandey/cuig_pilot/seq_pilot/eval/MA/images/bicycle_literal_3_seed101.jpg,2273bd034c85a7b3,0.8671,1,1,1,20,bicycle,0.8671
17,ConAbl,MA,M0,bicycle,bicycle_literal_3,literal,3,202,/data/bijaypandey/cuig_pilot/seq_pilot/eval/MA/images/bicycle_literal_3_seed202.jpg,13569640006d1b25,0.9888,1,1,1,4,bicycle,0.9888
17,ConAbl,MA,M0,bicycle,bicycle_literal_3,literal,3,303,/data/bijaypandey/cuig_pilot/seq_pilot/eval/MA/images/bicycle_literal_3_seed303.jpg,6a1f6e7278a8e774,0.9963,1,1,1,20,bicycle,0.9963
17,ConAbl,MA,M0,bicycle,bicycle_literal_3,literal,3,404,/data/bijaypandey/cuig_pilot/seq_pilot/eval/MA/images/bicycle_literal_3_seed404.jpg,90d6f971804f2818,0.7501,1,1,1,5,bicycle,0.7501
17,ConAbl,MA,M0,bicycle,bicycle_literal_4,literal,4,101,/data/bijaypandey/cuig_pilot/seq_pilot/eval/MA/images/bicycle_literal_4_seed101.jpg,13930d8ba6571b29,0.9986,1,1,1,3,bicycle,0.9986
17,ConAbl,MA,M0,bicycle,bicycle_literal_4,literal,4,202,/data/bijaypandey/cuig_pilot/seq_pilot/eval/MA/images/bicycle_literal_4_seed202.jpg,cd1c9ea808cdc5d6,0.9990,1,1,1,4,bicycle,0.9990
17,ConAbl,MA,M0,bicycle,bicycle_literal_4,literal,4,303,/data/bijaypandey/cuig_pilot/seq_pilot/eval/MA/images/bicycle_literal_4_seed303.jpg,ad851c5777271f68,0.9938,1,1,1,11,bicycle,0.9938
17,ConAbl,MA,M0,bicycle,bicycle_literal_4,literal,4,404,/data/bijaypandey/cuig_pilot/seq_pilot/eval/MA/images/bicycle_literal_4_seed404.jpg,2f34952bf72846d9,0.9936,1,1,1,20,bicycle,0.9936
17,ConAbl,MA,M0,bicycle,bicycle_paraphrase_0,paraphrase,0,101,/data/bijaypandey/cuig_pilot/seq_pilot/eval/MA/images/bicycle_paraphrase_0_seed101.jpg,793760fc0e2139b6,0.9873,1,1,1,6,person,0.9990
17,ConAbl,MA,M0,bicycle,bicycle_paraphrase_0,paraphrase,0,202,/data/bijaypandey/cuig_pilot/seq_pilot/eval/MA/images/bicycle_paraphrase_0_seed202.jpg,09e1037c61cc2cfe,0.9927,1,1,1,4,bicycle,0.9927
17,ConAbl,MA,M0,bicycle,bicycle_paraphrase_0,paraphrase,0,303,/data/bijaypandey/cuig_pilot/seq_pilot/eval/MA/images/bicycle_paraphrase_0_seed303.jpg,ad50e6cbd2fdee7d,0.9916,1,1,1,11,person,0.9926
17,ConAbl,MA,M0,bicycle,bicycle_paraphrase_0,paraphrase,0,404,/data/bijaypandey/cuig_pilot/seq_pilot/eval/MA/images/bicycle_paraphrase_0_seed404.jpg,a80dc317b6b90cb3,0.9958,1,1,1,8,person,0.9985
17,ConAbl,MA,M0,bicycle,bicycle_paraphrase_1,paraphrase,1,101,/data/bijaypandey/cuig_pilot/seq_pilot/eval/MA/images/bicycle_paraphrase_1_seed101.jpg,82d30b76b94b91a0,0.9977,1,1,1,9,bicycle,0.9977
17,ConAbl,MA,M0,bicycle,bicycle_paraphrase_1,paraphrase,1,202,/data/bijaypandey/cuig_pilot/seq_pilot/eval/MA/images/bicycle_paraphrase_1_seed202.jpg,2bedc77a874ca1e1,0.9974,1,1,1,3,bicycle,0.9974
17,ConAbl,MA,M0,bicycle,bicycle_paraphrase_1,paraphrase,1,303,/data/bijaypandey/cuig_pilot/seq_pilot/eval/MA/images/bicycle_paraphrase_1_seed303.jpg,963def51a6e92b34,0.9981,1,1,1,3,bicycle,0.9981
17,ConAbl,MA,M0,bicycle,bicycle_paraphrase_1,paraphrase,1,404,/data/bijaypandey/cuig_pilot/seq_pilot/eval/MA/images/bicycle_paraphrase_1_seed404.jpg,c7fa56cb8dd79329,0.9981,1,1,1,7,bicycle,0.9981
17,ConAbl,MA,M0,bicycle,bicycle_paraphrase_2,paraphrase,2,101,/data/bijaypandey/cuig_pilot/seq_pilot/eval/MA/images/bicycle_paraphrase_2_seed101.jpg,baafa53f77e67dd3,0.9958,1,1,1,18,bicycle,0.9958
17,ConAbl,MA,M0,bicycle,bicycle_paraphrase_2,paraphrase,2,202,/data/bijaypandey/cuig_pilot/seq_pilot/eval/MA/images/bicycle_paraphrase_2_seed202.jpg,a1efc92ad17f123a,0.9942,1,1,1,6,person,0.9997
17,ConAbl,MA,M0,bicycle,bicycle_paraphrase_2,paraphrase,2,303,/data/bijaypandey/cuig_pilot/seq_pilot/eval/MA/images/bicycle_paraphrase_2_seed303.jpg,af6d103582a21b99,0.9650,1,1,1,6,bicycle,0.9650
17,ConAbl,MA,M0,bicycle,bicycle_paraphrase_2,paraphrase,2,404,/data/bijaypandey/cuig_pilot/seq_pilot/eval/MA/images/bicycle_paraphrase_2_seed404.jpg,68788c9fcd860148,0.9753,1,1,1,13,person,0.9982
17,ConAbl,MA,M0,bicycle,bicycle_paraphrase_3,paraphrase,3,101,/data/bijaypandey/cuig_pilot/seq_pilot/eval/MA/images/bicycle_paraphrase_3_seed101.jpg,5fcfead615309c82,0.9971,1,1,1,4,bicycle,0.9971
17,ConAbl,MA,M0,bicycle,bicycle_paraphrase_3,paraphrase,3,202,/data/bijaypandey/cuig_pilot/seq_pilot/eval/MA/images/bicycle_paraphrase_3_seed202.jpg,9085b8810c00e37c,0.9968,1,1,1,9,bicycle,0.9968
17,ConAbl,MA,M0,bicycle,bicycle_paraphrase_3,paraphrase,3,303,/data/bijaypandey/cuig_pilot/seq_pilot/eval/MA/images/bicycle_paraphrase_3_seed303.jpg,d95f4fb5024136ea,0.9982,1,1,1,6,bicycle,0.9982
17,ConAbl,MA,M0,bicycle,bicycle_paraphrase_3,paraphrase,3,404,/data/bijaypandey/cuig_pilot/seq_pilot/eval/MA/images/bicycle_paraphrase_3_seed404.jpg,1b6bfc135aa63baf,0.9984,1,1,1,17,bicycle,0.9984
17,ConAbl,MA,M0,bicycle,bicycle_paraphrase_4,paraphrase,4,101,/data/bijaypandey/cuig_pilot/seq_pilot/eval/MA/images/bicycle_paraphrase_4_seed101.jpg,cd97149a245775e9,0.8695,1,1,1,4,bicycle,0.8695
17,ConAbl,MA,M0,bicycle,bicycle_paraphrase_4,paraphrase,4,202,/data/bijaypandey/cuig_pilot/seq_pilot/eval/MA/images/bicycle_paraphrase_4_seed202.jpg,8e1bedfac8f3eee2,0.0000,0,0,0,18,tie,0.4679
17,ConAbl,MA,M0,bicycle,bicycle_paraphrase_4,paraphrase,4,303,/data/bijaypandey/cuig_pilot/seq_pilot/eval/MA/images/bicycle_paraphrase_4_seed303.jpg,2927fc5a00222ffe,0.1298,0,0,0,5,umbrella,0.5431
17,ConAbl,MA,M0,bicycle,bicycle_paraphrase_4,paraphrase,4,404,/data/bijaypandey/cuig_pilot/seq_pilot/eval/MA/images/bicycle_paraphrase_4_seed404.jpg,c20f4e5b1afc5a88,0.9949,1,1,1,3,bicycle,0.9949
17,ConAbl,MAB,MA,cat,cat_literal_0,literal,0,101,/data/bijaypandey/cuig_pilot/seq_pilot/eval/MAB/images/cat_literal_0_seed101.jpg,3d7c0b4a66fe37c2,0.0000,0,0,0,4,horse,0.9938
17,ConAbl,MAB,MA,cat,cat_literal_0,literal,0,202,/data/bijaypandey/cuig_pilot/seq_pilot/eval/MAB/images/cat_literal_0_seed202.jpg,874a5c78a670d0f6,0.0755,0,0,0,4,bench,0.9490
17,ConAbl,MAB,MA,cat,cat_literal_0,literal,0,303,/data/bijaypandey/cuig_pilot/seq_pilot/eval/MAB/images/cat_literal_0_seed303.jpg,2d907d20540ca268,0.0000,0,0,0,10,horse,0.9761
17,ConAbl,MAB,MA,cat,cat_literal_0,literal,0,404,/data/bijaypandey/cuig_pilot/seq_pilot/eval/MAB/images/cat_literal_0_seed404.jpg,b4d31414c0cd6116,0.0000,0,0,0,9,dog,0.8682
17,ConAbl,MAB,MA,cat,cat_literal_1,literal,1,101,/data/bijaypandey/cuig_pilot/seq_pilot/eval/MAB/images/cat_literal_1_seed101.jpg,e9a94698295cd7d4,0.0000,0,0,0,3,horse,0.9982
17,ConAbl,MAB,MA,cat,cat_literal_1,literal,1,202,/data/bijaypandey/cuig_pilot/seq_pilot/eval/MAB/images/cat_literal_1_seed202.jpg,7363665122c39682,0.0000,0,0,0,2,horse,0.9986
17,ConAbl,MAB,MA,cat,cat_literal_1,literal,1,303,/data/bijaypandey/cuig_pilot/seq_pilot/eval/MAB/images/cat_literal_1_seed303.jpg,9b894c0dc12c9423,0.0000,0,0,0,6,horse,0.9923
17,ConAbl,MAB,MA,cat,cat_literal_1,literal,1,404,/data/bijaypandey/cuig_pilot/seq_pilot/eval/MAB/images/cat_literal_1_seed404.jpg,97c80a2c49af5755,0.0000,0,0,0,5,horse,0.9925
17,ConAbl,MAB,MA,cat,cat_literal_2,literal,2,101,/data/bijaypandey/cuig_pilot/seq_pilot/eval/MAB/images/cat_literal_2_seed101.jpg,2f78960423de843d,0.3035,1,0,0,9,horse,0.9825
17,ConAbl,MAB,MA,cat,cat_literal_2,literal,2,202,/data/bijaypandey/cuig_pilot/seq_pilot/eval/MAB/images/cat_literal_2_seed202.jpg,48510ddba710a16d,0.0000,0,0,0,4,horse,0.7652
17,ConAbl,MAB,MA,cat,cat_literal_2,literal,2,303,/data/bijaypandey/cuig_pilot/seq_pilot/eval/MAB/images/cat_literal_2_seed303.jpg,aa57e262e4d71e5e,0.0000,0,0,0,1,horse,0.9898
17,ConAbl,MAB,MA,cat,cat_literal_2,literal,2,404,/data/bijaypandey/cuig_pilot/seq_pilot/eval/MAB/images/cat_literal_2_seed404.jpg,e15512f5d3912b49,0.0000,0,0,0,4,horse,0.9028
17,ConAbl,MAB,MA,cat,cat_literal_3,literal,3,101,/data/bijaypandey/cuig_pilot/seq_pilot/eval/MAB/images/cat_literal_3_seed101.jpg,0cb5d0adbd8cc820,0.0000,0,0,0,13,horse,0.6886
17,ConAbl,MAB,MA,cat,cat_literal_3,literal,3,202,/data/bijaypandey/cuig_pilot/seq_pilot/eval/MAB/images/cat_literal_3_seed202.jpg,f6b565f7d5d70dcc,0.0000,0,0,0,4,horse,0.9380
17,ConAbl,MAB,MA,cat,cat_literal_3,literal,3,303,/data/bijaypandey/cuig_pilot/seq_pilot/eval/MAB/images/cat_literal_3_seed303.jpg,b5eda7b574626834,0.0000,0,0,0,6,horse,0.9272
17,ConAbl,MAB,MA,cat,cat_literal_3,literal,3,404,/data/bijaypandey/cuig_pilot/seq_pilot/eval/MAB/images/cat_literal_3_seed404.jpg,5773f62cea5fc334,0.0000,0,0,0,5,dog,0.8324
17,ConAbl,MAB,MA,cat,cat_literal_4,literal,4,101,/data/bijaypandey/cuig_pilot/seq_pilot/eval/MAB/images/cat_literal_4_seed101.jpg,1110c88b977216d1,0.0000,0,0,0,2,horse,0.9991
17,ConAbl,MAB,MA,cat,cat_literal_4,literal,4,202,/data/bijaypandey/cuig_pilot/seq_pilot/eval/MAB/images/cat_literal_4_seed202.jpg,a68d5dc1aea5a019,0.0000,0,0,0,5,horse,0.9985
17,ConAbl,MAB,MA,cat,cat_literal_4,literal,4,303,/data/bijaypandey/cuig_pilot/seq_pilot/eval/MAB/images/cat_literal_4_seed303.jpg,deb23b2bb4ddc6fe,0.0000,0,0,0,5,horse,0.9956
17,ConAbl,MAB,MA,cat,cat_literal_4,literal,4,404,/data/bijaypandey/cuig_pilot/seq_pilot/eval/MAB/images/cat_literal_4_seed404.jpg,4761f95654680f7d,0.0000,0,0,0,9,horse,0.9930
17,ConAbl,MAB,MA,cat,cat_paraphrase_0,paraphrase,0,101,/data/bijaypandey/cuig_pilot/seq_pilot/eval/MAB/images/cat_paraphrase_0_seed101.jpg,75b766e5518f6e72,0.0000,0,0,0,2,horse,0.9984
17,ConAbl,MAB,MA,cat,cat_paraphrase_0,paraphrase,0,202,/data/bijaypandey/cuig_pilot/seq_pilot/eval/MAB/images/cat_paraphrase_0_seed202.jpg,e45a18289cfedab4,0.0000,0,0,0,4,horse,0.9803
17,ConAbl,MAB,MA,cat,cat_paraphrase_0,paraphrase,0,303,/data/bijaypandey/cuig_pilot/seq_pilot/eval/MAB/images/cat_paraphrase_0_seed303.jpg,c4150665a67aa75e,0.0000,0,0,0,6,horse,0.9071
17,ConAbl,MAB,MA,cat,cat_paraphrase_0,paraphrase,0,404,/data/bijaypandey/cuig_pilot/seq_pilot/eval/MAB/images/cat_paraphrase_0_seed404.jpg,fc7621e6dfeb56ed,0.0000,0,0,0,6,horse,0.9573
17,ConAbl,MAB,MA,cat,cat_paraphrase_1,paraphrase,1,101,/data/bijaypandey/cuig_pilot/seq_pilot/eval/MAB/images/cat_paraphrase_1_seed101.jpg,236acfed498e252b,0.0000,0,0,0,4,horse,0.9982
17,ConAbl,MAB,MA,cat,cat_paraphrase_1,paraphrase,1,202,/data/bijaypandey/cuig_pilot/seq_pilot/eval/MAB/images/cat_paraphrase_1_seed202.jpg,9532635a0b09e379,0.0000,0,0,0,13,horse,0.9924
17,ConAbl,MAB,MA,cat,cat_paraphrase_1,paraphrase,1,303,/data/bijaypandey/cuig_pilot/seq_pilot/eval/MAB/images/cat_paraphrase_1_seed303.jpg,ece343b87648bdc4,0.0000,0,0,0,6,horse,0.9909
17,ConAbl,MAB,MA,cat,cat_paraphrase_1,paraphrase,1,404,/data/bijaypandey/cuig_pilot/seq_pilot/eval/MAB/images/cat_paraphrase_1_seed404.jpg,34edb1a2d8d03fdb,0.0000,0,0,0,4,horse,0.9369
17,ConAbl,MAB,MA,cat,cat_paraphrase_2,paraphrase,2,101,/data/bijaypandey/cuig_pilot/seq_pilot/eval/MAB/images/cat_paraphrase_2_seed101.jpg,d3987d03abf4b9a6,0.0000,0,0,0,2,horse,0.9930
17,ConAbl,MAB,MA,cat,cat_paraphrase_2,paraphrase,2,202,/data/bijaypandey/cuig_pilot/seq_pilot/eval/MAB/images/cat_paraphrase_2_seed202.jpg,6ff4be8500184ee4,0.0000,0,0,0,12,horse,0.9866
17,ConAbl,MAB,MA,cat,cat_paraphrase_2,paraphrase,2,303,/data/bijaypandey/cuig_pilot/seq_pilot/eval/MAB/images/cat_paraphrase_2_seed303.jpg,238de1a2ac269ad1,0.0000,0,0,0,5,horse,0.9882
17,ConAbl,MAB,MA,cat,cat_paraphrase_2,paraphrase,2,404,/data/bijaypandey/cuig_pilot/seq_pilot/eval/MAB/images/cat_paraphrase_2_seed404.jpg,c7ccefed6a3c3c89,0.2497,0,0,0,16,elephant,0.6051
17,ConAbl,MAB,MA,cat,cat_paraphrase_3,paraphrase,3,101,/data/bijaypandey/cuig_pilot/seq_pilot/eval/MAB/images/cat_paraphrase_3_seed101.jpg,aa4f3737d1433a10,0.0000,0,0,0,6,horse,0.9895
17,ConAbl,MAB,MA,cat,cat_paraphrase_3,paraphrase,3,202,/data/bijaypandey/cuig_pilot/seq_pilot/eval/MAB/images/cat_paraphrase_3_seed202.jpg,51e3fe340e4cbf3d,0.0000,0,0,0,5,horse,0.9973
17,ConAbl,MAB,MA,cat,cat_paraphrase_3,paraphrase,3,303,/data/bijaypandey/cuig_pilot/seq_pilot/eval/MAB/images/cat_paraphrase_3_seed303.jpg,91e34b75408d381b,0.0000,0,0,0,7,horse,0.9983
17,ConAbl,MAB,MA,cat,cat_paraphrase_3,paraphrase,3,404,/data/bijaypandey/cuig_pilot/seq_pilot/eval/MAB/images/cat_paraphrase_3_seed404.jpg,481c798e5aaf3e8a,0.0000,0,0,0,2,horse,0.9867
17,ConAbl,MAB,MA,cat,cat_paraphrase_4,paraphrase,4,101,/data/bijaypandey/cuig_pilot/seq_pilot/eval/MAB/images/cat_paraphrase_4_seed101.jpg,052dde2aa7b77862,0.0000,0,0,0,2,horse,0.9967
17,ConAbl,MAB,MA,cat,cat_paraphrase_4,paraphrase,4,202,/data/bijaypandey/cuig_pilot/seq_pilot/eval/MAB/images/cat_paraphrase_4_seed202.jpg,837b53f7a386c6db,0.0000,0,0,0,6,horse,0.9867
17,ConAbl,MAB,MA,cat,cat_paraphrase_4,paraphrase,4,303,/data/bijaypandey/cuig_pilot/seq_pilot/eval/MAB/images/cat_paraphrase_4_seed303.jpg,8e6ec5a8e2b47a16,0.0000,0,0,0,3,horse,0.9959
17,ConAbl,MAB,MA,cat,cat_paraphrase_4,paraphrase,4,404,/data/bijaypandey/cuig_pilot/seq_pilot/eval/MAB/images/cat_paraphrase_4_seed404.jpg,8172f418fa72dba9,0.0000,0,0,0,7,horse,0.9965
17,ConAbl,MAB,MA,dog,dog_literal_0,literal,0,101,/data/bijaypandey/cuig_pilot/seq_pilot/eval/MAB/images/dog_literal_0_seed101.jpg,27c51573a2c4ef04,0.0000,0,0,0,1,horse,0.9990
17,ConAbl,MAB,MA,dog,dog_literal_0,literal,0,202,/data/bijaypandey/cuig_pilot/seq_pilot/eval/MAB/images/dog_literal_0_seed202.jpg,2927bbbd0cef73a2,0.0000,0,0,0,2,horse,0.9933
17,ConAbl,MAB,MA,dog,dog_literal_0,literal,0,303,/data/bijaypandey/cuig_pilot/seq_pilot/eval/MAB/images/dog_literal_0_seed303.jpg,cad553e1264b7110,0.0000,0,0,0,2,horse,0.9996
17,ConAbl,MAB,MA,dog,dog_literal_0,literal,0,404,/data/bijaypandey/cuig_pilot/seq_pilot/eval/MAB/images/dog_literal_0_seed404.jpg,89d02d977c2f7c21,0.1188,0,0,0,6,horse,0.9662
17,ConAbl,MAB,MA,dog,dog_literal_1,literal,1,101,/data/bijaypandey/cuig_pilot/seq_pilot/eval/MAB/images/dog_literal_1_seed101.jpg,363083f8dea6f216,0.0000,0,0,0,5,horse,0.9965
17,ConAbl,MAB,MA,dog,dog_literal_1,literal,1,202,/data/bijaypandey/cuig_pilot/seq_pilot/eval/MAB/images/dog_literal_1_seed202.jpg,3b876eaf87eb3e15,0.8408,1,1,1,10,dog,0.8408
17,ConAbl,MAB,MA,dog,dog_literal_1,literal,1,303,/data/bijaypandey/cuig_pilot/seq_pilot/eval/MAB/images/dog_literal_1_seed303.jpg,cbc6090c004bceaf,0.0000,0,0,0,3,horse,0.9798
17,ConAbl,MAB,MA,dog,dog_literal_1,literal,1,404,/data/bijaypandey/cuig_pilot/seq_pilot/eval/MAB/images/dog_literal_1_seed404.jpg,8b30a8ca54e92b49,0.1240,0,0,0,6,horse,0.9989
17,ConAbl,MAB,MA,dog,dog_literal_2,literal,2,101,/data/bijaypandey/cuig_pilot/seq_pilot/eval/MAB/images/dog_literal_2_seed101.jpg,cc77873296c766c5,0.0000,0,0,0,3,horse,0.9759
17,ConAbl,MAB,MA,dog,dog_literal_2,literal,2,202,/data/bijaypandey/cuig_pilot/seq_pilot/eval/MAB/images/dog_literal_2_seed202.jpg,4b8a4a9a8499a8be,0.3833,1,0,0,4,horse,0.5996
17,ConAbl,MAB,MA,dog,dog_literal_2,literal,2,303,/data/bijaypandey/cuig_pilot/seq_pilot/eval/MAB/images/dog_literal_2_seed303.jpg,f3a97b395c102e0c,0.5974,1,1,0,5,horse,0.6333
17,ConAbl,MAB,MA,dog,dog_literal_2,literal,2,404,/data/bijaypandey/cuig_pilot/seq_pilot/eval/MAB/images/dog_literal_2_seed404.jpg,e12aeee68d310c8d,0.7338,1,1,1,9,horse,0.8600
17,ConAbl,MAB,MA,dog,dog_literal_3,literal,3,101,/data/bijaypandey/cuig_pilot/seq_pilot/eval/MAB/images/dog_literal_3_seed101.jpg,34d3212b038f6b3a,0.0790,0,0,0,9,horse,0.9960
17,ConAbl,MAB,MA,dog,dog_literal_3,literal,3,202,/data/bijaypandey/cuig_pilot/seq_pilot/eval/MAB/images/dog_literal_3_seed202.jpg,5e4e181a898e03df,0.0975,0,0,0,13,horse,0.9368
17,ConAbl,MAB,MA,dog,dog_literal_3,literal,3,303,/data/bijaypandey/cuig_pilot/seq_pilot/eval/MAB/images/dog_literal_3_seed303.jpg,05bf8b991ada5f7b,0.7920,1,1,1,5,dog,0.7920
17,ConAbl,MAB,MA,dog,dog_literal_3,literal,3,404,/data/bijaypandey/cuig_pilot/seq_pilot/eval/MAB/images/dog_literal_3_seed404.jpg,d1edf24b2b9b8285,0.0531,0,0,0,20,horse,0.9909
17,ConAbl,MAB,MA,dog,dog_literal_4,literal,4,101,/data/bijaypandey/cuig_pilot/seq_pilot/eval/MAB/images/dog_literal_4_seed101.jpg,eb59808efd991b42,0.0000,0,0,0,5,horse,0.8851
17,ConAbl,MAB,MA,dog,dog_literal_4,literal,4,202,/data/bijaypandey/cuig_pilot/seq_pilot/eval/MAB/images/dog_literal_4_seed202.jpg,06c0799a2e49a780,0.0000,0,0,0,11,horse,0.9679
17,ConAbl,MAB,MA,dog,dog_literal_4,literal,4,303,/data/bijaypandey/cuig_pilot/seq_pilot/eval/MAB/images/dog_literal_4_seed303.jpg,720aaa747db3fdfd,0.0000,0,0,0,1,horse,0.9938
17,ConAbl,MAB,MA,dog,dog_literal_4,literal,4,404,/data/bijaypandey/cuig_pilot/seq_pilot/eval/MAB/images/dog_literal_4_seed404.jpg,af6bfe047f7c5a5c,0.0000,0,0,0,2,horse,0.9965
17,ConAbl,MAB,MA,dog,dog_paraphrase_0,paraphrase,0,101,/data/bijaypandey/cuig_pilot/seq_pilot/eval/MAB/images/dog_paraphrase_0_seed101.jpg,992c5daf4bc49123,0.4924,1,0,0,9,horse,0.9748
17,ConAbl,MAB,MA,dog,dog_paraphrase_0,paraphrase,0,202,/data/bijaypandey/cuig_pilot/seq_pilot/eval/MAB/images/dog_paraphrase_0_seed202.jpg,3c6824d55e6ad801,0.0000,0,0,0,6,horse,0.9898
17,ConAbl,MAB,MA,dog,dog_paraphrase_0,paraphrase,0,303,/data/bijaypandey/cuig_pilot/seq_pilot/eval/MAB/images/dog_paraphrase_0_seed303.jpg,068ba53192b3b5f7,0.0000,0,0,0,5,horse,0.9990
17,ConAbl,MAB,MA,dog,dog_paraphrase_0,paraphrase,0,404,/data/bijaypandey/cuig_pilot/seq_pilot/eval/MAB/images/dog_paraphrase_0_seed404.jpg,d28a540da4c1096f,0.0000,0,0,0,6,horse,0.9966
17,ConAbl,MAB,MA,dog,dog_paraphrase_1,paraphrase,1,101,/data/bijaypandey/cuig_pilot/seq_pilot/eval/MAB/images/dog_paraphrase_1_seed101.jpg,d83ec61568b6d9ac,0.0000,0,0,0,4,horse,0.9994
17,ConAbl,MAB,MA,dog,dog_paraphrase_1,paraphrase,1,202,/data/bijaypandey/cuig_pilot/seq_pilot/eval/MAB/images/dog_paraphrase_1_seed202.jpg,24ed9035808d529a,0.0000,0,0,0,5,horse,0.9990
17,ConAbl,MAB,MA,dog,dog_paraphrase_1,paraphrase,1,303,/data/bijaypandey/cuig_pilot/seq_pilot/eval/MAB/images/dog_paraphrase_1_seed303.jpg,5c4e0423d8fc3032,0.0504,0,0,0,12,horse,0.9921
17,ConAbl,MAB,MA,dog,dog_paraphrase_1,paraphrase,1,404,/data/bijaypandey/cuig_pilot/seq_pilot/eval/MAB/images/dog_paraphrase_1_seed404.jpg,32b186d4a4a7b0cd,0.0000,0,0,0,2,horse,0.9994
17,ConAbl,MAB,MA,dog,dog_paraphrase_2,paraphrase,2,101,/data/bijaypandey/cuig_pilot/seq_pilot/eval/MAB/images/dog_paraphrase_2_seed101.jpg,2ae9c77ac146eaef,0.0000,0,0,0,3,horse,0.9990
17,ConAbl,MAB,MA,dog,dog_paraphrase_2,paraphrase,2,202,/data/bijaypandey/cuig_pilot/seq_pilot/eval/MAB/images/dog_paraphrase_2_seed202.jpg,6a68b4294466c818,0.0000,0,0,0,3,horse,0.9971
17,ConAbl,MAB,MA,dog,dog_paraphrase_2,paraphrase,2,303,/data/bijaypandey/cuig_pilot/seq_pilot/eval/MAB/images/dog_paraphrase_2_seed303.jpg,6a6f520d258d70d8,0.1738,0,0,0,6,horse,0.9505
17,ConAbl,MAB,MA,dog,dog_paraphrase_2,paraphrase,2,404,/data/bijaypandey/cuig_pilot/seq_pilot/eval/MAB/images/dog_paraphrase_2_seed404.jpg,8b8d29f1a31b27f6,0.0000,0,0,0,9,horse,0.9979
17,ConAbl,MAB,MA,dog,dog_paraphrase_3,paraphrase,3,101,/data/bijaypandey/cuig_pilot/seq_pilot/eval/MAB/images/dog_paraphrase_3_seed101.jpg,4fda6ced5505be7d,0.0000,0,0,0,3,horse,0.9577
17,ConAbl,MAB,MA,dog,dog_paraphrase_3,paraphrase,3,202,/data/bijaypandey/cuig_pilot/seq_pilot/eval/MAB/images/dog_paraphrase_3_seed202.jpg,397fffcc8c652745,0.0000,0,0,0,4,horse,0.9741
17,ConAbl,MAB,MA,dog,dog_paraphrase_3,paraphrase,3,303,/data/bijaypandey/cuig_pilot/seq_pilot/eval/MAB/images/dog_paraphrase_3_seed303.jpg,2845a9fdbc81ae29,0.0661,0,0,0,5,horse,0.9768
17,ConAbl,MAB,MA,dog,dog_paraphrase_3,paraphrase,3,404,/data/bijaypandey/cuig_pilot/seq_pilot/eval/MAB/images/dog_paraphrase_3_seed404.jpg,91944bf04a43cc97,0.0000,0,0,0,3,horse,0.9985
17,ConAbl,MAB,MA,dog,dog_paraphrase_4,paraphrase,4,101,/data/bijaypandey/cuig_pilot/seq_pilot/eval/MAB/images/dog_paraphrase_4_seed101.jpg,71694a90e7e5a37c,0.0000,0,0,0,1,horse,0.9978
17,ConAbl,MAB,MA,dog,dog_paraphrase_4,paraphrase,4,202,/data/bijaypandey/cuig_pilot/seq_pilot/eval/MAB/images/dog_paraphrase_4_seed202.jpg,ee371663ac02c526,0.0000,0,0,0,8,horse,0.9918
17,ConAbl,MAB,MA,dog,dog_paraphrase_4,paraphrase,4,303,/data/bijaypandey/cuig_pilot/seq_pilot/eval/MAB/images/dog_paraphrase_4_seed303.jpg,2fde21cfd051c2d5,0.0000,0,0,0,2,horse,0.9979
17,ConAbl,MAB,MA,dog,dog_paraphrase_4,paraphrase,4,404,/data/bijaypandey/cuig_pilot/seq_pilot/eval/MAB/images/dog_paraphrase_4_seed404.jpg,ae5f41ddfddc11cd,0.0000,0,0,0,3,horse,0.9965
17,ConAbl,MAB,MA,sandwich,sandwich_literal_0,literal,0,101,/data/bijaypandey/cuig_pilot/seq_pilot/eval/MAB/images/sandwich_literal_0_seed101.jpg,a3e8dcc31573d680,0.9846,1,1,1,19,bowl,0.9885
17,ConAbl,MAB,MA,sandwich,sandwich_literal_0,literal,0,202,/data/bijaypandey/cuig_pilot/seq_pilot/eval/MAB/images/sandwich_literal_0_seed202.jpg,e724092e0a90aa02,0.9966,1,1,1,6,sandwich,0.9966
17,ConAbl,MAB,MA,sandwich,sandwich_literal_0,literal,0,303,/data/bijaypandey/cuig_pilot/seq_pilot/eval/MAB/images/sandwich_literal_0_seed303.jpg,c8e1e96641aa40cc,0.9407,1,1,1,9,sandwich,0.9407
17,ConAbl,MAB,MA,sandwich,sandwich_literal_0,literal,0,404,/data/bijaypandey/cuig_pilot/seq_pilot/eval/MAB/images/sandwich_literal_0_seed404.jpg,df3244a9472a26b9,0.9046,1,1,1,16,dining table,0.9237
17,ConAbl,MAB,MA,sandwich,sandwich_literal_1,literal,1,101,/data/bijaypandey/cuig_pilot/seq_pilot/eval/MAB/images/sandwich_literal_1_seed101.jpg,43dd4aeaabbedfaf,0.8880,1,1,1,13,sandwich,0.8880
17,ConAbl,MAB,MA,sandwich,sandwich_literal_1,literal,1,202,/data/bijaypandey/cuig_pilot/seq_pilot/eval/MAB/images/sandwich_literal_1_seed202.jpg,fe1388792b073ce4,0.9843,1,1,1,5,sandwich,0.9843
17,ConAbl,MAB,MA,sandwich,sandwich_literal_1,literal,1,303,/data/bijaypandey/cuig_pilot/seq_pilot/eval/MAB/images/sandwich_literal_1_seed303.jpg,c9f56929a77f085b,0.9397,1,1,1,22,cup,0.9856
17,ConAbl,MAB,MA,sandwich,sandwich_literal_1,literal,1,404,/data/bijaypandey/cuig_pilot/seq_pilot/eval/MAB/images/sandwich_literal_1_seed404.jpg,823f7f59e3390ae1,0.9496,1,1,1,12,sandwich,0.9496
17,ConAbl,MAB,MA,sandwich,sandwich_literal_2,literal,2,101,/data/bijaypandey/cuig_pilot/seq_pilot/eval/MAB/images/sandwich_literal_2_seed101.jpg,f1d8dbb4b9e88846,0.0934,0,0,0,6,hot dog,0.8317
17,ConAbl,MAB,MA,sandwich,sandwich_literal_2,literal,2,202,/data/bijaypandey/cuig_pilot/seq_pilot/eval/MAB/images/sandwich_literal_2_seed202.jpg,29ec5da14a766575,0.8968,1,1,1,9,sandwich,0.8968
17,ConAbl,MAB,MA,sandwich,sandwich_literal_2,literal,2,303,/data/bijaypandey/cuig_pilot/seq_pilot/eval/MAB/images/sandwich_literal_2_seed303.jpg,689e6962a1acfb50,0.9824,1,1,1,8,sandwich,0.9824
17,ConAbl,MAB,MA,sandwich,sandwich_literal_2,literal,2,404,/data/bijaypandey/cuig_pilot/seq_pilot/eval/MAB/images/sandwich_literal_2_seed404.jpg,26dd46360ac3c33b,0.9555,1,1,1,4,sandwich,0.9555
17,ConAbl,MAB,MA,sandwich,sandwich_literal_3,literal,3,101,/data/bijaypandey/cuig_pilot/seq_pilot/eval/MAB/images/sandwich_literal_3_seed101.jpg,f545812028f6edae,0.9581,1,1,1,15,sandwich,0.9581
17,ConAbl,MAB,MA,sandwich,sandwich_literal_3,literal,3,202,/data/bijaypandey/cuig_pilot/seq_pilot/eval/MAB/images/sandwich_literal_3_seed202.jpg,f7d3e07b52739a53,0.9855,1,1,1,13,dining table,0.9889
17,ConAbl,MAB,MA,sandwich,sandwich_literal_3,literal,3,303,/data/bijaypandey/cuig_pilot/seq_pilot/eval/MAB/images/sandwich_literal_3_seed303.jpg,d83ddb50cd1a7773,0.9349,1,1,1,21,dining table,0.9792
17,ConAbl,MAB,MA,sandwich,sandwich_literal_3,literal,3,404,/data/bijaypandey/cuig_pilot/seq_pilot/eval/MAB/images/sandwich_literal_3_seed404.jpg,b8d988795f8f18d4,0.9969,1,1,1,16,sandwich,0.9969
17,ConAbl,MAB,MA,sandwich,sandwich_literal_4,literal,4,101,/data/bijaypandey/cuig_pilot/seq_pilot/eval/MAB/images/sandwich_literal_4_seed101.jpg,d24034c335d263ab,0.9945,1,1,1,7,sandwich,0.9945
17,ConAbl,MAB,MA,sandwich,sandwich_literal_4,literal,4,202,/data/bijaypandey/cuig_pilot/seq_pilot/eval/MAB/images/sandwich_literal_4_seed202.jpg,b4e4a479ecbe8b18,0.7813,1,1,1,7,sandwich,0.7813
17,ConAbl,MAB,MA,sandwich,sandwich_literal_4,literal,4,303,/data/bijaypandey/cuig_pilot/seq_pilot/eval/MAB/images/sandwich_literal_4_seed303.jpg,506c5b364ee24c49,0.9949,1,1,1,15,sandwich,0.9949
17,ConAbl,MAB,MA,sandwich,sandwich_literal_4,literal,4,404,/data/bijaypandey/cuig_pilot/seq_pilot/eval/MAB/images/sandwich_literal_4_seed404.jpg,c1ba8b7de427b534,0.9818,1,1,1,15,sandwich,0.9818
17,ConAbl,MAB,MA,sandwich,sandwich_paraphrase_0,paraphrase,0,101,/data/bijaypandey/cuig_pilot/seq_pilot/eval/MAB/images/sandwich_paraphrase_0_seed101.jpg,bd1fc0b17654fdce,0.7389,1,1,1,15,sandwich,0.7389
17,ConAbl,MAB,MA,sandwich,sandwich_paraphrase_0,paraphrase,0,202,/data/bijaypandey/cuig_pilot/seq_pilot/eval/MAB/images/sandwich_paraphrase_0_seed202.jpg,b4891e76a8dceff5,0.8827,1,1,1,16,sandwich,0.8827
17,ConAbl,MAB,MA,sandwich,sandwich_paraphrase_0,paraphrase,0,303,/data/bijaypandey/cuig_pilot/seq_pilot/eval/MAB/images/sandwich_paraphrase_0_seed303.jpg,fb0858a4b9ea3286,0.6823,1,1,0,20,dining table,0.8126
17,ConAbl,MAB,MA,sandwich,sandwich_paraphrase_0,paraphrase,0,404,/data/bijaypandey/cuig_pilot/seq_pilot/eval/MAB/images/sandwich_paraphrase_0_seed404.jpg,f868ffb441c5dce5,0.0000,0,0,0,6,banana,0.8212
17,ConAbl,MAB,MA,sandwich,sandwich_paraphrase_1,paraphrase,1,101,/data/bijaypandey/cuig_pilot/seq_pilot/eval/MAB/images/sandwich_paraphrase_1_seed101.jpg,9ced412d0e063996,0.2695,0,0,0,8,bowl,0.8082
17,ConAbl,MAB,MA,sandwich,sandwich_paraphrase_1,paraphrase,1,202,/data/bijaypandey/cuig_pilot/seq_pilot/eval/MAB/images/sandwich_paraphrase_1_seed202.jpg,93eeb728d326915a,0.9054,1,1,1,16,sandwich,0.9054
17,ConAbl,MAB,MA,sandwich,sandwich_paraphrase_1,paraphrase,1,303,/data/bijaypandey/cuig_pilot/seq_pilot/eval/MAB/images/sandwich_paraphrase_1_seed303.jpg,e7da015a9a9f92d6,0.9387,1,1,1,17,dining table,0.9393
17,ConAbl,MAB,MA,sandwich,sandwich_paraphrase_1,paraphrase,1,404,/data/bijaypandey/cuig_pilot/seq_pilot/eval/MAB/images/sandwich_paraphrase_1_seed404.jpg,e0060277ad1f0ac8,0.0000,0,0,0,22,banana,0.5683
17,ConAbl,MAB,MA,sandwich,sandwich_paraphrase_2,paraphrase,2,101,/data/bijaypandey/cuig_pilot/seq_pilot/eval/MAB/images/sandwich_paraphrase_2_seed101.jpg,9db7e14b76570f46,0.9341,1,1,1,36,sandwich,0.9341
17,ConAbl,MAB,MA,sandwich,sandwich_paraphrase_2,paraphrase,2,202,/data/bijaypandey/cuig_pilot/seq_pilot/eval/MAB/images/sandwich_paraphrase_2_seed202.jpg,2d370f31cca968e5,0.9460,1,1,1,21,dining table,0.9845
17,ConAbl,MAB,MA,sandwich,sandwich_paraphrase_2,paraphrase,2,303,/data/bijaypandey/cuig_pilot/seq_pilot/eval/MAB/images/sandwich_paraphrase_2_seed303.jpg,c6ad62e4ad3eb694,0.8257,1,1,1,19,sandwich,0.8257
17,ConAbl,MAB,MA,sandwich,sandwich_paraphrase_2,paraphrase,2,404,/data/bijaypandey/cuig_pilot/seq_pilot/eval/MAB/images/sandwich_paraphrase_2_seed404.jpg,0e466c031449d34c,0.9669,1,1,1,17,sandwich,0.9669
17,ConAbl,MAB,MA,sandwich,sandwich_paraphrase_3,paraphrase,3,101,/data/bijaypandey/cuig_pilot/seq_pilot/eval/MAB/images/sandwich_paraphrase_3_seed101.jpg,892ccaba21477480,0.1266,0,0,0,14,orange,0.9221
17,ConAbl,MAB,MA,sandwich,sandwich_paraphrase_3,paraphrase,3,202,/data/bijaypandey/cuig_pilot/seq_pilot/eval/MAB/images/sandwich_paraphrase_3_seed202.jpg,a2cb49de297a0e3d,0.9553,1,1,1,18,sandwich,0.9553
17,ConAbl,MAB,MA,sandwich,sandwich_paraphrase_3,paraphrase,3,303,/data/bijaypandey/cuig_pilot/seq_pilot/eval/MAB/images/sandwich_paraphrase_3_seed303.jpg,144a2f69e814c622,0.0000,0,0,0,16,dining table,0.9782
17,ConAbl,MAB,MA,sandwich,sandwich_paraphrase_3,paraphrase,3,404,/data/bijaypandey/cuig_pilot/seq_pilot/eval/MAB/images/sandwich_paraphrase_3_seed404.jpg,6840f357df2aa9cd,0.2201,0,0,0,9,dining table,0.4814
17,ConAbl,MAB,MA,sandwich,sandwich_paraphrase_4,paraphrase,4,101,/data/bijaypandey/cuig_pilot/seq_pilot/eval/MAB/images/sandwich_paraphrase_4_seed101.jpg,803e4262c9b57119,0.9550,1,1,1,26,sandwich,0.9550
17,ConAbl,MAB,MA,sandwich,sandwich_paraphrase_4,paraphrase,4,202,/data/bijaypandey/cuig_pilot/seq_pilot/eval/MAB/images/sandwich_paraphrase_4_seed202.jpg,3676a8f2c56cabd7,0.9247,1,1,1,26,bowl,0.9870
17,ConAbl,MAB,MA,sandwich,sandwich_paraphrase_4,paraphrase,4,303,/data/bijaypandey/cuig_pilot/seq_pilot/eval/MAB/images/sandwich_paraphrase_4_seed303.jpg,c22319e338153721,0.5041,1,1,0,23,dining table,0.8552
17,ConAbl,MAB,MA,sandwich,sandwich_paraphrase_4,paraphrase,4,404,/data/bijaypandey/cuig_pilot/seq_pilot/eval/MAB/images/sandwich_paraphrase_4_seed404.jpg,d9288a00a727e6a2,0.7683,1,1,1,13,sandwich,0.7683
17,ConAbl,MAB,MA,horse,horse_literal_0,literal,0,101,/data/bijaypandey/cuig_pilot/seq_pilot/eval/MAB/images/horse_literal_0_seed101.jpg,da113db86ec74838,0.9994,1,1,1,7,horse,0.9994
17,ConAbl,MAB,MA,horse,horse_literal_0,literal,0,202,/data/bijaypandey/cuig_pilot/seq_pilot/eval/MAB/images/horse_literal_0_seed202.jpg,1efb9cbb6efab55f,0.9980,1,1,1,9,horse,0.9980
17,ConAbl,MAB,MA,horse,horse_literal_0,literal,0,303,/data/bijaypandey/cuig_pilot/seq_pilot/eval/MAB/images/horse_literal_0_seed303.jpg,9341b342e5a23be1,0.9948,1,1,1,3,horse,0.9948
17,ConAbl,MAB,MA,horse,horse_literal_0,literal,0,404,/data/bijaypandey/cuig_pilot/seq_pilot/eval/MAB/images/horse_literal_0_seed404.jpg,2ece62320978f288,0.9998,1,1,1,2,horse,0.9998
17,ConAbl,MAB,MA,horse,horse_literal_1,literal,1,101,/data/bijaypandey/cuig_pilot/seq_pilot/eval/MAB/images/horse_literal_1_seed101.jpg,0a6f9c393a28b52b,0.9919,1,1,1,5,horse,0.9919
17,ConAbl,MAB,MA,horse,horse_literal_1,literal,1,202,/data/bijaypandey/cuig_pilot/seq_pilot/eval/MAB/images/horse_literal_1_seed202.jpg,3a29122a99d1f83a,0.9993,1,1,1,1,horse,0.9993
17,ConAbl,MAB,MA,horse,horse_literal_1,literal,1,303,/data/bijaypandey/cuig_pilot/seq_pilot/eval/MAB/images/horse_literal_1_seed303.jpg,e559d97607044566,0.9952,1,1,1,13,horse,0.9952
17,ConAbl,MAB,MA,horse,horse_literal_1,literal,1,404,/data/bijaypandey/cuig_pilot/seq_pilot/eval/MAB/images/horse_literal_1_seed404.jpg,38486c5e9e17f42d,0.9993,1,1,1,3,horse,0.9993
17,ConAbl,MAB,MA,horse,horse_literal_2,literal,2,101,/data/bijaypandey/cuig_pilot/seq_pilot/eval/MAB/images/horse_literal_2_seed101.jpg,b524e386941e490a,0.7830,1,1,1,9,horse,0.7830
17,ConAbl,MAB,MA,horse,horse_literal_2,literal,2,202,/data/bijaypandey/cuig_pilot/seq_pilot/eval/MAB/images/horse_literal_2_seed202.jpg,ed887245747cb786,0.9591,1,1,1,2,horse,0.9591
17,ConAbl,MAB,MA,horse,horse_literal_2,literal,2,303,/data/bijaypandey/cuig_pilot/seq_pilot/eval/MAB/images/horse_literal_2_seed303.jpg,d7de23e057e1f3b3,0.9744,1,1,1,2,horse,0.9744
17,ConAbl,MAB,MA,horse,horse_literal_2,literal,2,404,/data/bijaypandey/cuig_pilot/seq_pilot/eval/MAB/images/horse_literal_2_seed404.jpg,0e7bb86100725a65,0.4795,1,0,0,5,horse,0.4795
17,ConAbl,MAB,MA,horse,horse_literal_3,literal,3,101,/data/bijaypandey/cuig_pilot/seq_pilot/eval/MAB/images/horse_literal_3_seed101.jpg,c01cd6f0e4f0663c,0.9957,1,1,1,6,horse,0.9957
17,ConAbl,MAB,MA,horse,horse_literal_3,literal,3,202,/data/bijaypandey/cuig_pilot/seq_pilot/eval/MAB/images/horse_literal_3_seed202.jpg,607666764230682b,0.9894,1,1,1,6,horse,0.9894
17,ConAbl,MAB,MA,horse,horse_literal_3,literal,3,303,/data/bijaypandey/cuig_pilot/seq_pilot/eval/MAB/images/horse_literal_3_seed303.jpg,6f275dcc3aef3919,0.7933,1,1,1,9,horse,0.7933
17,ConAbl,MAB,MA,horse,horse_literal_3,literal,3,404,/data/bijaypandey/cuig_pilot/seq_pilot/eval/MAB/images/horse_literal_3_seed404.jpg,817fcc334d8dccb0,0.9994,1,1,1,9,horse,0.9994
17,ConAbl,MAB,MA,horse,horse_literal_4,literal,4,101,/data/bijaypandey/cuig_pilot/seq_pilot/eval/MAB/images/horse_literal_4_seed101.jpg,e12a9fcf1673c8af,0.9997,1,1,1,7,horse,0.9997
17,ConAbl,MAB,MA,horse,horse_literal_4,literal,4,202,/data/bijaypandey/cuig_pilot/seq_pilot/eval/MAB/images/horse_literal_4_seed202.jpg,ac6b1a56c27f4803,0.9992,1,1,1,4,horse,0.9992
17,ConAbl,MAB,MA,horse,horse_literal_4,literal,4,303,/data/bijaypandey/cuig_pilot/seq_pilot/eval/MAB/images/horse_literal_4_seed303.jpg,ce743cf7b79f3859,0.9990,1,1,1,7,horse,0.9990
17,ConAbl,MAB,MA,horse,horse_literal_4,literal,4,404,/data/bijaypandey/cuig_pilot/seq_pilot/eval/MAB/images/horse_literal_4_seed404.jpg,66de0ad6282ddcbe,0.9993,1,1,1,9,horse,0.9993
17,ConAbl,MAB,MA,horse,horse_paraphrase_0,paraphrase,0,101,/data/bijaypandey/cuig_pilot/seq_pilot/eval/MAB/images/horse_paraphrase_0_seed101.jpg,15bbfecc6cbf5b87,0.9997,1,1,1,1,horse,0.9997
17,ConAbl,MAB,MA,horse,horse_paraphrase_0,paraphrase,0,202,/data/bijaypandey/cuig_pilot/seq_pilot/eval/MAB/images/horse_paraphrase_0_seed202.jpg,843178a4bdc2554c,0.9993,1,1,1,2,horse,0.9993
17,ConAbl,MAB,MA,horse,horse_paraphrase_0,paraphrase,0,303,/data/bijaypandey/cuig_pilot/seq_pilot/eval/MAB/images/horse_paraphrase_0_seed303.jpg,cde06659f2daab78,0.9991,1,1,1,4,horse,0.9991
17,ConAbl,MAB,MA,horse,horse_paraphrase_0,paraphrase,0,404,/data/bijaypandey/cuig_pilot/seq_pilot/eval/MAB/images/horse_paraphrase_0_seed404.jpg,941964adaa3931d9,0.9966,1,1,1,4,horse,0.9966
17,ConAbl,MAB,MA,horse,horse_paraphrase_1,paraphrase,1,101,/data/bijaypandey/cuig_pilot/seq_pilot/eval/MAB/images/horse_paraphrase_1_seed101.jpg,a494b5e5b227574d,0.9994,1,1,1,8,horse,0.9994
17,ConAbl,MAB,MA,horse,horse_paraphrase_1,paraphrase,1,202,/data/bijaypandey/cuig_pilot/seq_pilot/eval/MAB/images/horse_paraphrase_1_seed202.jpg,a395fd1fadc64290,0.9974,1,1,1,2,horse,0.9974
17,ConAbl,MAB,MA,horse,horse_paraphrase_1,paraphrase,1,303,/data/bijaypandey/cuig_pilot/seq_pilot/eval/MAB/images/horse_paraphrase_1_seed303.jpg,74d271d75d57940d,0.9883,1,1,1,9,horse,0.9883
17,ConAbl,MAB,MA,horse,horse_paraphrase_1,paraphrase,1,404,/data/bijaypandey/cuig_pilot/seq_pilot/eval/MAB/images/horse_paraphrase_1_seed404.jpg,e85e9655a1d6fa7e,0.9987,1,1,1,8,horse,0.9987
17,ConAbl,MAB,MA,horse,horse_paraphrase_2,paraphrase,2,101,/data/bijaypandey/cuig_pilot/seq_pilot/eval/MAB/images/horse_paraphrase_2_seed101.jpg,0dd67e8b5f765e2e,0.9454,1,1,1,8,horse,0.9454
17,ConAbl,MAB,MA,horse,horse_paraphrase_2,paraphrase,2,202,/data/bijaypandey/cuig_pilot/seq_pilot/eval/MAB/images/horse_paraphrase_2_seed202.jpg,bdf4f75278951a73,0.9982,1,1,1,4,horse,0.9982
17,ConAbl,MAB,MA,horse,horse_paraphrase_2,paraphrase,2,303,/data/bijaypandey/cuig_pilot/seq_pilot/eval/MAB/images/horse_paraphrase_2_seed303.jpg,9336cf0207f4a107,0.9252,1,1,1,6,horse,0.9252
17,ConAbl,MAB,MA,horse,horse_paraphrase_2,paraphrase,2,404,/data/bijaypandey/cuig_pilot/seq_pilot/eval/MAB/images/horse_paraphrase_2_seed404.jpg,0101bcf996649073,0.9941,1,1,1,1,horse,0.9941
17,ConAbl,MAB,MA,horse,horse_paraphrase_3,paraphrase,3,101,/data/bijaypandey/cuig_pilot/seq_pilot/eval/MAB/images/horse_paraphrase_3_seed101.jpg,da3dfaed16882e3b,0.9913,1,1,1,6,horse,0.9913
17,ConAbl,MAB,MA,horse,horse_paraphrase_3,paraphrase,3,202,/data/bijaypandey/cuig_pilot/seq_pilot/eval/MAB/images/horse_paraphrase_3_seed202.jpg,d10461e1f38372d6,0.9965,1,1,1,2,horse,0.9965
17,ConAbl,MAB,MA,horse,horse_paraphrase_3,paraphrase,3,303,/data/bijaypandey/cuig_pilot/seq_pilot/eval/MAB/images/horse_paraphrase_3_seed303.jpg,a1500d452fdf4ffc,0.9998,1,1,1,28,horse,0.9998
17,ConAbl,MAB,MA,horse,horse_paraphrase_3,paraphrase,3,404,/data/bijaypandey/cuig_pilot/seq_pilot/eval/MAB/images/horse_paraphrase_3_seed404.jpg,cb84d32a2978c1a1,0.9996,1,1,1,12,horse,0.9996
17,ConAbl,MAB,MA,horse,horse_paraphrase_4,paraphrase,4,101,/data/bijaypandey/cuig_pilot/seq_pilot/eval/MAB/images/horse_paraphrase_4_seed101.jpg,5936efbb1a4b0e73,0.9968,1,1,1,3,horse,0.9968
17,ConAbl,MAB,MA,horse,horse_paraphrase_4,paraphrase,4,202,/data/bijaypandey/cuig_pilot/seq_pilot/eval/MAB/images/horse_paraphrase_4_seed202.jpg,0cd8fe6156ad4c17,0.9986,1,1,1,9,horse,0.9986
17,ConAbl,MAB,MA,horse,horse_paraphrase_4,paraphrase,4,303,/data/bijaypandey/cuig_pilot/seq_pilot/eval/MAB/images/horse_paraphrase_4_seed303.jpg,a1f6808879cb7cda,0.9969,1,1,1,4,horse,0.9969
17,ConAbl,MAB,MA,horse,horse_paraphrase_4,paraphrase,4,404,/data/bijaypandey/cuig_pilot/seq_pilot/eval/MAB/images/horse_paraphrase_4_seed404.jpg,9569149a09d3e930,0.9993,1,1,1,1,horse,0.9993
17,ConAbl,MAB,MA,bird,bird_literal_0,literal,0,101,/data/bijaypandey/cuig_pilot/seq_pilot/eval/MAB/images/bird_literal_0_seed101.jpg,2f869233368d4384,0.9982,1,1,1,3,bird,0.9982
17,ConAbl,MAB,MA,bird,bird_literal_0,literal,0,202,/data/bijaypandey/cuig_pilot/seq_pilot/eval/MAB/images/bird_literal_0_seed202.jpg,c2cf891ed1303738,0.9944,1,1,1,3,bird,0.9944
17,ConAbl,MAB,MA,bird,bird_literal_0,literal,0,303,/data/bijaypandey/cuig_pilot/seq_pilot/eval/MAB/images/bird_literal_0_seed303.jpg,cdf40a66c3f41e2e,0.9984,1,1,1,2,bird,0.9984
17,ConAbl,MAB,MA,bird,bird_literal_0,literal,0,404,/data/bijaypandey/cuig_pilot/seq_pilot/eval/MAB/images/bird_literal_0_seed404.jpg,b50cd8fc769f013b,0.9935,1,1,1,2,bird,0.9935
17,ConAbl,MAB,MA,bird,bird_literal_1,literal,1,101,/data/bijaypandey/cuig_pilot/seq_pilot/eval/MAB/images/bird_literal_1_seed101.jpg,a2ece8e29d8f597c,0.1343,0,0,0,3,horse,0.9993
17,ConAbl,MAB,MA,bird,bird_literal_1,literal,1,202,/data/bijaypandey/cuig_pilot/seq_pilot/eval/MAB/images/bird_literal_1_seed202.jpg,b8db03ee66ce161c,0.0000,0,0,0,2,horse,0.9979
17,ConAbl,MAB,MA,bird,bird_literal_1,literal,1,303,/data/bijaypandey/cuig_pilot/seq_pilot/eval/MAB/images/bird_literal_1_seed303.jpg,7201266884f2bf8b,0.7825,1,1,1,8,horse,0.8573
17,ConAbl,MAB,MA,bird,bird_literal_1,literal,1,404,/data/bijaypandey/cuig_pilot/seq_pilot/eval/MAB/images/bird_literal_1_seed404.jpg,f52e2921b2eba140,0.0000,0,0,0,3,horse,0.9879
17,ConAbl,MAB,MA,bird,bird_literal_2,literal,2,101,/data/bijaypandey/cuig_pilot/seq_pilot/eval/MAB/images/bird_literal_2_seed101.jpg,0d74511a41183aae,0.0000,0,0,0,8,person,0.9065
17,ConAbl,MAB,MA,bird,bird_literal_2,literal,2,202,/data/bijaypandey/cuig_pilot/seq_pilot/eval/MAB/images/bird_literal_2_seed202.jpg,ee7c405c20c5741d,0.9976,1,1,1,6,bird,0.9976
17,ConAbl,MAB,MA,bird,bird_literal_2,literal,2,303,/data/bijaypandey/cuig_pilot/seq_pilot/eval/MAB/images/bird_literal_2_seed303.jpg,6393f6cf39d424b8,0.9920,1,1,1,9,bird,0.9920
17,ConAbl,MAB,MA,bird,bird_literal_2,literal,2,404,/data/bijaypandey/cuig_pilot/seq_pilot/eval/MAB/images/bird_literal_2_seed404.jpg,d8f1c8ef04a39937,0.9898,1,1,1,15,bird,0.9898
17,ConAbl,MAB,MA,bird,bird_literal_3,literal,3,101,/data/bijaypandey/cuig_pilot/seq_pilot/eval/MAB/images/bird_literal_3_seed101.jpg,e6f748f43eb03242,0.0000,0,0,0,1,horse,0.9990
17,ConAbl,MAB,MA,bird,bird_literal_3,literal,3,202,/data/bijaypandey/cuig_pilot/seq_pilot/eval/MAB/images/bird_literal_3_seed202.jpg,d992c6ba05e6a9fa,0.9886,1,1,1,10,bird,0.9886
17,ConAbl,MAB,MA,bird,bird_literal_3,literal,3,303,/data/bijaypandey/cuig_pilot/seq_pilot/eval/MAB/images/bird_literal_3_seed303.jpg,3542bd51cfb60f01,0.0000,0,0,0,4,person,0.7594
17,ConAbl,MAB,MA,bird,bird_literal_3,literal,3,404,/data/bijaypandey/cuig_pilot/seq_pilot/eval/MAB/images/bird_literal_3_seed404.jpg,04a8eb8254858b1e,0.0718,0,0,0,3,person,0.8376
17,ConAbl,MAB,MA,bird,bird_literal_4,literal,4,101,/data/bijaypandey/cuig_pilot/seq_pilot/eval/MAB/images/bird_literal_4_seed101.jpg,92a5666f9e6e4944,0.0000,0,0,0,1,horse,0.9965
17,ConAbl,MAB,MA,bird,bird_literal_4,literal,4,202,/data/bijaypandey/cuig_pilot/seq_pilot/eval/MAB/images/bird_literal_4_seed202.jpg,cca2589c06eef719,0.0000,0,0,0,4,horse,0.9961
17,ConAbl,MAB,MA,bird,bird_literal_4,literal,4,303,/data/bijaypandey/cuig_pilot/seq_pilot/eval/MAB/images/bird_literal_4_seed303.jpg,9cd0564b8b419ad8,0.0000,0,0,0,4,horse,0.9992
17,ConAbl,MAB,MA,bird,bird_literal_4,literal,4,404,/data/bijaypandey/cuig_pilot/seq_pilot/eval/MAB/images/bird_literal_4_seed404.jpg,dbb9b16e15e1105e,0.0000,0,0,0,1,horse,0.9960
17,ConAbl,MAB,MA,bird,bird_paraphrase_0,paraphrase,0,101,/data/bijaypandey/cuig_pilot/seq_pilot/eval/MAB/images/bird_paraphrase_0_seed101.jpg,c077fac4e9768c87,0.9985,1,1,1,3,bird,0.9985
17,ConAbl,MAB,MA,bird,bird_paraphrase_0,paraphrase,0,202,/data/bijaypandey/cuig_pilot/seq_pilot/eval/MAB/images/bird_paraphrase_0_seed202.jpg,de17a5994f393f0e,0.9994,1,1,1,2,bird,0.9994
17,ConAbl,MAB,MA,bird,bird_paraphrase_0,paraphrase,0,303,/data/bijaypandey/cuig_pilot/seq_pilot/eval/MAB/images/bird_paraphrase_0_seed303.jpg,689d2b5910ef25be,0.9989,1,1,1,2,bird,0.9989
17,ConAbl,MAB,MA,bird,bird_paraphrase_0,paraphrase,0,404,/data/bijaypandey/cuig_pilot/seq_pilot/eval/MAB/images/bird_paraphrase_0_seed404.jpg,6ffc1080b674f73a,0.9995,1,1,1,2,bird,0.9995
17,ConAbl,MAB,MA,bird,bird_paraphrase_1,paraphrase,1,101,/data/bijaypandey/cuig_pilot/seq_pilot/eval/MAB/images/bird_paraphrase_1_seed101.jpg,316af57c54294f64,0.0000,0,0,0,6,horse,0.9981
17,ConAbl,MAB,MA,bird,bird_paraphrase_1,paraphrase,1,202,/data/bijaypandey/cuig_pilot/seq_pilot/eval/MAB/images/bird_paraphrase_1_seed202.jpg,7c85106cc21078ca,0.0000,0,0,0,5,horse,0.9872
17,ConAbl,MAB,MA,bird,bird_paraphrase_1,paraphrase,1,303,/data/bijaypandey/cuig_pilot/seq_pilot/eval/MAB/images/bird_paraphrase_1_seed303.jpg,f01270332261d149,0.0000,0,0,0,14,horse,0.9903
17,ConAbl,MAB,MA,bird,bird_paraphrase_1,paraphrase,1,404,/data/bijaypandey/cuig_pilot/seq_pilot/eval/MAB/images/bird_paraphrase_1_seed404.jpg,e65a5b8ae372f8d7,0.0000,0,0,0,2,horse,0.9965
17,ConAbl,MAB,MA,bird,bird_paraphrase_2,paraphrase,2,101,/data/bijaypandey/cuig_pilot/seq_pilot/eval/MAB/images/bird_paraphrase_2_seed101.jpg,8979c09ceb09386e,0.7602,1,1,1,3,horse,0.9837
17,ConAbl,MAB,MA,bird,bird_paraphrase_2,paraphrase,2,202,/data/bijaypandey/cuig_pilot/seq_pilot/eval/MAB/images/bird_paraphrase_2_seed202.jpg,f6e3922304e9f2a1,0.7810,1,1,1,8,bird,0.7810
17,ConAbl,MAB,MA,bird,bird_paraphrase_2,paraphrase,2,303,/data/bijaypandey/cuig_pilot/seq_pilot/eval/MAB/images/bird_paraphrase_2_seed303.jpg,6c7c23a0e51f4d77,0.6336,1,1,0,13,person,0.9171
17,ConAbl,MAB,MA,bird,bird_paraphrase_2,paraphrase,2,404,/data/bijaypandey/cuig_pilot/seq_pilot/eval/MAB/images/bird_paraphrase_2_seed404.jpg,1a99ff92c3489ac5,0.0000,0,0,0,4,horse,0.9590
17,ConAbl,MAB,MA,bird,bird_paraphrase_3,paraphrase,3,101,/data/bijaypandey/cuig_pilot/seq_pilot/eval/MAB/images/bird_paraphrase_3_seed101.jpg,4eaa7e2e183022ae,0.0000,0,0,0,20,horse,0.9820
17,ConAbl,MAB,MA,bird,bird_paraphrase_3,paraphrase,3,202,/data/bijaypandey/cuig_pilot/seq_pilot/eval/MAB/images/bird_paraphrase_3_seed202.jpg,4ce63d3d38a641bb,0.0000,0,0,0,5,horse,0.9871
17,ConAbl,MAB,MA,bird,bird_paraphrase_3,paraphrase,3,303,/data/bijaypandey/cuig_pilot/seq_pilot/eval/MAB/images/bird_paraphrase_3_seed303.jpg,cb47352ff15fa90a,0.0000,0,0,0,23,horse,0.9781
17,ConAbl,MAB,MA,bird,bird_paraphrase_3,paraphrase,3,404,/data/bijaypandey/cuig_pilot/seq_pilot/eval/MAB/images/bird_paraphrase_3_seed404.jpg,dfebe0b5a0c94bad,0.0000,0,0,0,3,horse,0.9949
17,ConAbl,MAB,MA,bird,bird_paraphrase_4,paraphrase,4,101,/data/bijaypandey/cuig_pilot/seq_pilot/eval/MAB/images/bird_paraphrase_4_seed101.jpg,0a817b8412979743,0.6665,1,1,0,9,bird,0.6665
17,ConAbl,MAB,MA,bird,bird_paraphrase_4,paraphrase,4,202,/data/bijaypandey/cuig_pilot/seq_pilot/eval/MAB/images/bird_paraphrase_4_seed202.jpg,257f939b5f1527a1,0.9916,1,1,1,6,bird,0.9916
17,ConAbl,MAB,MA,bird,bird_paraphrase_4,paraphrase,4,303,/data/bijaypandey/cuig_pilot/seq_pilot/eval/MAB/images/bird_paraphrase_4_seed303.jpg,7dd044f84cc1c226,0.1789,0,0,0,11,dog,0.8509
17,ConAbl,MAB,MA,bird,bird_paraphrase_4,paraphrase,4,404,/data/bijaypandey/cuig_pilot/seq_pilot/eval/MAB/images/bird_paraphrase_4_seed404.jpg,767847af4dccb8e3,0.1590,0,0,0,12,elephant,0.5801
17,ConAbl,MAB,MA,chair,chair_literal_0,literal,0,101,/data/bijaypandey/cuig_pilot/seq_pilot/eval/MAB/images/chair_literal_0_seed101.jpg,f75d93c761dfee95,0.9978,1,1,1,8,chair,0.9978
17,ConAbl,MAB,MA,chair,chair_literal_0,literal,0,202,/data/bijaypandey/cuig_pilot/seq_pilot/eval/MAB/images/chair_literal_0_seed202.jpg,c4cf6b5ff8ce0d0d,0.9965,1,1,1,1,chair,0.9965
17,ConAbl,MAB,MA,chair,chair_literal_0,literal,0,303,/data/bijaypandey/cuig_pilot/seq_pilot/eval/MAB/images/chair_literal_0_seed303.jpg,78889ca464a31213,0.9994,1,1,1,1,chair,0.9994
17,ConAbl,MAB,MA,chair,chair_literal_0,literal,0,404,/data/bijaypandey/cuig_pilot/seq_pilot/eval/MAB/images/chair_literal_0_seed404.jpg,0841d52034b8f43c,0.9786,1,1,1,12,chair,0.9786
17,ConAbl,MAB,MA,chair,chair_literal_1,literal,1,101,/data/bijaypandey/cuig_pilot/seq_pilot/eval/MAB/images/chair_literal_1_seed101.jpg,e4df22922b21292f,0.9523,1,1,1,8,chair,0.9523
17,ConAbl,MAB,MA,chair,chair_literal_1,literal,1,202,/data/bijaypandey/cuig_pilot/seq_pilot/eval/MAB/images/chair_literal_1_seed202.jpg,1375975298a0160d,0.9774,1,1,1,7,chair,0.9774
17,ConAbl,MAB,MA,chair,chair_literal_1,literal,1,303,/data/bijaypandey/cuig_pilot/seq_pilot/eval/MAB/images/chair_literal_1_seed303.jpg,777cfbdb667a1956,0.8287,1,1,1,3,chair,0.8287
17,ConAbl,MAB,MA,chair,chair_literal_1,literal,1,404,/data/bijaypandey/cuig_pilot/seq_pilot/eval/MAB/images/chair_literal_1_seed404.jpg,1ee9f8508a0dec4f,0.9680,1,1,1,6,chair,0.9680
17,ConAbl,MAB,MA,chair,chair_literal_2,literal,2,101,/data/bijaypandey/cuig_pilot/seq_pilot/eval/MAB/images/chair_literal_2_seed101.jpg,86f7e846843961a6,0.9949,1,1,1,14,chair,0.9949
17,ConAbl,MAB,MA,chair,chair_literal_2,literal,2,202,/data/bijaypandey/cuig_pilot/seq_pilot/eval/MAB/images/chair_literal_2_seed202.jpg,a7e0a81deb54fa58,0.8426,1,1,1,5,chair,0.8426
17,ConAbl,MAB,MA,chair,chair_literal_2,literal,2,303,/data/bijaypandey/cuig_pilot/seq_pilot/eval/MAB/images/chair_literal_2_seed303.jpg,4c96355ea8c14687,0.9974,1,1,1,9,chair,0.9974
17,ConAbl,MAB,MA,chair,chair_literal_2,literal,2,404,/data/bijaypandey/cuig_pilot/seq_pilot/eval/MAB/images/chair_literal_2_seed404.jpg,bc9cb494a25a105b,0.9912,1,1,1,5,chair,0.9912
17,ConAbl,MAB,MA,chair,chair_literal_3,literal,3,101,/data/bijaypandey/cuig_pilot/seq_pilot/eval/MAB/images/chair_literal_3_seed101.jpg,0be256874d40c66b,0.9698,1,1,1,13,chair,0.9698
17,ConAbl,MAB,MA,chair,chair_literal_3,literal,3,202,/data/bijaypandey/cuig_pilot/seq_pilot/eval/MAB/images/chair_literal_3_seed202.jpg,25ac65e12c22d38c,0.9952,1,1,1,5,chair,0.9952
17,ConAbl,MAB,MA,chair,chair_literal_3,literal,3,303,/data/bijaypandey/cuig_pilot/seq_pilot/eval/MAB/images/chair_literal_3_seed303.jpg,321f9d33e78d6f37,0.8917,1,1,1,4,chair,0.8917
17,ConAbl,MAB,MA,chair,chair_literal_3,literal,3,404,/data/bijaypandey/cuig_pilot/seq_pilot/eval/MAB/images/chair_literal_3_seed404.jpg,5d5c83860b2ee1aa,0.4447,1,0,0,8,couch,0.5551
17,ConAbl,MAB,MA,chair,chair_literal_4,literal,4,101,/data/bijaypandey/cuig_pilot/seq_pilot/eval/MAB/images/chair_literal_4_seed101.jpg,0ac98a52e8c47fb4,0.9984,1,1,1,4,chair,0.9984
17,ConAbl,MAB,MA,chair,chair_literal_4,literal,4,202,/data/bijaypandey/cuig_pilot/seq_pilot/eval/MAB/images/chair_literal_4_seed202.jpg,91e8c601eb2966d1,0.9790,1,1,1,5,chair,0.9790
17,ConAbl,MAB,MA,chair,chair_literal_4,literal,4,303,/data/bijaypandey/cuig_pilot/seq_pilot/eval/MAB/images/chair_literal_4_seed303.jpg,82b56fd9bb7b0789,0.9552,1,1,1,1,chair,0.9552
17,ConAbl,MAB,MA,chair,chair_literal_4,literal,4,404,/data/bijaypandey/cuig_pilot/seq_pilot/eval/MAB/images/chair_literal_4_seed404.jpg,d3a04433272ea55d,0.9938,1,1,1,1,chair,0.9938
17,ConAbl,MAB,MA,chair,chair_paraphrase_0,paraphrase,0,101,/data/bijaypandey/cuig_pilot/seq_pilot/eval/MAB/images/chair_paraphrase_0_seed101.jpg,faa6b30f2cc967a7,0.0000,0,0,0,3,horse,0.9798
17,ConAbl,MAB,MA,chair,chair_paraphrase_0,paraphrase,0,202,/data/bijaypandey/cuig_pilot/seq_pilot/eval/MAB/images/chair_paraphrase_0_seed202.jpg,415ac81a751b1fa4,0.8329,1,1,1,22,horse,0.8768
17,ConAbl,MAB,MA,chair,chair_paraphrase_0,paraphrase,0,303,/data/bijaypandey/cuig_pilot/seq_pilot/eval/MAB/images/chair_paraphrase_0_seed303.jpg,047d53b2dd91e9d0,0.7914,1,1,1,9,horse,0.9682
17,ConAbl,MAB,MA,chair,chair_paraphrase_0,paraphrase,0,404,/data/bijaypandey/cuig_pilot/seq_pilot/eval/MAB/images/chair_paraphrase_0_seed404.jpg,6a4211710f295265,0.0000,0,0,0,3,horse,0.9993
17,ConAbl,MAB,MA,chair,chair_paraphrase_1,paraphrase,1,101,/data/bijaypandey/cuig_pilot/seq_pilot/eval/MAB/images/chair_paraphrase_1_seed101.jpg,abc0ff6d9e92b0a9,0.9990,1,1,1,7,chair,0.9990
17,ConAbl,MAB,MA,chair,chair_paraphrase_1,paraphrase,1,202,/data/bijaypandey/cuig_pilot/seq_pilot/eval/MAB/images/chair_paraphrase_1_seed202.jpg,db0ef9f67dfcff1c,0.4956,1,0,0,8,tv,0.8988
17,ConAbl,MAB,MA,chair,chair_paraphrase_1,paraphrase,1,303,/data/bijaypandey/cuig_pilot/seq_pilot/eval/MAB/images/chair_paraphrase_1_seed303.jpg,2e3d86269ca05f8f,0.9313,1,1,1,8,chair,0.9313
17,ConAbl,MAB,MA,chair,chair_paraphrase_1,paraphrase,1,404,/data/bijaypandey/cuig_pilot/seq_pilot/eval/MAB/images/chair_paraphrase_1_seed404.jpg,6d6113fbc317c8b2,0.9171,1,1,1,11,chair,0.9171
17,ConAbl,MAB,MA,chair,chair_paraphrase_2,paraphrase,2,101,/data/bijaypandey/cuig_pilot/seq_pilot/eval/MAB/images/chair_paraphrase_2_seed101.jpg,d7ab9ecb763e32db,0.9879,1,1,1,6,chair,0.9879
17,ConAbl,MAB,MA,chair,chair_paraphrase_2,paraphrase,2,202,/data/bijaypandey/cuig_pilot/seq_pilot/eval/MAB/images/chair_paraphrase_2_seed202.jpg,388f96b1c4c3bfd9,0.9748,1,1,1,13,chair,0.9748
17,ConAbl,MAB,MA,chair,chair_paraphrase_2,paraphrase,2,303,/data/bijaypandey/cuig_pilot/seq_pilot/eval/MAB/images/chair_paraphrase_2_seed303.jpg,71f751ed28f0acd0,0.9794,1,1,1,4,chair,0.9794
17,ConAbl,MAB,MA,chair,chair_paraphrase_2,paraphrase,2,404,/data/bijaypandey/cuig_pilot/seq_pilot/eval/MAB/images/chair_paraphrase_2_seed404.jpg,e045d974c8c94213,0.9540,1,1,1,15,chair,0.9540
17,ConAbl,MAB,MA,chair,chair_paraphrase_3,paraphrase,3,101,/data/bijaypandey/cuig_pilot/seq_pilot/eval/MAB/images/chair_paraphrase_3_seed101.jpg,55369c77bb763873,0.3633,1,0,0,9,bench,0.7661
17,ConAbl,MAB,MA,chair,chair_paraphrase_3,paraphrase,3,202,/data/bijaypandey/cuig_pilot/seq_pilot/eval/MAB/images/chair_paraphrase_3_seed202.jpg,da425eef0831955c,0.7298,1,1,1,5,chair,0.7298
17,ConAbl,MAB,MA,chair,chair_paraphrase_3,paraphrase,3,303,/data/bijaypandey/cuig_pilot/seq_pilot/eval/MAB/images/chair_paraphrase_3_seed303.jpg,40b68849a819d455,0.9618,1,1,1,32,chair,0.9618
17,ConAbl,MAB,MA,chair,chair_paraphrase_3,paraphrase,3,404,/data/bijaypandey/cuig_pilot/seq_pilot/eval/MAB/images/chair_paraphrase_3_seed404.jpg,402340c4c1a91851,0.0000,0,0,0,2,bench,0.3170
17,ConAbl,MAB,MA,chair,chair_paraphrase_4,paraphrase,4,101,/data/bijaypandey/cuig_pilot/seq_pilot/eval/MAB/images/chair_paraphrase_4_seed101.jpg,b8d4c09665cef73e,0.9749,1,1,1,13,chair,0.9749
17,ConAbl,MAB,MA,chair,chair_paraphrase_4,paraphrase,4,202,/data/bijaypandey/cuig_pilot/seq_pilot/eval/MAB/images/chair_paraphrase_4_seed202.jpg,ad38b000ce8d63e2,0.4924,1,0,0,6,chair,0.4924
17,ConAbl,MAB,MA,chair,chair_paraphrase_4,paraphrase,4,303,/data/bijaypandey/cuig_pilot/seq_pilot/eval/MAB/images/chair_paraphrase_4_seed303.jpg,7a6de3d2ca1d39a7,0.9960,1,1,1,3,chair,0.9960
17,ConAbl,MAB,MA,chair,chair_paraphrase_4,paraphrase,4,404,/data/bijaypandey/cuig_pilot/seq_pilot/eval/MAB/images/chair_paraphrase_4_seed404.jpg,ad6a9252c04eb709,0.9789,1,1,1,16,chair,0.9789
17,ConAbl,MAB,MA,bicycle,bicycle_literal_0,literal,0,101,/data/bijaypandey/cuig_pilot/seq_pilot/eval/MAB/images/bicycle_literal_0_seed101.jpg,1dfdd71888b2934b,0.9743,1,1,1,2,bicycle,0.9743
17,ConAbl,MAB,MA,bicycle,bicycle_literal_0,literal,0,202,/data/bijaypandey/cuig_pilot/seq_pilot/eval/MAB/images/bicycle_literal_0_seed202.jpg,262586a8603aa347,0.9979,1,1,1,9,bicycle,0.9979
17,ConAbl,MAB,MA,bicycle,bicycle_literal_0,literal,0,303,/data/bijaypandey/cuig_pilot/seq_pilot/eval/MAB/images/bicycle_literal_0_seed303.jpg,9e8bb1f380832e6b,0.9973,1,1,1,3,bicycle,0.9973
17,ConAbl,MAB,MA,bicycle,bicycle_literal_0,literal,0,404,/data/bijaypandey/cuig_pilot/seq_pilot/eval/MAB/images/bicycle_literal_0_seed404.jpg,bc74948b9c0b7c01,0.9977,1,1,1,3,bicycle,0.9977
17,ConAbl,MAB,MA,bicycle,bicycle_literal_1,literal,1,101,/data/bijaypandey/cuig_pilot/seq_pilot/eval/MAB/images/bicycle_literal_1_seed101.jpg,56b86eabcd55c927,0.9981,1,1,1,18,bicycle,0.9981
17,ConAbl,MAB,MA,bicycle,bicycle_literal_1,literal,1,202,/data/bijaypandey/cuig_pilot/seq_pilot/eval/MAB/images/bicycle_literal_1_seed202.jpg,67861f74184fb2a4,0.9991,1,1,1,5,bicycle,0.9991
17,ConAbl,MAB,MA,bicycle,bicycle_literal_1,literal,1,303,/data/bijaypandey/cuig_pilot/seq_pilot/eval/MAB/images/bicycle_literal_1_seed303.jpg,52aec90302911f9e,0.9992,1,1,1,6,bicycle,0.9992
17,ConAbl,MAB,MA,bicycle,bicycle_literal_1,literal,1,404,/data/bijaypandey/cuig_pilot/seq_pilot/eval/MAB/images/bicycle_literal_1_seed404.jpg,02d03fb0580862f9,0.9996,1,1,1,1,bicycle,0.9996
17,ConAbl,MAB,MA,bicycle,bicycle_literal_2,literal,2,101,/data/bijaypandey/cuig_pilot/seq_pilot/eval/MAB/images/bicycle_literal_2_seed101.jpg,3eaa66253363df98,0.9880,1,1,1,7,bicycle,0.9880
17,ConAbl,MAB,MA,bicycle,bicycle_literal_2,literal,2,202,/data/bijaypandey/cuig_pilot/seq_pilot/eval/MAB/images/bicycle_literal_2_seed202.jpg,7e5402d50cbd1ffc,0.9979,1,1,1,6,bicycle,0.9979
17,ConAbl,MAB,MA,bicycle,bicycle_literal_2,literal,2,303,/data/bijaypandey/cuig_pilot/seq_pilot/eval/MAB/images/bicycle_literal_2_seed303.jpg,749cccdc19d2945f,0.9651,1,1,1,8,horse,0.9817
17,ConAbl,MAB,MA,bicycle,bicycle_literal_2,literal,2,404,/data/bijaypandey/cuig_pilot/seq_pilot/eval/MAB/images/bicycle_literal_2_seed404.jpg,f1ebaf53a0253db7,0.9926,1,1,1,3,bicycle,0.9926
17,ConAbl,MAB,MA,bicycle,bicycle_literal_3,literal,3,101,/data/bijaypandey/cuig_pilot/seq_pilot/eval/MAB/images/bicycle_literal_3_seed101.jpg,ee444966bc72c955,0.9796,1,1,1,19,bicycle,0.9796
17,ConAbl,MAB,MA,bicycle,bicycle_literal_3,literal,3,202,/data/bijaypandey/cuig_pilot/seq_pilot/eval/MAB/images/bicycle_literal_3_seed202.jpg,5e7ea25b86c3ae3d,0.7700,1,1,1,10,bicycle,0.7700
17,ConAbl,MAB,MA,bicycle,bicycle_literal_3,literal,3,303,/data/bijaypandey/cuig_pilot/seq_pilot/eval/MAB/images/bicycle_literal_3_seed303.jpg,a5648817239bc45a,0.9279,1,1,1,20,bicycle,0.9279
17,ConAbl,MAB,MA,bicycle,bicycle_literal_3,literal,3,404,/data/bijaypandey/cuig_pilot/seq_pilot/eval/MAB/images/bicycle_literal_3_seed404.jpg,9d900aa94b8d4105,0.4350,1,0,0,14,bicycle,0.4350
17,ConAbl,MAB,MA,bicycle,bicycle_literal_4,literal,4,101,/data/bijaypandey/cuig_pilot/seq_pilot/eval/MAB/images/bicycle_literal_4_seed101.jpg,79eea4abd20a5258,0.9981,1,1,1,6,bicycle,0.9981
17,ConAbl,MAB,MA,bicycle,bicycle_literal_4,literal,4,202,/data/bijaypandey/cuig_pilot/seq_pilot/eval/MAB/images/bicycle_literal_4_seed202.jpg,0d2753017ab7afb3,0.9961,1,1,1,1,bicycle,0.9961
17,ConAbl,MAB,MA,bicycle,bicycle_literal_4,literal,4,303,/data/bijaypandey/cuig_pilot/seq_pilot/eval/MAB/images/bicycle_literal_4_seed303.jpg,9654a2f96ee6268b,0.9989,1,1,1,11,bicycle,0.9989
17,ConAbl,MAB,MA,bicycle,bicycle_literal_4,literal,4,404,/data/bijaypandey/cuig_pilot/seq_pilot/eval/MAB/images/bicycle_literal_4_seed404.jpg,e526498895f6af35,0.9953,1,1,1,19,bicycle,0.9953
17,ConAbl,MAB,MA,bicycle,bicycle_paraphrase_0,paraphrase,0,101,/data/bijaypandey/cuig_pilot/seq_pilot/eval/MAB/images/bicycle_paraphrase_0_seed101.jpg,b86f9cce22807e04,0.9779,1,1,1,7,horse,0.9883
17,ConAbl,MAB,MA,bicycle,bicycle_paraphrase_0,paraphrase,0,202,/data/bijaypandey/cuig_pilot/seq_pilot/eval/MAB/images/bicycle_paraphrase_0_seed202.jpg,605eaaecc4daae81,0.9969,1,1,1,7,bicycle,0.9969
17,ConAbl,MAB,MA,bicycle,bicycle_paraphrase_0,paraphrase,0,303,/data/bijaypandey/cuig_pilot/seq_pilot/eval/MAB/images/bicycle_paraphrase_0_seed303.jpg,06395e90fc5b4182,0.9956,1,1,1,7,bicycle,0.9956
17,ConAbl,MAB,MA,bicycle,bicycle_paraphrase_0,paraphrase,0,404,/data/bijaypandey/cuig_pilot/seq_pilot/eval/MAB/images/bicycle_paraphrase_0_seed404.jpg,c42b8ff52b6e219b,0.9895,1,1,1,7,person,0.9990
17,ConAbl,MAB,MA,bicycle,bicycle_paraphrase_1,paraphrase,1,101,/data/bijaypandey/cuig_pilot/seq_pilot/eval/MAB/images/bicycle_paraphrase_1_seed101.jpg,b7625c4ada86e1a6,0.9969,1,1,1,7,bicycle,0.9969
17,ConAbl,MAB,MA,bicycle,bicycle_paraphrase_1,paraphrase,1,202,/data/bijaypandey/cuig_pilot/seq_pilot/eval/MAB/images/bicycle_paraphrase_1_seed202.jpg,f4f74fd0de054fda,0.9975,1,1,1,6,bicycle,0.9975
17,ConAbl,MAB,MA,bicycle,bicycle_paraphrase_1,paraphrase,1,303,/data/bijaypandey/cuig_pilot/seq_pilot/eval/MAB/images/bicycle_paraphrase_1_seed303.jpg,f630804f2fcbb1d1,0.9965,1,1,1,3,bicycle,0.9965
17,ConAbl,MAB,MA,bicycle,bicycle_paraphrase_1,paraphrase,1,404,/data/bijaypandey/cuig_pilot/seq_pilot/eval/MAB/images/bicycle_paraphrase_1_seed404.jpg,c9490fdd7fba4b9c,0.9985,1,1,1,11,bicycle,0.9985
17,ConAbl,MAB,MA,bicycle,bicycle_paraphrase_2,paraphrase,2,101,/data/bijaypandey/cuig_pilot/seq_pilot/eval/MAB/images/bicycle_paraphrase_2_seed101.jpg,f33dd4837de13bad,0.9939,1,1,1,22,person,0.9989
17,ConAbl,MAB,MA,bicycle,bicycle_paraphrase_2,paraphrase,2,202,/data/bijaypandey/cuig_pilot/seq_pilot/eval/MAB/images/bicycle_paraphrase_2_seed202.jpg,414c1177b670376c,0.6834,1,1,0,15,person,0.9953
17,ConAbl,MAB,MA,bicycle,bicycle_paraphrase_2,paraphrase,2,303,/data/bijaypandey/cuig_pilot/seq_pilot/eval/MAB/images/bicycle_paraphrase_2_seed303.jpg,5e1afc64cbeff0c5,0.9810,1,1,1,1,bicycle,0.9810
17,ConAbl,MAB,MA,bicycle,bicycle_paraphrase_2,paraphrase,2,404,/data/bijaypandey/cuig_pilot/seq_pilot/eval/MAB/images/bicycle_paraphrase_2_seed404.jpg,15283b058fd105d4,0.9974,1,1,1,5,person,0.9983
17,ConAbl,MAB,MA,bicycle,bicycle_paraphrase_3,paraphrase,3,101,/data/bijaypandey/cuig_pilot/seq_pilot/eval/MAB/images/bicycle_paraphrase_3_seed101.jpg,51755555af3b9f39,0.9636,1,1,1,14,horse,0.9702
17,ConAbl,MAB,MA,bicycle,bicycle_paraphrase_3,paraphrase,3,202,/data/bijaypandey/cuig_pilot/seq_pilot/eval/MAB/images/bicycle_paraphrase_3_seed202.jpg,92260232bc2f6ddc,0.9984,1,1,1,8,bicycle,0.9984
17,ConAbl,MAB,MA,bicycle,bicycle_paraphrase_3,paraphrase,3,303,/data/bijaypandey/cuig_pilot/seq_pilot/eval/MAB/images/bicycle_paraphrase_3_seed303.jpg,a6feb4ae1ab8118d,0.3666,1,0,0,13,horse,0.9927
17,ConAbl,MAB,MA,bicycle,bicycle_paraphrase_3,paraphrase,3,404,/data/bijaypandey/cuig_pilot/seq_pilot/eval/MAB/images/bicycle_paraphrase_3_seed404.jpg,ae3697a6021960d2,0.9987,1,1,1,7,bicycle,0.9987
17,ConAbl,MAB,MA,bicycle,bicycle_paraphrase_4,paraphrase,4,101,/data/bijaypandey/cuig_pilot/seq_pilot/eval/MAB/images/bicycle_paraphrase_4_seed101.jpg,1253c1c5607662d5,0.9656,1,1,1,11,bicycle,0.9656
17,ConAbl,MAB,MA,bicycle,bicycle_paraphrase_4,paraphrase,4,202,/data/bijaypandey/cuig_pilot/seq_pilot/eval/MAB/images/bicycle_paraphrase_4_seed202.jpg,65c11c75452e4774,0.0810,0,0,0,20,umbrella,0.3617
17,ConAbl,MAB,MA,bicycle,bicycle_paraphrase_4,paraphrase,4,303,/data/bijaypandey/cuig_pilot/seq_pilot/eval/MAB/images/bicycle_paraphrase_4_seed303.jpg,19e3369db74e8a83,0.1630,0,0,0,5,umbrella,0.3777
17,ConAbl,MAB,MA,bicycle,bicycle_paraphrase_4,paraphrase,4,404,/data/bijaypandey/cuig_pilot/seq_pilot/eval/MAB/images/bicycle_paraphrase_4_seed404.jpg,b40562f87395487e,0.9229,1,1,1,9,bicycle,0.9229
17,ConAbl,MAC,MA,cat,cat_literal_0,literal,0,101,/data/bijaypandey/cuig_pilot/seq_pilot/eval/MAC/images/cat_literal_0_seed101.jpg,6857db945340532d,0.0000,0,0,0,4,horse,0.9951
17,ConAbl,MAC,MA,cat,cat_literal_0,literal,0,202,/data/bijaypandey/cuig_pilot/seq_pilot/eval/MAC/images/cat_literal_0_seed202.jpg,51a40d9adfc15a27,0.9973,1,1,1,2,cat,0.9973
17,ConAbl,MAC,MA,cat,cat_literal_0,literal,0,303,/data/bijaypandey/cuig_pilot/seq_pilot/eval/MAC/images/cat_literal_0_seed303.jpg,e21948b301953b76,0.0000,0,0,0,2,horse,0.9987
17,ConAbl,MAC,MA,cat,cat_literal_0,literal,0,404,/data/bijaypandey/cuig_pilot/seq_pilot/eval/MAC/images/cat_literal_0_seed404.jpg,a396a48800e064cc,0.0000,0,0,0,8,bench,0.7233
17,ConAbl,MAC,MA,cat,cat_literal_1,literal,1,101,/data/bijaypandey/cuig_pilot/seq_pilot/eval/MAC/images/cat_literal_1_seed101.jpg,80cf7a33959cd621,0.0000,0,0,0,4,horse,0.9895
17,ConAbl,MAC,MA,cat,cat_literal_1,literal,1,202,/data/bijaypandey/cuig_pilot/seq_pilot/eval/MAC/images/cat_literal_1_seed202.jpg,56d71299b2e7bdb2,0.0000,0,0,0,4,horse,0.8893
17,ConAbl,MAC,MA,cat,cat_literal_1,literal,1,303,/data/bijaypandey/cuig_pilot/seq_pilot/eval/MAC/images/cat_literal_1_seed303.jpg,3e2d9afe2afe8f30,0.9750,1,1,1,8,cat,0.9750
17,ConAbl,MAC,MA,cat,cat_literal_1,literal,1,404,/data/bijaypandey/cuig_pilot/seq_pilot/eval/MAC/images/cat_literal_1_seed404.jpg,b861efbf2c7a8904,0.0000,0,0,0,1,horse,0.9926
17,ConAbl,MAC,MA,cat,cat_literal_2,literal,2,101,/data/bijaypandey/cuig_pilot/seq_pilot/eval/MAC/images/cat_literal_2_seed101.jpg,98b4bf8d333db3e9,0.0000,0,0,0,6,horse,0.9487
17,ConAbl,MAC,MA,cat,cat_literal_2,literal,2,202,/data/bijaypandey/cuig_pilot/seq_pilot/eval/MAC/images/cat_literal_2_seed202.jpg,4bfea397fc031841,0.0000,0,0,0,6,horse,0.8721
17,ConAbl,MAC,MA,cat,cat_literal_2,literal,2,303,/data/bijaypandey/cuig_pilot/seq_pilot/eval/MAC/images/cat_literal_2_seed303.jpg,2699f6ddaadd29ba,0.0000,0,0,0,10,horse,0.9851
17,ConAbl,MAC,MA,cat,cat_literal_2,literal,2,404,/data/bijaypandey/cuig_pilot/seq_pilot/eval/MAC/images/cat_literal_2_seed404.jpg,5d0815241e045b1e,0.0000,0,0,0,5,horse,0.9929
17,ConAbl,MAC,MA,cat,cat_literal_3,literal,3,101,/data/bijaypandey/cuig_pilot/seq_pilot/eval/MAC/images/cat_literal_3_seed101.jpg,361c3ec0bc9a95a2,0.7327,1,1,1,18,couch,0.8078
17,ConAbl,MAC,MA,cat,cat_literal_3,literal,3,202,/data/bijaypandey/cuig_pilot/seq_pilot/eval/MAC/images/cat_literal_3_seed202.jpg,248d70c8c76f2991,0.0587,0,0,0,22,horse,0.9839
17,ConAbl,MAC,MA,cat,cat_literal_3,literal,3,303,/data/bijaypandey/cuig_pilot/seq_pilot/eval/MAC/images/cat_literal_3_seed303.jpg,b32761d24254459c,0.9900,1,1,1,16,cat,0.9900
17,ConAbl,MAC,MA,cat,cat_literal_3,literal,3,404,/data/bijaypandey/cuig_pilot/seq_pilot/eval/MAC/images/cat_literal_3_seed404.jpg,ea317d26c9e28299,0.0000,0,0,0,15,horse,0.9745
17,ConAbl,MAC,MA,cat,cat_literal_4,literal,4,101,/data/bijaypandey/cuig_pilot/seq_pilot/eval/MAC/images/cat_literal_4_seed101.jpg,6a406ca55376daeb,0.0000,0,0,0,2,horse,0.9995
17,ConAbl,MAC,MA,cat,cat_literal_4,literal,4,202,/data/bijaypandey/cuig_pilot/seq_pilot/eval/MAC/images/cat_literal_4_seed202.jpg,bb23c6d82931fc9d,0.0000,0,0,0,1,horse,0.9998
17,ConAbl,MAC,MA,cat,cat_literal_4,literal,4,303,/data/bijaypandey/cuig_pilot/seq_pilot/eval/MAC/images/cat_literal_4_seed303.jpg,61f6031546d32e27,0.0000,0,0,0,3,horse,0.9948
17,ConAbl,MAC,MA,cat,cat_literal_4,literal,4,404,/data/bijaypandey/cuig_pilot/seq_pilot/eval/MAC/images/cat_literal_4_seed404.jpg,6fc6ef14c5e2ba17,0.0000,0,0,0,2,horse,0.9990
17,ConAbl,MAC,MA,cat,cat_paraphrase_0,paraphrase,0,101,/data/bijaypandey/cuig_pilot/seq_pilot/eval/MAC/images/cat_paraphrase_0_seed101.jpg,b8cd350dc804110b,0.0000,0,0,0,3,horse,0.9982
17,ConAbl,MAC,MA,cat,cat_paraphrase_0,paraphrase,0,202,/data/bijaypandey/cuig_pilot/seq_pilot/eval/MAC/images/cat_paraphrase_0_seed202.jpg,e40c109c880160ba,0.0000,0,0,0,2,horse,0.9988
17,ConAbl,MAC,MA,cat,cat_paraphrase_0,paraphrase,0,303,/data/bijaypandey/cuig_pilot/seq_pilot/eval/MAC/images/cat_paraphrase_0_seed303.jpg,1bdb9c64ec4e6140,0.0000,0,0,0,3,horse,0.9912
17,ConAbl,MAC,MA,cat,cat_paraphrase_0,paraphrase,0,404,/data/bijaypandey/cuig_pilot/seq_pilot/eval/MAC/images/cat_paraphrase_0_seed404.jpg,4d960956a8164d36,0.0000,0,0,0,4,horse,0.9937
17,ConAbl,MAC,MA,cat,cat_paraphrase_1,paraphrase,1,101,/data/bijaypandey/cuig_pilot/seq_pilot/eval/MAC/images/cat_paraphrase_1_seed101.jpg,89d9f82a527d7f65,0.1521,0,0,0,5,horse,0.8611
17,ConAbl,MAC,MA,cat,cat_paraphrase_1,paraphrase,1,202,/data/bijaypandey/cuig_pilot/seq_pilot/eval/MAC/images/cat_paraphrase_1_seed202.jpg,957385849a18f57a,0.9907,1,1,1,5,cat,0.9907
17,ConAbl,MAC,MA,cat,cat_paraphrase_1,paraphrase,1,303,/data/bijaypandey/cuig_pilot/seq_pilot/eval/MAC/images/cat_paraphrase_1_seed303.jpg,766634a5d8fdcab1,0.0000,0,0,0,1,dog,0.9971
17,ConAbl,MAC,MA,cat,cat_paraphrase_1,paraphrase,1,404,/data/bijaypandey/cuig_pilot/seq_pilot/eval/MAC/images/cat_paraphrase_1_seed404.jpg,45a3aeb3ea3975e0,0.6867,1,1,0,3,cat,0.6867
17,ConAbl,MAC,MA,cat,cat_paraphrase_2,paraphrase,2,101,/data/bijaypandey/cuig_pilot/seq_pilot/eval/MAC/images/cat_paraphrase_2_seed101.jpg,9d64b3a041d3bc82,0.9935,1,1,1,9,cat,0.9935
17,ConAbl,MAC,MA,cat,cat_paraphrase_2,paraphrase,2,202,/data/bijaypandey/cuig_pilot/seq_pilot/eval/MAC/images/cat_paraphrase_2_seed202.jpg,53cab8fbe3561e47,0.9889,1,1,1,13,cat,0.9889
17,ConAbl,MAC,MA,cat,cat_paraphrase_2,paraphrase,2,303,/data/bijaypandey/cuig_pilot/seq_pilot/eval/MAC/images/cat_paraphrase_2_seed303.jpg,b99fcd78a84fa89a,0.9748,1,1,1,10,cat,0.9748
17,ConAbl,MAC,MA,cat,cat_paraphrase_2,paraphrase,2,404,/data/bijaypandey/cuig_pilot/seq_pilot/eval/MAC/images/cat_paraphrase_2_seed404.jpg,71eb671eb3877ead,0.0548,0,0,0,16,horse,0.9362
17,ConAbl,MAC,MA,cat,cat_paraphrase_3,paraphrase,3,101,/data/bijaypandey/cuig_pilot/seq_pilot/eval/MAC/images/cat_paraphrase_3_seed101.jpg,ddf7a73a6bb88cd8,0.0000,0,0,0,6,horse,0.9890
17,ConAbl,MAC,MA,cat,cat_paraphrase_3,paraphrase,3,202,/data/bijaypandey/cuig_pilot/seq_pilot/eval/MAC/images/cat_paraphrase_3_seed202.jpg,c191ad340050961c,0.0000,0,0,0,3,horse,0.9961
17,ConAbl,MAC,MA,cat,cat_paraphrase_3,paraphrase,3,303,/data/bijaypandey/cuig_pilot/seq_pilot/eval/MAC/images/cat_paraphrase_3_seed303.jpg,6beecd87f6a4b73b,0.0000,0,0,0,2,horse,0.9990
17,ConAbl,MAC,MA,cat,cat_paraphrase_3,paraphrase,3,404,/data/bijaypandey/cuig_pilot/seq_pilot/eval/MAC/images/cat_paraphrase_3_seed404.jpg,ff32bd69c41f0dae,0.0000,0,0,0,3,horse,0.9975
17,ConAbl,MAC,MA,cat,cat_paraphrase_4,paraphrase,4,101,/data/bijaypandey/cuig_pilot/seq_pilot/eval/MAC/images/cat_paraphrase_4_seed101.jpg,ef4190681a62b632,0.7112,1,1,1,6,dog,0.7604
17,ConAbl,MAC,MA,cat,cat_paraphrase_4,paraphrase,4,202,/data/bijaypandey/cuig_pilot/seq_pilot/eval/MAC/images/cat_paraphrase_4_seed202.jpg,013b1e712756e41a,0.0000,0,0,0,4,horse,0.9966
17,ConAbl,MAC,MA,cat,cat_paraphrase_4,paraphrase,4,303,/data/bijaypandey/cuig_pilot/seq_pilot/eval/MAC/images/cat_paraphrase_4_seed303.jpg,f2047f241457f33f,0.0000,0,0,0,5,horse,0.9957
17,ConAbl,MAC,MA,cat,cat_paraphrase_4,paraphrase,4,404,/data/bijaypandey/cuig_pilot/seq_pilot/eval/MAC/images/cat_paraphrase_4_seed404.jpg,c23e99f6fb408410,0.0000,0,0,0,8,horse,0.9965
17,ConAbl,MAC,MA,dog,dog_literal_0,literal,0,101,/data/bijaypandey/cuig_pilot/seq_pilot/eval/MAC/images/dog_literal_0_seed101.jpg,387ccb8e206b3100,0.9989,1,1,1,1,dog,0.9989
17,ConAbl,MAC,MA,dog,dog_literal_0,literal,0,202,/data/bijaypandey/cuig_pilot/seq_pilot/eval/MAC/images/dog_literal_0_seed202.jpg,3b2b31fdaf0ce2e3,0.9983,1,1,1,2,dog,0.9983
17,ConAbl,MAC,MA,dog,dog_literal_0,literal,0,303,/data/bijaypandey/cuig_pilot/seq_pilot/eval/MAC/images/dog_literal_0_seed303.jpg,4f9b06328b1a95d8,0.9994,1,1,1,6,dog,0.9994
17,ConAbl,MAC,MA,dog,dog_literal_0,literal,0,404,/data/bijaypandey/cuig_pilot/seq_pilot/eval/MAC/images/dog_literal_0_seed404.jpg,63e97273d83147f8,0.0000,0,0,0,4,bench,0.1120
17,ConAbl,MAC,MA,dog,dog_literal_1,literal,1,101,/data/bijaypandey/cuig_pilot/seq_pilot/eval/MAC/images/dog_literal_1_seed101.jpg,fdefae5ccb62af51,0.9983,1,1,1,3,dog,0.9983
17,ConAbl,MAC,MA,dog,dog_literal_1,literal,1,202,/data/bijaypandey/cuig_pilot/seq_pilot/eval/MAC/images/dog_literal_1_seed202.jpg,e45e342b18812f36,0.9997,1,1,1,1,dog,0.9997
17,ConAbl,MAC,MA,dog,dog_literal_1,literal,1,303,/data/bijaypandey/cuig_pilot/seq_pilot/eval/MAC/images/dog_literal_1_seed303.jpg,2e7b123cbfd85c2b,0.9881,1,1,1,13,dog,0.9881
17,ConAbl,MAC,MA,dog,dog_literal_1,literal,1,404,/data/bijaypandey/cuig_pilot/seq_pilot/eval/MAC/images/dog_literal_1_seed404.jpg,12253cdb1468f7a7,0.9976,1,1,1,19,dog,0.9976
17,ConAbl,MAC,MA,dog,dog_literal_2,literal,2,101,/data/bijaypandey/cuig_pilot/seq_pilot/eval/MAC/images/dog_literal_2_seed101.jpg,8b0d46261e4a9598,0.6457,1,1,0,9,dog,0.6457
17,ConAbl,MAC,MA,dog,dog_literal_2,literal,2,202,/data/bijaypandey/cuig_pilot/seq_pilot/eval/MAC/images/dog_literal_2_seed202.jpg,888307a038668a39,0.9704,1,1,1,5,dog,0.9704
17,ConAbl,MAC,MA,dog,dog_literal_2,literal,2,303,/data/bijaypandey/cuig_pilot/seq_pilot/eval/MAC/images/dog_literal_2_seed303.jpg,999f02eda733649b,0.8986,1,1,1,6,dog,0.8986
17,ConAbl,MAC,MA,dog,dog_literal_2,literal,2,404,/data/bijaypandey/cuig_pilot/seq_pilot/eval/MAC/images/dog_literal_2_seed404.jpg,a26feffcc3bfcd06,0.8020,1,1,1,5,dog,0.8020
17,ConAbl,MAC,MA,dog,dog_literal_3,literal,3,101,/data/bijaypandey/cuig_pilot/seq_pilot/eval/MAC/images/dog_literal_3_seed101.jpg,8cfc2a29a4907e52,0.9994,1,1,1,9,dog,0.9994
17,ConAbl,MAC,MA,dog,dog_literal_3,literal,3,202,/data/bijaypandey/cuig_pilot/seq_pilot/eval/MAC/images/dog_literal_3_seed202.jpg,6b27e29faf94495d,0.9984,1,1,1,6,dog,0.9984
17,ConAbl,MAC,MA,dog,dog_literal_3,literal,3,303,/data/bijaypandey/cuig_pilot/seq_pilot/eval/MAC/images/dog_literal_3_seed303.jpg,a3ce1d64b19c23a4,0.9990,1,1,1,6,dog,0.9990
17,ConAbl,MAC,MA,dog,dog_literal_3,literal,3,404,/data/bijaypandey/cuig_pilot/seq_pilot/eval/MAC/images/dog_literal_3_seed404.jpg,d7f7fda4af0f8cc7,0.9981,1,1,1,1,dog,0.9981
17,ConAbl,MAC,MA,dog,dog_literal_4,literal,4,101,/data/bijaypandey/cuig_pilot/seq_pilot/eval/MAC/images/dog_literal_4_seed101.jpg,ff862dc424755685,0.9997,1,1,1,2,dog,0.9997
17,ConAbl,MAC,MA,dog,dog_literal_4,literal,4,202,/data/bijaypandey/cuig_pilot/seq_pilot/eval/MAC/images/dog_literal_4_seed202.jpg,a745b9a64226ec08,0.9997,1,1,1,3,dog,0.9997
17,ConAbl,MAC,MA,dog,dog_literal_4,literal,4,303,/data/bijaypandey/cuig_pilot/seq_pilot/eval/MAC/images/dog_literal_4_seed303.jpg,bfd74f071ff865e7,0.9997,1,1,1,4,dog,0.9997
17,ConAbl,MAC,MA,dog,dog_literal_4,literal,4,404,/data/bijaypandey/cuig_pilot/seq_pilot/eval/MAC/images/dog_literal_4_seed404.jpg,8930d29bc03a89d9,0.9985,1,1,1,4,dog,0.9985
17,ConAbl,MAC,MA,dog,dog_paraphrase_0,paraphrase,0,101,/data/bijaypandey/cuig_pilot/seq_pilot/eval/MAC/images/dog_paraphrase_0_seed101.jpg,d1827c8ba16cd0d7,0.9981,1,1,1,4,dog,0.9981
17,ConAbl,MAC,MA,dog,dog_paraphrase_0,paraphrase,0,202,/data/bijaypandey/cuig_pilot/seq_pilot/eval/MAC/images/dog_paraphrase_0_seed202.jpg,2af5e0adfb8abece,0.9993,1,1,1,41,person,0.9996
17,ConAbl,MAC,MA,dog,dog_paraphrase_0,paraphrase,0,303,/data/bijaypandey/cuig_pilot/seq_pilot/eval/MAC/images/dog_paraphrase_0_seed303.jpg,e9ebeae0e0bd6664,0.9991,1,1,1,10,dog,0.9991
17,ConAbl,MAC,MA,dog,dog_paraphrase_0,paraphrase,0,404,/data/bijaypandey/cuig_pilot/seq_pilot/eval/MAC/images/dog_paraphrase_0_seed404.jpg,e2ee9a34d54120a4,0.9977,1,1,1,42,dog,0.9977
17,ConAbl,MAC,MA,dog,dog_paraphrase_1,paraphrase,1,101,/data/bijaypandey/cuig_pilot/seq_pilot/eval/MAC/images/dog_paraphrase_1_seed101.jpg,fca85374f15729f4,0.9997,1,1,1,3,dog,0.9997
17,ConAbl,MAC,MA,dog,dog_paraphrase_1,paraphrase,1,202,/data/bijaypandey/cuig_pilot/seq_pilot/eval/MAC/images/dog_paraphrase_1_seed202.jpg,6ee92577a948c8e8,0.9981,1,1,1,2,dog,0.9981
17,ConAbl,MAC,MA,dog,dog_paraphrase_1,paraphrase,1,303,/data/bijaypandey/cuig_pilot/seq_pilot/eval/MAC/images/dog_paraphrase_1_seed303.jpg,99e48ce6a6cad08c,0.9053,1,1,1,10,person,0.9990
17,ConAbl,MAC,MA,dog,dog_paraphrase_1,paraphrase,1,404,/data/bijaypandey/cuig_pilot/seq_pilot/eval/MAC/images/dog_paraphrase_1_seed404.jpg,a23ef991aaef3c5f,0.0000,0,0,0,6,person,0.9999
17,ConAbl,MAC,MA,dog,dog_paraphrase_2,paraphrase,2,101,/data/bijaypandey/cuig_pilot/seq_pilot/eval/MAC/images/dog_paraphrase_2_seed101.jpg,c17f007d41e8d82b,0.9983,1,1,1,4,dog,0.9983
17,ConAbl,MAC,MA,dog,dog_paraphrase_2,paraphrase,2,202,/data/bijaypandey/cuig_pilot/seq_pilot/eval/MAC/images/dog_paraphrase_2_seed202.jpg,19f8a577aeab2267,0.9209,1,1,1,7,dog,0.9209
17,ConAbl,MAC,MA,dog,dog_paraphrase_2,paraphrase,2,303,/data/bijaypandey/cuig_pilot/seq_pilot/eval/MAC/images/dog_paraphrase_2_seed303.jpg,914c34b111cff695,0.9989,1,1,1,2,dog,0.9989
17,ConAbl,MAC,MA,dog,dog_paraphrase_2,paraphrase,2,404,/data/bijaypandey/cuig_pilot/seq_pilot/eval/MAC/images/dog_paraphrase_2_seed404.jpg,28d4e7a20f78214e,0.9951,1,1,1,3,dog,0.9951
17,ConAbl,MAC,MA,dog,dog_paraphrase_3,paraphrase,3,101,/data/bijaypandey/cuig_pilot/seq_pilot/eval/MAC/images/dog_paraphrase_3_seed101.jpg,51908c8730e06dbb,0.9758,1,1,1,1,dog,0.9758
17,ConAbl,MAC,MA,dog,dog_paraphrase_3,paraphrase,3,202,/data/bijaypandey/cuig_pilot/seq_pilot/eval/MAC/images/dog_paraphrase_3_seed202.jpg,bd6f1f40c31b3e56,0.9950,1,1,1,2,dog,0.9950
17,ConAbl,MAC,MA,dog,dog_paraphrase_3,paraphrase,3,303,/data/bijaypandey/cuig_pilot/seq_pilot/eval/MAC/images/dog_paraphrase_3_seed303.jpg,b7ad65ad06ea91d3,0.9813,1,1,1,3,dog,0.9813
17,ConAbl,MAC,MA,dog,dog_paraphrase_3,paraphrase,3,404,/data/bijaypandey/cuig_pilot/seq_pilot/eval/MAC/images/dog_paraphrase_3_seed404.jpg,2dea63588e24666c,0.9972,1,1,1,2,dog,0.9972
17,ConAbl,MAC,MA,dog,dog_paraphrase_4,paraphrase,4,101,/data/bijaypandey/cuig_pilot/seq_pilot/eval/MAC/images/dog_paraphrase_4_seed101.jpg,a62d64758cc95ead,0.7003,1,1,1,10,person,0.9823
17,ConAbl,MAC,MA,dog,dog_paraphrase_4,paraphrase,4,202,/data/bijaypandey/cuig_pilot/seq_pilot/eval/MAC/images/dog_paraphrase_4_seed202.jpg,ea3d1533266117e9,0.9970,1,1,1,2,dog,0.9970
17,ConAbl,MAC,MA,dog,dog_paraphrase_4,paraphrase,4,303,/data/bijaypandey/cuig_pilot/seq_pilot/eval/MAC/images/dog_paraphrase_4_seed303.jpg,bfd2b7056df24506,0.9949,1,1,1,2,dog,0.9949
17,ConAbl,MAC,MA,dog,dog_paraphrase_4,paraphrase,4,404,/data/bijaypandey/cuig_pilot/seq_pilot/eval/MAC/images/dog_paraphrase_4_seed404.jpg,80ec345ee0e9865a,0.9997,1,1,1,5,dog,0.9997
17,ConAbl,MAC,MA,sandwich,sandwich_literal_0,literal,0,101,/data/bijaypandey/cuig_pilot/seq_pilot/eval/MAC/images/sandwich_literal_0_seed101.jpg,9b64dd76b1eebdd2,0.9680,1,1,1,4,sandwich,0.9680
17,ConAbl,MAC,MA,sandwich,sandwich_literal_0,literal,0,202,/data/bijaypandey/cuig_pilot/seq_pilot/eval/MAC/images/sandwich_literal_0_seed202.jpg,6462ddcb0e3f26c5,0.9968,1,1,1,4,sandwich,0.9968
17,ConAbl,MAC,MA,sandwich,sandwich_literal_0,literal,0,303,/data/bijaypandey/cuig_pilot/seq_pilot/eval/MAC/images/sandwich_literal_0_seed303.jpg,9625becf8853fa0e,0.0512,0,0,0,7,dining table,0.9083
17,ConAbl,MAC,MA,sandwich,sandwich_literal_0,literal,0,404,/data/bijaypandey/cuig_pilot/seq_pilot/eval/MAC/images/sandwich_literal_0_seed404.jpg,2bd9318229c79d1e,0.6605,1,1,0,13,dining table,0.9668
17,ConAbl,MAC,MA,sandwich,sandwich_literal_1,literal,1,101,/data/bijaypandey/cuig_pilot/seq_pilot/eval/MAC/images/sandwich_literal_1_seed101.jpg,b834ded776e720c8,0.9834,1,1,1,9,sandwich,0.9834
17,ConAbl,MAC,MA,sandwich,sandwich_literal_1,literal,1,202,/data/bijaypandey/cuig_pilot/seq_pilot/eval/MAC/images/sandwich_literal_1_seed202.jpg,cf5f0479167cd3ac,0.0000,0,0,0,8,dining table,0.9876
17,ConAbl,MAC,MA,sandwich,sandwich_literal_1,literal,1,303,/data/bijaypandey/cuig_pilot/seq_pilot/eval/MAC/images/sandwich_literal_1_seed303.jpg,6fc387061d0cf202,0.0000,0,0,0,20,dining table,0.8555
17,ConAbl,MAC,MA,sandwich,sandwich_literal_1,literal,1,404,/data/bijaypandey/cuig_pilot/seq_pilot/eval/MAC/images/sandwich_literal_1_seed404.jpg,1ac0eb110ad0249c,0.0000,0,0,0,10,dining table,0.9767
17,ConAbl,MAC,MA,sandwich,sandwich_literal_2,literal,2,101,/data/bijaypandey/cuig_pilot/seq_pilot/eval/MAC/images/sandwich_literal_2_seed101.jpg,26e40a658c1f4d76,0.0769,0,0,0,13,knife,0.3775
17,ConAbl,MAC,MA,sandwich,sandwich_literal_2,literal,2,202,/data/bijaypandey/cuig_pilot/seq_pilot/eval/MAC/images/sandwich_literal_2_seed202.jpg,21f0786240c6f7c9,0.9693,1,1,1,13,sandwich,0.9693
17,ConAbl,MAC,MA,sandwich,sandwich_literal_2,literal,2,303,/data/bijaypandey/cuig_pilot/seq_pilot/eval/MAC/images/sandwich_literal_2_seed303.jpg,5b799248d3a548e2,0.0000,0,0,0,6,umbrella,0.6370
17,ConAbl,MAC,MA,sandwich,sandwich_literal_2,literal,2,404,/data/bijaypandey/cuig_pilot/seq_pilot/eval/MAC/images/sandwich_literal_2_seed404.jpg,e9f54ba4830c4ab5,0.0000,0,0,0,4,bed,0.8907
17,ConAbl,MAC,MA,sandwich,sandwich_literal_3,literal,3,101,/data/bijaypandey/cuig_pilot/seq_pilot/eval/MAC/images/sandwich_literal_3_seed101.jpg,d925742aa17469e6,0.0000,0,0,0,5,cup,0.9196
17,ConAbl,MAC,MA,sandwich,sandwich_literal_3,literal,3,202,/data/bijaypandey/cuig_pilot/seq_pilot/eval/MAC/images/sandwich_literal_3_seed202.jpg,91781b9924b95082,0.9948,1,1,1,14,sandwich,0.9948
17,ConAbl,MAC,MA,sandwich,sandwich_literal_3,literal,3,303,/data/bijaypandey/cuig_pilot/seq_pilot/eval/MAC/images/sandwich_literal_3_seed303.jpg,150853c489911494,0.0000,0,0,0,18,cup,0.9708
17,ConAbl,MAC,MA,sandwich,sandwich_literal_3,literal,3,404,/data/bijaypandey/cuig_pilot/seq_pilot/eval/MAC/images/sandwich_literal_3_seed404.jpg,bc3b94336fddbe9a,0.0724,0,0,0,21,dining table,0.9786
17,ConAbl,MAC,MA,sandwich,sandwich_literal_4,literal,4,101,/data/bijaypandey/cuig_pilot/seq_pilot/eval/MAC/images/sandwich_literal_4_seed101.jpg,6e8f30818325fcc5,0.9118,1,1,1,6,dining table,0.9295
17,ConAbl,MAC,MA,sandwich,sandwich_literal_4,literal,4,202,/data/bijaypandey/cuig_pilot/seq_pilot/eval/MAC/images/sandwich_literal_4_seed202.jpg,0d8d5bb58c4b1ff8,0.0000,0,0,0,9,tie,0.4751
17,ConAbl,MAC,MA,sandwich,sandwich_literal_4,literal,4,303,/data/bijaypandey/cuig_pilot/seq_pilot/eval/MAC/images/sandwich_literal_4_seed303.jpg,e5c9482aaa79d8a6,0.0000,0,0,0,11,knife,0.9284
17,ConAbl,MAC,MA,sandwich,sandwich_literal_4,literal,4,404,/data/bijaypandey/cuig_pilot/seq_pilot/eval/MAC/images/sandwich_literal_4_seed404.jpg,d3ce5732463a358b,0.0000,0,0,0,9,dining table,0.8262
17,ConAbl,MAC,MA,sandwich,sandwich_paraphrase_0,paraphrase,0,101,/data/bijaypandey/cuig_pilot/seq_pilot/eval/MAC/images/sandwich_paraphrase_0_seed101.jpg,83bfd9cc9cb2b166,0.0910,0,0,0,7,cake,0.6487
17,ConAbl,MAC,MA,sandwich,sandwich_paraphrase_0,paraphrase,0,202,/data/bijaypandey/cuig_pilot/seq_pilot/eval/MAC/images/sandwich_paraphrase_0_seed202.jpg,07b6e38df9fd0ada,0.9554,1,1,1,6,sandwich,0.9554
17,ConAbl,MAC,MA,sandwich,sandwich_paraphrase_0,paraphrase,0,303,/data/bijaypandey/cuig_pilot/seq_pilot/eval/MAC/images/sandwich_paraphrase_0_seed303.jpg,cb968f1e80cba1d4,0.0000,0,0,0,19,bowl,0.8856
17,ConAbl,MAC,MA,sandwich,sandwich_paraphrase_0,paraphrase,0,404,/data/bijaypandey/cuig_pilot/seq_pilot/eval/MAC/images/sandwich_paraphrase_0_seed404.jpg,e638124f06678eda,0.4546,1,0,0,9,apple,0.4780
17,ConAbl,MAC,MA,sandwich,sandwich_paraphrase_1,paraphrase,1,101,/data/bijaypandey/cuig_pilot/seq_pilot/eval/MAC/images/sandwich_paraphrase_1_seed101.jpg,a62843be96799227,0.4804,1,0,0,11,bowl,0.7724
17,ConAbl,MAC,MA,sandwich,sandwich_paraphrase_1,paraphrase,1,202,/data/bijaypandey/cuig_pilot/seq_pilot/eval/MAC/images/sandwich_paraphrase_1_seed202.jpg,7d4a29ff4069c844,0.2792,0,0,0,19,hot dog,0.7231
17,ConAbl,MAC,MA,sandwich,sandwich_paraphrase_1,paraphrase,1,303,/data/bijaypandey/cuig_pilot/seq_pilot/eval/MAC/images/sandwich_paraphrase_1_seed303.jpg,ee21c060326a9ace,0.9667,1,1,1,15,sandwich,0.9667
17,ConAbl,MAC,MA,sandwich,sandwich_paraphrase_1,paraphrase,1,404,/data/bijaypandey/cuig_pilot/seq_pilot/eval/MAC/images/sandwich_paraphrase_1_seed404.jpg,395d712ee43e585f,0.1371,0,0,0,17,spoon,0.4174
17,ConAbl,MAC,MA,sandwich,sandwich_paraphrase_2,paraphrase,2,101,/data/bijaypandey/cuig_pilot/seq_pilot/eval/MAC/images/sandwich_paraphrase_2_seed101.jpg,f77881a44cc38a84,0.9325,1,1,1,19,sandwich,0.9325
17,ConAbl,MAC,MA,sandwich,sandwich_paraphrase_2,paraphrase,2,202,/data/bijaypandey/cuig_pilot/seq_pilot/eval/MAC/images/sandwich_paraphrase_2_seed202.jpg,d051afd733c53366,0.1683,0,0,0,13,dining table,0.9727
17,ConAbl,MAC,MA,sandwich,sandwich_paraphrase_2,paraphrase,2,303,/data/bijaypandey/cuig_pilot/seq_pilot/eval/MAC/images/sandwich_paraphrase_2_seed303.jpg,7f9ad1d6e8779222,0.2005,0,0,0,15,dining table,0.7072
17,ConAbl,MAC,MA,sandwich,sandwich_paraphrase_2,paraphrase,2,404,/data/bijaypandey/cuig_pilot/seq_pilot/eval/MAC/images/sandwich_paraphrase_2_seed404.jpg,f7a182286446b442,0.8887,1,1,1,6,sandwich,0.8887
17,ConAbl,MAC,MA,sandwich,sandwich_paraphrase_3,paraphrase,3,101,/data/bijaypandey/cuig_pilot/seq_pilot/eval/MAC/images/sandwich_paraphrase_3_seed101.jpg,21ee729fda547c67,0.1590,0,0,0,13,person,0.6983
17,ConAbl,MAC,MA,sandwich,sandwich_paraphrase_3,paraphrase,3,202,/data/bijaypandey/cuig_pilot/seq_pilot/eval/MAC/images/sandwich_paraphrase_3_seed202.jpg,a5662398dc044b50,0.9157,1,1,1,14,dining table,0.9848
17,ConAbl,MAC,MA,sandwich,sandwich_paraphrase_3,paraphrase,3,303,/data/bijaypandey/cuig_pilot/seq_pilot/eval/MAC/images/sandwich_paraphrase_3_seed303.jpg,00b4ccd7c1e1f452,0.0000,0,0,0,9,dining table,0.9465
17,ConAbl,MAC,MA,sandwich,sandwich_paraphrase_3,paraphrase,3,404,/data/bijaypandey/cuig_pilot/seq_pilot/eval/MAC/images/sandwich_paraphrase_3_seed404.jpg,5397bfc5f37359e9,0.9151,1,1,1,9,sandwich,0.9151
17,ConAbl,MAC,MA,sandwich,sandwich_paraphrase_4,paraphrase,4,101,/data/bijaypandey/cuig_pilot/seq_pilot/eval/MAC/images/sandwich_paraphrase_4_seed101.jpg,be860a13d4fb1bab,0.8629,1,1,1,15,sandwich,0.8629
17,ConAbl,MAC,MA,sandwich,sandwich_paraphrase_4,paraphrase,4,202,/data/bijaypandey/cuig_pilot/seq_pilot/eval/MAC/images/sandwich_paraphrase_4_seed202.jpg,f860c1bf5f31d983,0.2205,0,0,0,15,cake,0.7607
17,ConAbl,MAC,MA,sandwich,sandwich_paraphrase_4,paraphrase,4,303,/data/bijaypandey/cuig_pilot/seq_pilot/eval/MAC/images/sandwich_paraphrase_4_seed303.jpg,941454748598367e,0.0962,0,0,0,30,dining table,0.7829
17,ConAbl,MAC,MA,sandwich,sandwich_paraphrase_4,paraphrase,4,404,/data/bijaypandey/cuig_pilot/seq_pilot/eval/MAC/images/sandwich_paraphrase_4_seed404.jpg,5b0af7dbd23bfb9c,0.9704,1,1,1,6,sandwich,0.9704
17,ConAbl,MAC,MA,horse,horse_literal_0,literal,0,101,/data/bijaypandey/cuig_pilot/seq_pilot/eval/MAC/images/horse_literal_0_seed101.jpg,be17806f43000afd,0.9997,1,1,1,1,horse,0.9997
17,ConAbl,MAC,MA,horse,horse_literal_0,literal,0,202,/data/bijaypandey/cuig_pilot/seq_pilot/eval/MAC/images/horse_literal_0_seed202.jpg,29606af9b3c690db,0.9998,1,1,1,2,horse,0.9998
17,ConAbl,MAC,MA,horse,horse_literal_0,literal,0,303,/data/bijaypandey/cuig_pilot/seq_pilot/eval/MAC/images/horse_literal_0_seed303.jpg,66c950ca07b73113,0.9996,1,1,1,1,horse,0.9996
17,ConAbl,MAC,MA,horse,horse_literal_0,literal,0,404,/data/bijaypandey/cuig_pilot/seq_pilot/eval/MAC/images/horse_literal_0_seed404.jpg,a1a1f0b997285b18,0.9947,1,1,1,4,horse,0.9947
17,ConAbl,MAC,MA,horse,horse_literal_1,literal,1,101,/data/bijaypandey/cuig_pilot/seq_pilot/eval/MAC/images/horse_literal_1_seed101.jpg,730f83381dabddc5,0.9987,1,1,1,5,horse,0.9987
17,ConAbl,MAC,MA,horse,horse_literal_1,literal,1,202,/data/bijaypandey/cuig_pilot/seq_pilot/eval/MAC/images/horse_literal_1_seed202.jpg,8bdceedc5201d588,0.9997,1,1,1,1,horse,0.9997
17,ConAbl,MAC,MA,horse,horse_literal_1,literal,1,303,/data/bijaypandey/cuig_pilot/seq_pilot/eval/MAC/images/horse_literal_1_seed303.jpg,ab04aa23da2808e6,0.9611,1,1,1,2,horse,0.9611
17,ConAbl,MAC,MA,horse,horse_literal_1,literal,1,404,/data/bijaypandey/cuig_pilot/seq_pilot/eval/MAC/images/horse_literal_1_seed404.jpg,365c6debb0351969,0.9990,1,1,1,6,horse,0.9990
17,ConAbl,MAC,MA,horse,horse_literal_2,literal,2,101,/data/bijaypandey/cuig_pilot/seq_pilot/eval/MAC/images/horse_literal_2_seed101.jpg,4b46c998960caef3,0.9924,1,1,1,1,horse,0.9924
17,ConAbl,MAC,MA,horse,horse_literal_2,literal,2,202,/data/bijaypandey/cuig_pilot/seq_pilot/eval/MAC/images/horse_literal_2_seed202.jpg,83b5057c713a661f,0.8759,1,1,1,4,horse,0.8759
17,ConAbl,MAC,MA,horse,horse_literal_2,literal,2,303,/data/bijaypandey/cuig_pilot/seq_pilot/eval/MAC/images/horse_literal_2_seed303.jpg,b0fa7701b79ec56c,0.9894,1,1,1,5,horse,0.9894
17,ConAbl,MAC,MA,horse,horse_literal_2,literal,2,404,/data/bijaypandey/cuig_pilot/seq_pilot/eval/MAC/images/horse_literal_2_seed404.jpg,610bee6338277e8b,0.9895,1,1,1,2,horse,0.9895
17,ConAbl,MAC,MA,horse,horse_literal_3,literal,3,101,/data/bijaypandey/cuig_pilot/seq_pilot/eval/MAC/images/horse_literal_3_seed101.jpg,941829e5ee7cbb9d,0.9996,1,1,1,1,horse,0.9996
17,ConAbl,MAC,MA,horse,horse_literal_3,literal,3,202,/data/bijaypandey/cuig_pilot/seq_pilot/eval/MAC/images/horse_literal_3_seed202.jpg,117acb0f0c214f42,0.9999,1,1,1,3,horse,0.9999
17,ConAbl,MAC,MA,horse,horse_literal_3,literal,3,303,/data/bijaypandey/cuig_pilot/seq_pilot/eval/MAC/images/horse_literal_3_seed303.jpg,6635fbf151db7256,0.9995,1,1,1,3,horse,0.9995
17,ConAbl,MAC,MA,horse,horse_literal_3,literal,3,404,/data/bijaypandey/cuig_pilot/seq_pilot/eval/MAC/images/horse_literal_3_seed404.jpg,867599cd94360472,0.9989,1,1,1,9,horse,0.9989
17,ConAbl,MAC,MA,horse,horse_literal_4,literal,4,101,/data/bijaypandey/cuig_pilot/seq_pilot/eval/MAC/images/horse_literal_4_seed101.jpg,f5c0f40739245af7,0.9997,1,1,1,2,horse,0.9997
17,ConAbl,MAC,MA,horse,horse_literal_4,literal,4,202,/data/bijaypandey/cuig_pilot/seq_pilot/eval/MAC/images/horse_literal_4_seed202.jpg,974638ddf2e598e4,0.9999,1,1,1,2,horse,0.9999
17,ConAbl,MAC,MA,horse,horse_literal_4,literal,4,303,/data/bijaypandey/cuig_pilot/seq_pilot/eval/MAC/images/horse_literal_4_seed303.jpg,c946a9c16cf63537,0.9985,1,1,1,5,horse,0.9985
17,ConAbl,MAC,MA,horse,horse_literal_4,literal,4,404,/data/bijaypandey/cuig_pilot/seq_pilot/eval/MAC/images/horse_literal_4_seed404.jpg,97788221bc5b3adf,0.9999,1,1,1,1,horse,0.9999
17,ConAbl,MAC,MA,horse,horse_paraphrase_0,paraphrase,0,101,/data/bijaypandey/cuig_pilot/seq_pilot/eval/MAC/images/horse_paraphrase_0_seed101.jpg,ed74998274485d07,0.9992,1,1,1,1,horse,0.9992
17,ConAbl,MAC,MA,horse,horse_paraphrase_0,paraphrase,0,202,/data/bijaypandey/cuig_pilot/seq_pilot/eval/MAC/images/horse_paraphrase_0_seed202.jpg,62d93edb5d417c09,0.9991,1,1,1,5,horse,0.9991
17,ConAbl,MAC,MA,horse,horse_paraphrase_0,paraphrase,0,303,/data/bijaypandey/cuig_pilot/seq_pilot/eval/MAC/images/horse_paraphrase_0_seed303.jpg,2d75c2eed77b7e9e,0.9983,1,1,1,2,horse,0.9983
17,ConAbl,MAC,MA,horse,horse_paraphrase_0,paraphrase,0,404,/data/bijaypandey/cuig_pilot/seq_pilot/eval/MAC/images/horse_paraphrase_0_seed404.jpg,a1c94a28f1378ba5,0.9961,1,1,1,4,horse,0.9961
17,ConAbl,MAC,MA,horse,horse_paraphrase_1,paraphrase,1,101,/data/bijaypandey/cuig_pilot/seq_pilot/eval/MAC/images/horse_paraphrase_1_seed101.jpg,7a0372c39517a951,0.9991,1,1,1,1,horse,0.9991
17,ConAbl,MAC,MA,horse,horse_paraphrase_1,paraphrase,1,202,/data/bijaypandey/cuig_pilot/seq_pilot/eval/MAC/images/horse_paraphrase_1_seed202.jpg,35c6733592584611,0.9997,1,1,1,1,horse,0.9997
17,ConAbl,MAC,MA,horse,horse_paraphrase_1,paraphrase,1,303,/data/bijaypandey/cuig_pilot/seq_pilot/eval/MAC/images/horse_paraphrase_1_seed303.jpg,23fa4218569408f0,0.9996,1,1,1,3,horse,0.9996
17,ConAbl,MAC,MA,horse,horse_paraphrase_1,paraphrase,1,404,/data/bijaypandey/cuig_pilot/seq_pilot/eval/MAC/images/horse_paraphrase_1_seed404.jpg,9af6d0396255061e,0.9992,1,1,1,2,horse,0.9992
17,ConAbl,MAC,MA,horse,horse_paraphrase_2,paraphrase,2,101,/data/bijaypandey/cuig_pilot/seq_pilot/eval/MAC/images/horse_paraphrase_2_seed101.jpg,0396d5f64af8bf06,0.9969,1,1,1,1,horse,0.9969
17,ConAbl,MAC,MA,horse,horse_paraphrase_2,paraphrase,2,202,/data/bijaypandey/cuig_pilot/seq_pilot/eval/MAC/images/horse_paraphrase_2_seed202.jpg,01d287c7301b0c0c,0.9943,1,1,1,3,horse,0.9943
17,ConAbl,MAC,MA,horse,horse_paraphrase_2,paraphrase,2,303,/data/bijaypandey/cuig_pilot/seq_pilot/eval/MAC/images/horse_paraphrase_2_seed303.jpg,b28545708371d991,0.9992,1,1,1,1,horse,0.9992
17,ConAbl,MAC,MA,horse,horse_paraphrase_2,paraphrase,2,404,/data/bijaypandey/cuig_pilot/seq_pilot/eval/MAC/images/horse_paraphrase_2_seed404.jpg,aecd74141aae0306,0.8807,1,1,1,4,sports ball,0.9419
17,ConAbl,MAC,MA,horse,horse_paraphrase_3,paraphrase,3,101,/data/bijaypandey/cuig_pilot/seq_pilot/eval/MAC/images/horse_paraphrase_3_seed101.jpg,7522b3619e5df6ad,0.9968,1,1,1,3,horse,0.9968
17,ConAbl,MAC,MA,horse,horse_paraphrase_3,paraphrase,3,202,/data/bijaypandey/cuig_pilot/seq_pilot/eval/MAC/images/horse_paraphrase_3_seed202.jpg,87f7b7766bedbe63,0.9910,1,1,1,3,horse,0.9910
17,ConAbl,MAC,MA,horse,horse_paraphrase_3,paraphrase,3,303,/data/bijaypandey/cuig_pilot/seq_pilot/eval/MAC/images/horse_paraphrase_3_seed303.jpg,d66159cf38c35fa5,0.9997,1,1,1,6,horse,0.9997
17,ConAbl,MAC,MA,horse,horse_paraphrase_3,paraphrase,3,404,/data/bijaypandey/cuig_pilot/seq_pilot/eval/MAC/images/horse_paraphrase_3_seed404.jpg,ef44faae55d4fe4b,0.9969,1,1,1,7,horse,0.9969
17,ConAbl,MAC,MA,horse,horse_paraphrase_4,paraphrase,4,101,/data/bijaypandey/cuig_pilot/seq_pilot/eval/MAC/images/horse_paraphrase_4_seed101.jpg,8980c45589709e51,0.9974,1,1,1,1,horse,0.9974
17,ConAbl,MAC,MA,horse,horse_paraphrase_4,paraphrase,4,202,/data/bijaypandey/cuig_pilot/seq_pilot/eval/MAC/images/horse_paraphrase_4_seed202.jpg,1248d4a3f0ec3932,0.9925,1,1,1,3,horse,0.9925
17,ConAbl,MAC,MA,horse,horse_paraphrase_4,paraphrase,4,303,/data/bijaypandey/cuig_pilot/seq_pilot/eval/MAC/images/horse_paraphrase_4_seed303.jpg,e58836d19aa14356,0.9977,1,1,1,3,horse,0.9977
17,ConAbl,MAC,MA,horse,horse_paraphrase_4,paraphrase,4,404,/data/bijaypandey/cuig_pilot/seq_pilot/eval/MAC/images/horse_paraphrase_4_seed404.jpg,c933768551127c85,0.9996,1,1,1,3,horse,0.9996
17,ConAbl,MAC,MA,bird,bird_literal_0,literal,0,101,/data/bijaypandey/cuig_pilot/seq_pilot/eval/MAC/images/bird_literal_0_seed101.jpg,549af8652fa307a8,0.9985,1,1,1,5,bird,0.9985
17,ConAbl,MAC,MA,bird,bird_literal_0,literal,0,202,/data/bijaypandey/cuig_pilot/seq_pilot/eval/MAC/images/bird_literal_0_seed202.jpg,050c2fc1f51d8c0b,0.9984,1,1,1,1,bird,0.9984
17,ConAbl,MAC,MA,bird,bird_literal_0,literal,0,303,/data/bijaypandey/cuig_pilot/seq_pilot/eval/MAC/images/bird_literal_0_seed303.jpg,05b9427c638fb752,0.9987,1,1,1,9,bird,0.9987
17,ConAbl,MAC,MA,bird,bird_literal_0,literal,0,404,/data/bijaypandey/cuig_pilot/seq_pilot/eval/MAC/images/bird_literal_0_seed404.jpg,4f847d5af9994db1,0.9993,1,1,1,5,bird,0.9993
17,ConAbl,MAC,MA,bird,bird_literal_1,literal,1,101,/data/bijaypandey/cuig_pilot/seq_pilot/eval/MAC/images/bird_literal_1_seed101.jpg,fd77bafb6575567c,0.9986,1,1,1,16,bird,0.9986
17,ConAbl,MAC,MA,bird,bird_literal_1,literal,1,202,/data/bijaypandey/cuig_pilot/seq_pilot/eval/MAC/images/bird_literal_1_seed202.jpg,bcf8c59d4304f7ae,0.9991,1,1,1,4,bird,0.9991
17,ConAbl,MAC,MA,bird,bird_literal_1,literal,1,303,/data/bijaypandey/cuig_pilot/seq_pilot/eval/MAC/images/bird_literal_1_seed303.jpg,0e290b692701dcd2,0.9979,1,1,1,6,bird,0.9979
17,ConAbl,MAC,MA,bird,bird_literal_1,literal,1,404,/data/bijaypandey/cuig_pilot/seq_pilot/eval/MAC/images/bird_literal_1_seed404.jpg,b76961ff0a98f072,0.9998,1,1,1,2,bird,0.9998
17,ConAbl,MAC,MA,bird,bird_literal_2,literal,2,101,/data/bijaypandey/cuig_pilot/seq_pilot/eval/MAC/images/bird_literal_2_seed101.jpg,615bef7c89a623d7,0.9990,1,1,1,2,bird,0.9990
17,ConAbl,MAC,MA,bird,bird_literal_2,literal,2,202,/data/bijaypandey/cuig_pilot/seq_pilot/eval/MAC/images/bird_literal_2_seed202.jpg,dfff74c50aa12f61,0.9996,1,1,1,1,bird,0.9996
17,ConAbl,MAC,MA,bird,bird_literal_2,literal,2,303,/data/bijaypandey/cuig_pilot/seq_pilot/eval/MAC/images/bird_literal_2_seed303.jpg,1aed34443d4188f2,0.9894,1,1,1,4,bird,0.9894
17,ConAbl,MAC,MA,bird,bird_literal_2,literal,2,404,/data/bijaypandey/cuig_pilot/seq_pilot/eval/MAC/images/bird_literal_2_seed404.jpg,ad70e94755d6185f,0.9988,1,1,1,1,bird,0.9988
17,ConAbl,MAC,MA,bird,bird_literal_3,literal,3,101,/data/bijaypandey/cuig_pilot/seq_pilot/eval/MAC/images/bird_literal_3_seed101.jpg,6cb5de44e1c3a016,0.9965,1,1,1,4,bird,0.9965
17,ConAbl,MAC,MA,bird,bird_literal_3,literal,3,202,/data/bijaypandey/cuig_pilot/seq_pilot/eval/MAC/images/bird_literal_3_seed202.jpg,03fc9d17419c82cb,0.9976,1,1,1,1,bird,0.9976
17,ConAbl,MAC,MA,bird,bird_literal_3,literal,3,303,/data/bijaypandey/cuig_pilot/seq_pilot/eval/MAC/images/bird_literal_3_seed303.jpg,86a2c8044b283de6,0.9865,1,1,1,4,bird,0.9865
17,ConAbl,MAC,MA,bird,bird_literal_3,literal,3,404,/data/bijaypandey/cuig_pilot/seq_pilot/eval/MAC/images/bird_literal_3_seed404.jpg,8b29ea5ca367854f,0.9980,1,1,1,5,bird,0.9980
17,ConAbl,MAC,MA,bird,bird_literal_4,literal,4,101,/data/bijaypandey/cuig_pilot/seq_pilot/eval/MAC/images/bird_literal_4_seed101.jpg,3f93156341e40562,0.9977,1,1,1,5,bird,0.9977
17,ConAbl,MAC,MA,bird,bird_literal_4,literal,4,202,/data/bijaypandey/cuig_pilot/seq_pilot/eval/MAC/images/bird_literal_4_seed202.jpg,a6434058865bca54,0.9986,1,1,1,6,bird,0.9986
17,ConAbl,MAC,MA,bird,bird_literal_4,literal,4,303,/data/bijaypandey/cuig_pilot/seq_pilot/eval/MAC/images/bird_literal_4_seed303.jpg,680c22cbaeedd087,0.9953,1,1,1,5,bird,0.9953
17,ConAbl,MAC,MA,bird,bird_literal_4,literal,4,404,/data/bijaypandey/cuig_pilot/seq_pilot/eval/MAC/images/bird_literal_4_seed404.jpg,76b8fa8303d82f2a,0.8037,1,1,1,5,umbrella,0.9187
17,ConAbl,MAC,MA,bird,bird_paraphrase_0,paraphrase,0,101,/data/bijaypandey/cuig_pilot/seq_pilot/eval/MAC/images/bird_paraphrase_0_seed101.jpg,bf2000d07ca4b0ec,0.9858,1,1,1,17,bird,0.9858
17,ConAbl,MAC,MA,bird,bird_paraphrase_0,paraphrase,0,202,/data/bijaypandey/cuig_pilot/seq_pilot/eval/MAC/images/bird_paraphrase_0_seed202.jpg,5fccfd1d161d2950,0.9987,1,1,1,1,bird,0.9987
17,ConAbl,MAC,MA,bird,bird_paraphrase_0,paraphrase,0,303,/data/bijaypandey/cuig_pilot/seq_pilot/eval/MAC/images/bird_paraphrase_0_seed303.jpg,f87069ea34cdef8a,0.9992,1,1,1,2,bird,0.9992
17,ConAbl,MAC,MA,bird,bird_paraphrase_0,paraphrase,0,404,/data/bijaypandey/cuig_pilot/seq_pilot/eval/MAC/images/bird_paraphrase_0_seed404.jpg,ff623e636af0b8fe,0.9999,1,1,1,2,bird,0.9999
17,ConAbl,MAC,MA,bird,bird_paraphrase_1,paraphrase,1,101,/data/bijaypandey/cuig_pilot/seq_pilot/eval/MAC/images/bird_paraphrase_1_seed101.jpg,f301c3ab03199674,0.9922,1,1,1,3,bird,0.9922
17,ConAbl,MAC,MA,bird,bird_paraphrase_1,paraphrase,1,202,/data/bijaypandey/cuig_pilot/seq_pilot/eval/MAC/images/bird_paraphrase_1_seed202.jpg,acfb7e6fee641ce7,0.9946,1,1,1,2,bird,0.9946
17,ConAbl,MAC,MA,bird,bird_paraphrase_1,paraphrase,1,303,/data/bijaypandey/cuig_pilot/seq_pilot/eval/MAC/images/bird_paraphrase_1_seed303.jpg,94d1c51dcb0026cc,0.9983,1,1,1,1,bird,0.9983
17,ConAbl,MAC,MA,bird,bird_paraphrase_1,paraphrase,1,404,/data/bijaypandey/cuig_pilot/seq_pilot/eval/MAC/images/bird_paraphrase_1_seed404.jpg,f26d90feca1aaacd,0.9972,1,1,1,2,bird,0.9972
17,ConAbl,MAC,MA,bird,bird_paraphrase_2,paraphrase,2,101,/data/bijaypandey/cuig_pilot/seq_pilot/eval/MAC/images/bird_paraphrase_2_seed101.jpg,dfec8ce3211c324c,0.9991,1,1,1,1,bird,0.9991
17,ConAbl,MAC,MA,bird,bird_paraphrase_2,paraphrase,2,202,/data/bijaypandey/cuig_pilot/seq_pilot/eval/MAC/images/bird_paraphrase_2_seed202.jpg,294baba42a3b4723,0.8763,1,1,1,13,bird,0.8763
17,ConAbl,MAC,MA,bird,bird_paraphrase_2,paraphrase,2,303,/data/bijaypandey/cuig_pilot/seq_pilot/eval/MAC/images/bird_paraphrase_2_seed303.jpg,b6967684812d7eb9,0.9984,1,1,1,3,bird,0.9984
17,ConAbl,MAC,MA,bird,bird_paraphrase_2,paraphrase,2,404,/data/bijaypandey/cuig_pilot/seq_pilot/eval/MAC/images/bird_paraphrase_2_seed404.jpg,060d23a92da85323,0.9133,1,1,1,9,bird,0.9133
17,ConAbl,MAC,MA,bird,bird_paraphrase_3,paraphrase,3,101,/data/bijaypandey/cuig_pilot/seq_pilot/eval/MAC/images/bird_paraphrase_3_seed101.jpg,832a715c8b948601,0.9897,1,1,1,9,bird,0.9897
17,ConAbl,MAC,MA,bird,bird_paraphrase_3,paraphrase,3,202,/data/bijaypandey/cuig_pilot/seq_pilot/eval/MAC/images/bird_paraphrase_3_seed202.jpg,e110eefbb6c1c86d,0.9965,1,1,1,12,bird,0.9965
17,ConAbl,MAC,MA,bird,bird_paraphrase_3,paraphrase,3,303,/data/bijaypandey/cuig_pilot/seq_pilot/eval/MAC/images/bird_paraphrase_3_seed303.jpg,12cee1600c6f257d,0.9879,1,1,1,3,bird,0.9879
17,ConAbl,MAC,MA,bird,bird_paraphrase_3,paraphrase,3,404,/data/bijaypandey/cuig_pilot/seq_pilot/eval/MAC/images/bird_paraphrase_3_seed404.jpg,baa7358499578722,0.9856,1,1,1,9,bird,0.9856
17,ConAbl,MAC,MA,bird,bird_paraphrase_4,paraphrase,4,101,/data/bijaypandey/cuig_pilot/seq_pilot/eval/MAC/images/bird_paraphrase_4_seed101.jpg,b71580b4c4357f26,0.2459,0,0,0,5,bird,0.2459
17,ConAbl,MAC,MA,bird,bird_paraphrase_4,paraphrase,4,202,/data/bijaypandey/cuig_pilot/seq_pilot/eval/MAC/images/bird_paraphrase_4_seed202.jpg,a24c6668d1bff2fc,0.9892,1,1,1,10,bird,0.9892
17,ConAbl,MAC,MA,bird,bird_paraphrase_4,paraphrase,4,303,/data/bijaypandey/cuig_pilot/seq_pilot/eval/MAC/images/bird_paraphrase_4_seed303.jpg,243b239ed300392f,0.9560,1,1,1,5,bird,0.9560
17,ConAbl,MAC,MA,bird,bird_paraphrase_4,paraphrase,4,404,/data/bijaypandey/cuig_pilot/seq_pilot/eval/MAC/images/bird_paraphrase_4_seed404.jpg,47f4184bc6415590,0.8683,1,1,1,7,bird,0.8683
17,ConAbl,MAC,MA,chair,chair_literal_0,literal,0,101,/data/bijaypandey/cuig_pilot/seq_pilot/eval/MAC/images/chair_literal_0_seed101.jpg,4ec51185eda26944,0.9904,1,1,1,3,chair,0.9904
17,ConAbl,MAC,MA,chair,chair_literal_0,literal,0,202,/data/bijaypandey/cuig_pilot/seq_pilot/eval/MAC/images/chair_literal_0_seed202.jpg,eb207ecc3176043c,0.9950,1,1,1,3,chair,0.9950
17,ConAbl,MAC,MA,chair,chair_literal_0,literal,0,303,/data/bijaypandey/cuig_pilot/seq_pilot/eval/MAC/images/chair_literal_0_seed303.jpg,d9ec91179b5ce592,0.0000,0,0,0,0,,0.0000
17,ConAbl,MAC,MA,chair,chair_literal_0,literal,0,404,/data/bijaypandey/cuig_pilot/seq_pilot/eval/MAC/images/chair_literal_0_seed404.jpg,5b705af0903730a5,0.9534,1,1,1,3,chair,0.9534
17,ConAbl,MAC,MA,chair,chair_literal_1,literal,1,101,/data/bijaypandey/cuig_pilot/seq_pilot/eval/MAC/images/chair_literal_1_seed101.jpg,263b74e37f90cb46,0.9791,1,1,1,9,chair,0.9791
17,ConAbl,MAC,MA,chair,chair_literal_1,literal,1,202,/data/bijaypandey/cuig_pilot/seq_pilot/eval/MAC/images/chair_literal_1_seed202.jpg,a61eb28f8260ee43,0.9926,1,1,1,8,chair,0.9926
17,ConAbl,MAC,MA,chair,chair_literal_1,literal,1,303,/data/bijaypandey/cuig_pilot/seq_pilot/eval/MAC/images/chair_literal_1_seed303.jpg,22f8c2f3f1ee9aec,0.4018,1,0,0,4,chair,0.4018
17,ConAbl,MAC,MA,chair,chair_literal_1,literal,1,404,/data/bijaypandey/cuig_pilot/seq_pilot/eval/MAC/images/chair_literal_1_seed404.jpg,ffe37420caf7108e,0.9758,1,1,1,19,chair,0.9758
17,ConAbl,MAC,MA,chair,chair_literal_2,literal,2,101,/data/bijaypandey/cuig_pilot/seq_pilot/eval/MAC/images/chair_literal_2_seed101.jpg,28dd068bb08cccdb,0.9057,1,1,1,31,chair,0.9057
17,ConAbl,MAC,MA,chair,chair_literal_2,literal,2,202,/data/bijaypandey/cuig_pilot/seq_pilot/eval/MAC/images/chair_literal_2_seed202.jpg,c18e053bcf213298,0.7114,1,1,1,8,bottle,0.9647
17,ConAbl,MAC,MA,chair,chair_literal_2,literal,2,303,/data/bijaypandey/cuig_pilot/seq_pilot/eval/MAC/images/chair_literal_2_seed303.jpg,f70dc6738c076421,0.9940,1,1,1,22,chair,0.9940
17,ConAbl,MAC,MA,chair,chair_literal_2,literal,2,404,/data/bijaypandey/cuig_pilot/seq_pilot/eval/MAC/images/chair_literal_2_seed404.jpg,407bfb1faa348b07,0.9960,1,1,1,10,chair,0.9960
17,ConAbl,MAC,MA,chair,chair_literal_3,literal,3,101,/data/bijaypandey/cuig_pilot/seq_pilot/eval/MAC/images/chair_literal_3_seed101.jpg,9bca7a7d85edad17,0.9768,1,1,1,10,chair,0.9768
17,ConAbl,MAC,MA,chair,chair_literal_3,literal,3,202,/data/bijaypandey/cuig_pilot/seq_pilot/eval/MAC/images/chair_literal_3_seed202.jpg,3c13b923b9931321,0.9984,1,1,1,21,chair,0.9984
17,ConAbl,MAC,MA,chair,chair_literal_3,literal,3,303,/data/bijaypandey/cuig_pilot/seq_pilot/eval/MAC/images/chair_literal_3_seed303.jpg,575f2624c4afbc89,0.9469,1,1,1,5,chair,0.9469
17,ConAbl,MAC,MA,chair,chair_literal_3,literal,3,404,/data/bijaypandey/cuig_pilot/seq_pilot/eval/MAC/images/chair_literal_3_seed404.jpg,7822273a94998d58,0.2193,0,0,0,6,couch,0.9061
17,ConAbl,MAC,MA,chair,chair_literal_4,literal,4,101,/data/bijaypandey/cuig_pilot/seq_pilot/eval/MAC/images/chair_literal_4_seed101.jpg,9b15732754b36c66,0.9850,1,1,1,6,chair,0.9850
17,ConAbl,MAC,MA,chair,chair_literal_4,literal,4,202,/data/bijaypandey/cuig_pilot/seq_pilot/eval/MAC/images/chair_literal_4_seed202.jpg,84f457ed24f67a1c,0.9919,1,1,1,10,chair,0.9919
17,ConAbl,MAC,MA,chair,chair_literal_4,literal,4,303,/data/bijaypandey/cuig_pilot/seq_pilot/eval/MAC/images/chair_literal_4_seed303.jpg,8ed5e08f38a5e2a7,0.9951,1,1,1,1,chair,0.9951
17,ConAbl,MAC,MA,chair,chair_literal_4,literal,4,404,/data/bijaypandey/cuig_pilot/seq_pilot/eval/MAC/images/chair_literal_4_seed404.jpg,54336910696d9bef,0.9962,1,1,1,1,chair,0.9962
17,ConAbl,MAC,MA,chair,chair_paraphrase_0,paraphrase,0,101,/data/bijaypandey/cuig_pilot/seq_pilot/eval/MAC/images/chair_paraphrase_0_seed101.jpg,41777a12064161eb,0.8560,1,1,1,15,chair,0.8560
17,ConAbl,MAC,MA,chair,chair_paraphrase_0,paraphrase,0,202,/data/bijaypandey/cuig_pilot/seq_pilot/eval/MAC/images/chair_paraphrase_0_seed202.jpg,3af844fb10a1aea7,0.9899,1,1,1,5,chair,0.9899
17,ConAbl,MAC,MA,chair,chair_paraphrase_0,paraphrase,0,303,/data/bijaypandey/cuig_pilot/seq_pilot/eval/MAC/images/chair_paraphrase_0_seed303.jpg,3778e387e2007ece,0.5361,1,1,0,6,bed,0.5802
17,ConAbl,MAC,MA,chair,chair_paraphrase_0,paraphrase,0,404,/data/bijaypandey/cuig_pilot/seq_pilot/eval/MAC/images/chair_paraphrase_0_seed404.jpg,90fd3ca292a65a26,0.9968,1,1,1,5,chair,0.9968
17,ConAbl,MAC,MA,chair,chair_paraphrase_1,paraphrase,1,101,/data/bijaypandey/cuig_pilot/seq_pilot/eval/MAC/images/chair_paraphrase_1_seed101.jpg,240f9681a9d2907b,0.9989,1,1,1,6,chair,0.9989
17,ConAbl,MAC,MA,chair,chair_paraphrase_1,paraphrase,1,202,/data/bijaypandey/cuig_pilot/seq_pilot/eval/MAC/images/chair_paraphrase_1_seed202.jpg,a2c2e20c2c5cc0dd,0.9964,1,1,1,7,chair,0.9964
17,ConAbl,MAC,MA,chair,chair_paraphrase_1,paraphrase,1,303,/data/bijaypandey/cuig_pilot/seq_pilot/eval/MAC/images/chair_paraphrase_1_seed303.jpg,b78988aa05f7b3eb,0.7991,1,1,1,10,chair,0.7991
17,ConAbl,MAC,MA,chair,chair_paraphrase_1,paraphrase,1,404,/data/bijaypandey/cuig_pilot/seq_pilot/eval/MAC/images/chair_paraphrase_1_seed404.jpg,40380da0c3ca74e8,0.9453,1,1,1,6,chair,0.9453
17,ConAbl,MAC,MA,chair,chair_paraphrase_2,paraphrase,2,101,/data/bijaypandey/cuig_pilot/seq_pilot/eval/MAC/images/chair_paraphrase_2_seed101.jpg,59ef17257e7e3862,0.9705,1,1,1,14,chair,0.9705
17,ConAbl,MAC,MA,chair,chair_paraphrase_2,paraphrase,2,202,/data/bijaypandey/cuig_pilot/seq_pilot/eval/MAC/images/chair_paraphrase_2_seed202.jpg,daf8d3256cadb33d,0.9866,1,1,1,14,chair,0.9866
17,ConAbl,MAC,MA,chair,chair_paraphrase_2,paraphrase,2,303,/data/bijaypandey/cuig_pilot/seq_pilot/eval/MAC/images/chair_paraphrase_2_seed303.jpg,dbfda6e438214b49,0.9820,1,1,1,11,potted plant,0.9966
17,ConAbl,MAC,MA,chair,chair_paraphrase_2,paraphrase,2,404,/data/bijaypandey/cuig_pilot/seq_pilot/eval/MAC/images/chair_paraphrase_2_seed404.jpg,c9902a814ba77426,0.9904,1,1,1,8,chair,0.9904
17,ConAbl,MAC,MA,chair,chair_paraphrase_3,paraphrase,3,101,/data/bijaypandey/cuig_pilot/seq_pilot/eval/MAC/images/chair_paraphrase_3_seed101.jpg,ef774117ff8f1ecd,0.1329,0,0,0,10,dining table,0.6818
17,ConAbl,MAC,MA,chair,chair_paraphrase_3,paraphrase,3,202,/data/bijaypandey/cuig_pilot/seq_pilot/eval/MAC/images/chair_paraphrase_3_seed202.jpg,9557570f3d80913a,0.4110,1,0,0,4,bench,0.7572
17,ConAbl,MAC,MA,chair,chair_paraphrase_3,paraphrase,3,303,/data/bijaypandey/cuig_pilot/seq_pilot/eval/MAC/images/chair_paraphrase_3_seed303.jpg,1032c59c0a130a52,0.1041,0,0,0,40,person,0.9988
17,ConAbl,MAC,MA,chair,chair_paraphrase_3,paraphrase,3,404,/data/bijaypandey/cuig_pilot/seq_pilot/eval/MAC/images/chair_paraphrase_3_seed404.jpg,2a01e595041850d5,0.0982,0,0,0,8,bench,0.6132
17,ConAbl,MAC,MA,chair,chair_paraphrase_4,paraphrase,4,101,/data/bijaypandey/cuig_pilot/seq_pilot/eval/MAC/images/chair_paraphrase_4_seed101.jpg,57792a5243813322,0.9968,1,1,1,4,chair,0.9968
17,ConAbl,MAC,MA,chair,chair_paraphrase_4,paraphrase,4,202,/data/bijaypandey/cuig_pilot/seq_pilot/eval/MAC/images/chair_paraphrase_4_seed202.jpg,4e9f970a4b86b443,0.0000,0,0,0,5,bench,0.4464
17,ConAbl,MAC,MA,chair,chair_paraphrase_4,paraphrase,4,303,/data/bijaypandey/cuig_pilot/seq_pilot/eval/MAC/images/chair_paraphrase_4_seed303.jpg,5f40fe6c828bc3f6,0.9985,1,1,1,3,chair,0.9985
17,ConAbl,MAC,MA,chair,chair_paraphrase_4,paraphrase,4,404,/data/bijaypandey/cuig_pilot/seq_pilot/eval/MAC/images/chair_paraphrase_4_seed404.jpg,5122f8970cae2cd1,0.9945,1,1,1,8,chair,0.9945
17,ConAbl,MAC,MA,bicycle,bicycle_literal_0,literal,0,101,/data/bijaypandey/cuig_pilot/seq_pilot/eval/MAC/images/bicycle_literal_0_seed101.jpg,3c76284b1072a56a,0.9657,1,1,1,2,bicycle,0.9657
17,ConAbl,MAC,MA,bicycle,bicycle_literal_0,literal,0,202,/data/bijaypandey/cuig_pilot/seq_pilot/eval/MAC/images/bicycle_literal_0_seed202.jpg,2d4f4ae096b24ff8,0.9977,1,1,1,5,bicycle,0.9977
17,ConAbl,MAC,MA,bicycle,bicycle_literal_0,literal,0,303,/data/bijaypandey/cuig_pilot/seq_pilot/eval/MAC/images/bicycle_literal_0_seed303.jpg,d450f26e48caf3ca,0.9951,1,1,1,2,bicycle,0.9951
17,ConAbl,MAC,MA,bicycle,bicycle_literal_0,literal,0,404,/data/bijaypandey/cuig_pilot/seq_pilot/eval/MAC/images/bicycle_literal_0_seed404.jpg,b89bdddeb04c6c32,0.9972,1,1,1,5,bicycle,0.9972
17,ConAbl,MAC,MA,bicycle,bicycle_literal_1,literal,1,101,/data/bijaypandey/cuig_pilot/seq_pilot/eval/MAC/images/bicycle_literal_1_seed101.jpg,cbf9cef5e34d1d42,0.9908,1,1,1,15,bicycle,0.9908
17,ConAbl,MAC,MA,bicycle,bicycle_literal_1,literal,1,202,/data/bijaypandey/cuig_pilot/seq_pilot/eval/MAC/images/bicycle_literal_1_seed202.jpg,97b9495847095e2a,0.9987,1,1,1,5,bicycle,0.9987
17,ConAbl,MAC,MA,bicycle,bicycle_literal_1,literal,1,303,/data/bijaypandey/cuig_pilot/seq_pilot/eval/MAC/images/bicycle_literal_1_seed303.jpg,16c916ae80094704,0.9960,1,1,1,30,bicycle,0.9960
17,ConAbl,MAC,MA,bicycle,bicycle_literal_1,literal,1,404,/data/bijaypandey/cuig_pilot/seq_pilot/eval/MAC/images/bicycle_literal_1_seed404.jpg,bd83872244e95ced,0.9996,1,1,1,1,bicycle,0.9996
17,ConAbl,MAC,MA,bicycle,bicycle_literal_2,literal,2,101,/data/bijaypandey/cuig_pilot/seq_pilot/eval/MAC/images/bicycle_literal_2_seed101.jpg,940eac11c501cf92,0.9972,1,1,1,2,bicycle,0.9972
17,ConAbl,MAC,MA,bicycle,bicycle_literal_2,literal,2,202,/data/bijaypandey/cuig_pilot/seq_pilot/eval/MAC/images/bicycle_literal_2_seed202.jpg,eabbdd9e545f3f95,0.9961,1,1,1,4,bicycle,0.9961
17,ConAbl,MAC,MA,bicycle,bicycle_literal_2,literal,2,303,/data/bijaypandey/cuig_pilot/seq_pilot/eval/MAC/images/bicycle_literal_2_seed303.jpg,1fa8c0f07ebb15d1,0.9995,1,1,1,1,bicycle,0.9995
17,ConAbl,MAC,MA,bicycle,bicycle_literal_2,literal,2,404,/data/bijaypandey/cuig_pilot/seq_pilot/eval/MAC/images/bicycle_literal_2_seed404.jpg,ef7d223920872683,0.9987,1,1,1,3,bicycle,0.9987
17,ConAbl,MAC,MA,bicycle,bicycle_literal_3,literal,3,101,/data/bijaypandey/cuig_pilot/seq_pilot/eval/MAC/images/bicycle_literal_3_seed101.jpg,ec7f2d1ad343fd46,0.9009,1,1,1,15,bicycle,0.9009
17,ConAbl,MAC,MA,bicycle,bicycle_literal_3,literal,3,202,/data/bijaypandey/cuig_pilot/seq_pilot/eval/MAC/images/bicycle_literal_3_seed202.jpg,61fa6ab1ea5233f7,0.9766,1,1,1,7,bicycle,0.9766
17,ConAbl,MAC,MA,bicycle,bicycle_literal_3,literal,3,303,/data/bijaypandey/cuig_pilot/seq_pilot/eval/MAC/images/bicycle_literal_3_seed303.jpg,d034ad0b5d443448,0.9782,1,1,1,17,bicycle,0.9782
17,ConAbl,MAC,MA,bicycle,bicycle_literal_3,literal,3,404,/data/bijaypandey/cuig_pilot/seq_pilot/eval/MAC/images/bicycle_literal_3_seed404.jpg,1222a47c65a9342c,0.5581,1,1,0,5,bicycle,0.5581
17,ConAbl,MAC,MA,bicycle,bicycle_literal_4,literal,4,101,/data/bijaypandey/cuig_pilot/seq_pilot/eval/MAC/images/bicycle_literal_4_seed101.jpg,bf521e94fae992bd,0.9951,1,1,1,2,bicycle,0.9951
17,ConAbl,MAC,MA,bicycle,bicycle_literal_4,literal,4,202,/data/bijaypandey/cuig_pilot/seq_pilot/eval/MAC/images/bicycle_literal_4_seed202.jpg,4ed9e0cc04c99b05,0.9992,1,1,1,1,bicycle,0.9992
17,ConAbl,MAC,MA,bicycle,bicycle_literal_4,literal,4,303,/data/bijaypandey/cuig_pilot/seq_pilot/eval/MAC/images/bicycle_literal_4_seed303.jpg,9520f9e32df7c9e7,0.9993,1,1,1,4,bicycle,0.9993
17,ConAbl,MAC,MA,bicycle,bicycle_literal_4,literal,4,404,/data/bijaypandey/cuig_pilot/seq_pilot/eval/MAC/images/bicycle_literal_4_seed404.jpg,2112a3b804c38932,0.9919,1,1,1,21,bicycle,0.9919
17,ConAbl,MAC,MA,bicycle,bicycle_paraphrase_0,paraphrase,0,101,/data/bijaypandey/cuig_pilot/seq_pilot/eval/MAC/images/bicycle_paraphrase_0_seed101.jpg,e36c0cf68ea50e95,0.9974,1,1,1,9,bicycle,0.9974
17,ConAbl,MAC,MA,bicycle,bicycle_paraphrase_0,paraphrase,0,202,/data/bijaypandey/cuig_pilot/seq_pilot/eval/MAC/images/bicycle_paraphrase_0_seed202.jpg,b4166f9967beb714,0.9956,1,1,1,7,bicycle,0.9956
17,ConAbl,MAC,MA,bicycle,bicycle_paraphrase_0,paraphrase,0,303,/data/bijaypandey/cuig_pilot/seq_pilot/eval/MAC/images/bicycle_paraphrase_0_seed303.jpg,b92a5f042ecd688d,0.9927,1,1,1,16,person,0.9970
17,ConAbl,MAC,MA,bicycle,bicycle_paraphrase_0,paraphrase,0,404,/data/bijaypandey/cuig_pilot/seq_pilot/eval/MAC/images/bicycle_paraphrase_0_seed404.jpg,561c981136a4b6db,0.9968,1,1,1,4,person,0.9988
17,ConAbl,MAC,MA,bicycle,bicycle_paraphrase_1,paraphrase,1,101,/data/bijaypandey/cuig_pilot/seq_pilot/eval/MAC/images/bicycle_paraphrase_1_seed101.jpg,d79d59d06d92e9d3,0.9967,1,1,1,16,bicycle,0.9967
17,ConAbl,MAC,MA,bicycle,bicycle_paraphrase_1,paraphrase,1,202,/data/bijaypandey/cuig_pilot/seq_pilot/eval/MAC/images/bicycle_paraphrase_1_seed202.jpg,d19d8de33b991840,0.9953,1,1,1,3,bicycle,0.9953
17,ConAbl,MAC,MA,bicycle,bicycle_paraphrase_1,paraphrase,1,303,/data/bijaypandey/cuig_pilot/seq_pilot/eval/MAC/images/bicycle_paraphrase_1_seed303.jpg,bd1cb4738c7a9816,0.9970,1,1,1,4,bicycle,0.9970
17,ConAbl,MAC,MA,bicycle,bicycle_paraphrase_1,paraphrase,1,404,/data/bijaypandey/cuig_pilot/seq_pilot/eval/MAC/images/bicycle_paraphrase_1_seed404.jpg,7f881f6cf3f7dc35,0.9963,1,1,1,17,bicycle,0.9963
17,ConAbl,MAC,MA,bicycle,bicycle_paraphrase_2,paraphrase,2,101,/data/bijaypandey/cuig_pilot/seq_pilot/eval/MAC/images/bicycle_paraphrase_2_seed101.jpg,623e89e8216801d6,0.9884,1,1,1,8,bicycle,0.9884
17,ConAbl,MAC,MA,bicycle,bicycle_paraphrase_2,paraphrase,2,202,/data/bijaypandey/cuig_pilot/seq_pilot/eval/MAC/images/bicycle_paraphrase_2_seed202.jpg,ca4222f3a47c2d18,0.9497,1,1,1,20,bicycle,0.9497
17,ConAbl,MAC,MA,bicycle,bicycle_paraphrase_2,paraphrase,2,303,/data/bijaypandey/cuig_pilot/seq_pilot/eval/MAC/images/bicycle_paraphrase_2_seed303.jpg,a6c55caa0a7a35ec,0.9476,1,1,1,3,bicycle,0.9476
17,ConAbl,MAC,MA,bicycle,bicycle_paraphrase_2,paraphrase,2,404,/data/bijaypandey/cuig_pilot/seq_pilot/eval/MAC/images/bicycle_paraphrase_2_seed404.jpg,eed998df6a98e881,0.9979,1,1,1,8,bicycle,0.9979
17,ConAbl,MAC,MA,bicycle,bicycle_paraphrase_3,paraphrase,3,101,/data/bijaypandey/cuig_pilot/seq_pilot/eval/MAC/images/bicycle_paraphrase_3_seed101.jpg,edd60271ae0744da,0.9959,1,1,1,4,bicycle,0.9959
17,ConAbl,MAC,MA,bicycle,bicycle_paraphrase_3,paraphrase,3,202,/data/bijaypandey/cuig_pilot/seq_pilot/eval/MAC/images/bicycle_paraphrase_3_seed202.jpg,ea246b7ef0b5693a,0.9939,1,1,1,9,bicycle,0.9939
17,ConAbl,MAC,MA,bicycle,bicycle_paraphrase_3,paraphrase,3,303,/data/bijaypandey/cuig_pilot/seq_pilot/eval/MAC/images/bicycle_paraphrase_3_seed303.jpg,b63eb4ef785f0bca,0.9984,1,1,1,6,bicycle,0.9984
17,ConAbl,MAC,MA,bicycle,bicycle_paraphrase_3,paraphrase,3,404,/data/bijaypandey/cuig_pilot/seq_pilot/eval/MAC/images/bicycle_paraphrase_3_seed404.jpg,c14fe76eb50d6870,0.9982,1,1,1,7,bicycle,0.9982
17,ConAbl,MAC,MA,bicycle,bicycle_paraphrase_4,paraphrase,4,101,/data/bijaypandey/cuig_pilot/seq_pilot/eval/MAC/images/bicycle_paraphrase_4_seed101.jpg,15147ee2c54cf81a,0.9897,1,1,1,4,bicycle,0.9897
17,ConAbl,MAC,MA,bicycle,bicycle_paraphrase_4,paraphrase,4,202,/data/bijaypandey/cuig_pilot/seq_pilot/eval/MAC/images/bicycle_paraphrase_4_seed202.jpg,b3d0bf7ef480b1b3,0.0000,0,0,0,14,chair,0.2037
17,ConAbl,MAC,MA,bicycle,bicycle_paraphrase_4,paraphrase,4,303,/data/bijaypandey/cuig_pilot/seq_pilot/eval/MAC/images/bicycle_paraphrase_4_seed303.jpg,18c267ae27800795,0.0510,0,0,0,2,airplane,0.2124
17,ConAbl,MAC,MA,bicycle,bicycle_paraphrase_4,paraphrase,4,404,/data/bijaypandey/cuig_pilot/seq_pilot/eval/MAC/images/bicycle_paraphrase_4_seed404.jpg,7411dcd6dabb3e0e,0.9937,1,1,1,7,bicycle,0.9937
17,ConAbl+L2SP(25000),MAB_L2,MA,cat,cat_literal_0,literal,0,101,/data/bijaypandey/cuig_pilot/seq_pilot/eval/MAB_L2/images/cat_literal_0_seed101.jpg,8985414789bfebad,0.0000,0,0,0,3,horse,0.9809
17,ConAbl+L2SP(25000),MAB_L2,MA,cat,cat_literal_0,literal,0,202,/data/bijaypandey/cuig_pilot/seq_pilot/eval/MAB_L2/images/cat_literal_0_seed202.jpg,58de942f78818f2c,0.0000,0,0,0,9,dog,0.9160
17,ConAbl+L2SP(25000),MAB_L2,MA,cat,cat_literal_0,literal,0,303,/data/bijaypandey/cuig_pilot/seq_pilot/eval/MAB_L2/images/cat_literal_0_seed303.jpg,29263296e47e042a,0.0000,0,0,0,3,horse,0.9996
17,ConAbl+L2SP(25000),MAB_L2,MA,cat,cat_literal_0,literal,0,404,/data/bijaypandey/cuig_pilot/seq_pilot/eval/MAB_L2/images/cat_literal_0_seed404.jpg,4bf2e16e46dace21,0.0000,0,0,0,4,bench,0.8542
17,ConAbl+L2SP(25000),MAB_L2,MA,cat,cat_literal_1,literal,1,101,/data/bijaypandey/cuig_pilot/seq_pilot/eval/MAB_L2/images/cat_literal_1_seed101.jpg,4f1a27b91d41b9a2,0.0000,0,0,0,4,horse,0.9979
17,ConAbl+L2SP(25000),MAB_L2,MA,cat,cat_literal_1,literal,1,202,/data/bijaypandey/cuig_pilot/seq_pilot/eval/MAB_L2/images/cat_literal_1_seed202.jpg,9ce56638e5324000,0.0000,0,0,0,8,horse,0.9871
17,ConAbl+L2SP(25000),MAB_L2,MA,cat,cat_literal_1,literal,1,303,/data/bijaypandey/cuig_pilot/seq_pilot/eval/MAB_L2/images/cat_literal_1_seed303.jpg,ed8f393f9434f294,0.0000,0,0,0,9,horse,0.9599
17,ConAbl+L2SP(25000),MAB_L2,MA,cat,cat_literal_1,literal,1,404,/data/bijaypandey/cuig_pilot/seq_pilot/eval/MAB_L2/images/cat_literal_1_seed404.jpg,57382a6b462098f7,0.0000,0,0,0,4,horse,0.9422
17,ConAbl+L2SP(25000),MAB_L2,MA,cat,cat_literal_2,literal,2,101,/data/bijaypandey/cuig_pilot/seq_pilot/eval/MAB_L2/images/cat_literal_2_seed101.jpg,be0012ca765c6077,0.0000,0,0,0,2,horse,0.8890
17,ConAbl+L2SP(25000),MAB_L2,MA,cat,cat_literal_2,literal,2,202,/data/bijaypandey/cuig_pilot/seq_pilot/eval/MAB_L2/images/cat_literal_2_seed202.jpg,c9e1c8f8919bddee,0.0000,0,0,0,5,horse,0.9035
17,ConAbl+L2SP(25000),MAB_L2,MA,cat,cat_literal_2,literal,2,303,/data/bijaypandey/cuig_pilot/seq_pilot/eval/MAB_L2/images/cat_literal_2_seed303.jpg,527f6b6eca70d2db,0.0000,0,0,0,2,horse,0.9908
17,ConAbl+L2SP(25000),MAB_L2,MA,cat,cat_literal_2,literal,2,404,/data/bijaypandey/cuig_pilot/seq_pilot/eval/MAB_L2/images/cat_literal_2_seed404.jpg,c591a8a6ffc7dfc6,0.0000,0,0,0,4,horse,0.9956
17,ConAbl+L2SP(25000),MAB_L2,MA,cat,cat_literal_3,literal,3,101,/data/bijaypandey/cuig_pilot/seq_pilot/eval/MAB_L2/images/cat_literal_3_seed101.jpg,6a077d7d0d7da433,0.0973,0,0,0,24,dining table,0.8703
17,ConAbl+L2SP(25000),MAB_L2,MA,cat,cat_literal_3,literal,3,202,/data/bijaypandey/cuig_pilot/seq_pilot/eval/MAB_L2/images/cat_literal_3_seed202.jpg,9e141621d85f2e98,0.0000,0,0,0,12,horse,0.9928
17,ConAbl+L2SP(25000),MAB_L2,MA,cat,cat_literal_3,literal,3,303,/data/bijaypandey/cuig_pilot/seq_pilot/eval/MAB_L2/images/cat_literal_3_seed303.jpg,54b3586b84a1e0f5,0.6824,1,1,0,19,chair,0.7489
17,ConAbl+L2SP(25000),MAB_L2,MA,cat,cat_literal_3,literal,3,404,/data/bijaypandey/cuig_pilot/seq_pilot/eval/MAB_L2/images/cat_literal_3_seed404.jpg,4c6a470d3cb5ca0c,0.0000,0,0,0,11,horse,0.9500
17,ConAbl+L2SP(25000),MAB_L2,MA,cat,cat_literal_4,literal,4,101,/data/bijaypandey/cuig_pilot/seq_pilot/eval/MAB_L2/images/cat_literal_4_seed101.jpg,5be772e79eff6952,0.0000,0,0,0,2,horse,0.9996
17,ConAbl+L2SP(25000),MAB_L2,MA,cat,cat_literal_4,literal,4,202,/data/bijaypandey/cuig_pilot/seq_pilot/eval/MAB_L2/images/cat_literal_4_seed202.jpg,7530905cea3803fd,0.0000,0,0,0,2,horse,0.9986
17,ConAbl+L2SP(25000),MAB_L2,MA,cat,cat_literal_4,literal,4,303,/data/bijaypandey/cuig_pilot/seq_pilot/eval/MAB_L2/images/cat_literal_4_seed303.jpg,a5a01be49ae87426,0.0000,0,0,0,2,horse,0.9968
17,ConAbl+L2SP(25000),MAB_L2,MA,cat,cat_literal_4,literal,4,404,/data/bijaypandey/cuig_pilot/seq_pilot/eval/MAB_L2/images/cat_literal_4_seed404.jpg,d46f12faf9f6a53e,0.0000,0,0,0,3,horse,0.9994
17,ConAbl+L2SP(25000),MAB_L2,MA,cat,cat_paraphrase_0,paraphrase,0,101,/data/bijaypandey/cuig_pilot/seq_pilot/eval/MAB_L2/images/cat_paraphrase_0_seed101.jpg,6ac18bdb0d7c9a73,0.0000,0,0,0,2,horse,0.9981
17,ConAbl+L2SP(25000),MAB_L2,MA,cat,cat_paraphrase_0,paraphrase,0,202,/data/bijaypandey/cuig_pilot/seq_pilot/eval/MAB_L2/images/cat_paraphrase_0_seed202.jpg,0410a7342f914bb1,0.0000,0,0,0,1,horse,0.9890
17,ConAbl+L2SP(25000),MAB_L2,MA,cat,cat_paraphrase_0,paraphrase,0,303,/data/bijaypandey/cuig_pilot/seq_pilot/eval/MAB_L2/images/cat_paraphrase_0_seed303.jpg,37be935bc0d5a2f9,0.0000,0,0,0,10,horse,0.9955
17,ConAbl+L2SP(25000),MAB_L2,MA,cat,cat_paraphrase_0,paraphrase,0,404,/data/bijaypandey/cuig_pilot/seq_pilot/eval/MAB_L2/images/cat_paraphrase_0_seed404.jpg,0691f7cd383eb805,0.0000,0,0,0,2,horse,0.9976
17,ConAbl+L2SP(25000),MAB_L2,MA,cat,cat_paraphrase_1,paraphrase,1,101,/data/bijaypandey/cuig_pilot/seq_pilot/eval/MAB_L2/images/cat_paraphrase_1_seed101.jpg,a7e5649f4aed9cfa,0.0000,0,0,0,5,horse,0.8677
17,ConAbl+L2SP(25000),MAB_L2,MA,cat,cat_paraphrase_1,paraphrase,1,202,/data/bijaypandey/cuig_pilot/seq_pilot/eval/MAB_L2/images/cat_paraphrase_1_seed202.jpg,6a2a37f6c54efb80,0.4021,1,0,0,8,horse,0.9870
17,ConAbl+L2SP(25000),MAB_L2,MA,cat,cat_paraphrase_1,paraphrase,1,303,/data/bijaypandey/cuig_pilot/seq_pilot/eval/MAB_L2/images/cat_paraphrase_1_seed303.jpg,7bf15f9559c1b49e,0.0000,0,0,0,4,horse,0.9983
17,ConAbl+L2SP(25000),MAB_L2,MA,cat,cat_paraphrase_1,paraphrase,1,404,/data/bijaypandey/cuig_pilot/seq_pilot/eval/MAB_L2/images/cat_paraphrase_1_seed404.jpg,ed107d31a319f90c,0.2627,0,0,0,4,dog,0.9887
17,ConAbl+L2SP(25000),MAB_L2,MA,cat,cat_paraphrase_2,paraphrase,2,101,/data/bijaypandey/cuig_pilot/seq_pilot/eval/MAB_L2/images/cat_paraphrase_2_seed101.jpg,e3c3f08b3aa5e035,0.9961,1,1,1,7,cat,0.9961
17,ConAbl+L2SP(25000),MAB_L2,MA,cat,cat_paraphrase_2,paraphrase,2,202,/data/bijaypandey/cuig_pilot/seq_pilot/eval/MAB_L2/images/cat_paraphrase_2_seed202.jpg,6a4db69900b42341,0.0000,0,0,0,13,horse,0.8937
17,ConAbl+L2SP(25000),MAB_L2,MA,cat,cat_paraphrase_2,paraphrase,2,303,/data/bijaypandey/cuig_pilot/seq_pilot/eval/MAB_L2/images/cat_paraphrase_2_seed303.jpg,7059d8d97771d470,0.0000,0,0,0,10,cup,0.9931
17,ConAbl+L2SP(25000),MAB_L2,MA,cat,cat_paraphrase_2,paraphrase,2,404,/data/bijaypandey/cuig_pilot/seq_pilot/eval/MAB_L2/images/cat_paraphrase_2_seed404.jpg,19ddecc3b5fb38dd,0.0000,0,0,0,8,horse,0.8817
17,ConAbl+L2SP(25000),MAB_L2,MA,cat,cat_paraphrase_3,paraphrase,3,101,/data/bijaypandey/cuig_pilot/seq_pilot/eval/MAB_L2/images/cat_paraphrase_3_seed101.jpg,119ec28f111aba23,0.0000,0,0,0,5,horse,0.9989
17,ConAbl+L2SP(25000),MAB_L2,MA,cat,cat_paraphrase_3,paraphrase,3,202,/data/bijaypandey/cuig_pilot/seq_pilot/eval/MAB_L2/images/cat_paraphrase_3_seed202.jpg,ce4011f7f4e7364e,0.0000,0,0,0,3,horse,0.9987
17,ConAbl+L2SP(25000),MAB_L2,MA,cat,cat_paraphrase_3,paraphrase,3,303,/data/bijaypandey/cuig_pilot/seq_pilot/eval/MAB_L2/images/cat_paraphrase_3_seed303.jpg,e01a6090e302de81,0.0000,0,0,0,3,horse,0.9977
17,ConAbl+L2SP(25000),MAB_L2,MA,cat,cat_paraphrase_3,paraphrase,3,404,/data/bijaypandey/cuig_pilot/seq_pilot/eval/MAB_L2/images/cat_paraphrase_3_seed404.jpg,ac13258be006b744,0.0000,0,0,0,1,horse,0.9993
17,ConAbl+L2SP(25000),MAB_L2,MA,cat,cat_paraphrase_4,paraphrase,4,101,/data/bijaypandey/cuig_pilot/seq_pilot/eval/MAB_L2/images/cat_paraphrase_4_seed101.jpg,aaccb40c671616d7,0.0000,0,0,0,7,dog,0.7343
17,ConAbl+L2SP(25000),MAB_L2,MA,cat,cat_paraphrase_4,paraphrase,4,202,/data/bijaypandey/cuig_pilot/seq_pilot/eval/MAB_L2/images/cat_paraphrase_4_seed202.jpg,cc3c86ba50668e50,0.0000,0,0,0,5,horse,0.9972
17,ConAbl+L2SP(25000),MAB_L2,MA,cat,cat_paraphrase_4,paraphrase,4,303,/data/bijaypandey/cuig_pilot/seq_pilot/eval/MAB_L2/images/cat_paraphrase_4_seed303.jpg,413219bd21925f17,0.0000,0,0,0,5,horse,0.9904
17,ConAbl+L2SP(25000),MAB_L2,MA,cat,cat_paraphrase_4,paraphrase,4,404,/data/bijaypandey/cuig_pilot/seq_pilot/eval/MAB_L2/images/cat_paraphrase_4_seed404.jpg,bf2595ac0016d396,0.0000,0,0,0,6,horse,0.9842
17,ConAbl+L2SP(25000),MAB_L2,MA,dog,dog_literal_0,literal,0,101,/data/bijaypandey/cuig_pilot/seq_pilot/eval/MAB_L2/images/dog_literal_0_seed101.jpg,5e0d4f9a33fe4043,0.1500,0,0,0,2,horse,0.9958
17,ConAbl+L2SP(25000),MAB_L2,MA,dog,dog_literal_0,literal,0,202,/data/bijaypandey/cuig_pilot/seq_pilot/eval/MAB_L2/images/dog_literal_0_seed202.jpg,362eeee20e9b05ad,0.9987,1,1,1,1,dog,0.9987
17,ConAbl+L2SP(25000),MAB_L2,MA,dog,dog_literal_0,literal,0,303,/data/bijaypandey/cuig_pilot/seq_pilot/eval/MAB_L2/images/dog_literal_0_seed303.jpg,d29b41b4262a3cb2,0.4725,1,0,0,7,person,0.9997
17,ConAbl+L2SP(25000),MAB_L2,MA,dog,dog_literal_0,literal,0,404,/data/bijaypandey/cuig_pilot/seq_pilot/eval/MAB_L2/images/dog_literal_0_seed404.jpg,10d6abaadd8b3cde,0.0000,0,0,0,2,bench,0.2780
17,ConAbl+L2SP(25000),MAB_L2,MA,dog,dog_literal_1,literal,1,101,/data/bijaypandey/cuig_pilot/seq_pilot/eval/MAB_L2/images/dog_literal_1_seed101.jpg,0609de50d542f02b,0.9955,1,1,1,3,dog,0.9955
17,ConAbl+L2SP(25000),MAB_L2,MA,dog,dog_literal_1,literal,1,202,/data/bijaypandey/cuig_pilot/seq_pilot/eval/MAB_L2/images/dog_literal_1_seed202.jpg,ee8a287b4213afb3,0.9992,1,1,1,1,dog,0.9992
17,ConAbl+L2SP(25000),MAB_L2,MA,dog,dog_literal_1,literal,1,303,/data/bijaypandey/cuig_pilot/seq_pilot/eval/MAB_L2/images/dog_literal_1_seed303.jpg,41818c443ea31320,0.9756,1,1,1,13,dog,0.9756
17,ConAbl+L2SP(25000),MAB_L2,MA,dog,dog_literal_1,literal,1,404,/data/bijaypandey/cuig_pilot/seq_pilot/eval/MAB_L2/images/dog_literal_1_seed404.jpg,4c408c91fa1f71b2,0.9977,1,1,1,22,dog,0.9977
17,ConAbl+L2SP(25000),MAB_L2,MA,dog,dog_literal_2,literal,2,101,/data/bijaypandey/cuig_pilot/seq_pilot/eval/MAB_L2/images/dog_literal_2_seed101.jpg,842eee5c1c415ce8,0.9634,1,1,1,7,dog,0.9634
17,ConAbl+L2SP(25000),MAB_L2,MA,dog,dog_literal_2,literal,2,202,/data/bijaypandey/cuig_pilot/seq_pilot/eval/MAB_L2/images/dog_literal_2_seed202.jpg,6752bf770e80160c,0.7234,1,1,1,4,dog,0.7234
17,ConAbl+L2SP(25000),MAB_L2,MA,dog,dog_literal_2,literal,2,303,/data/bijaypandey/cuig_pilot/seq_pilot/eval/MAB_L2/images/dog_literal_2_seed303.jpg,8ca43d531983ae94,0.9388,1,1,1,3,dog,0.9388
17,ConAbl+L2SP(25000),MAB_L2,MA,dog,dog_literal_2,literal,2,404,/data/bijaypandey/cuig_pilot/seq_pilot/eval/MAB_L2/images/dog_literal_2_seed404.jpg,d146d667561d7c7d,0.4813,1,0,0,4,horse,0.9450
17,ConAbl+L2SP(25000),MAB_L2,MA,dog,dog_literal_3,literal,3,101,/data/bijaypandey/cuig_pilot/seq_pilot/eval/MAB_L2/images/dog_literal_3_seed101.jpg,8bfdd2a8241fee43,0.0000,0,0,0,7,horse,0.9963
17,ConAbl+L2SP(25000),MAB_L2,MA,dog,dog_literal_3,literal,3,202,/data/bijaypandey/cuig_pilot/seq_pilot/eval/MAB_L2/images/dog_literal_3_seed202.jpg,1deea3c92072a124,0.0000,0,0,0,2,horse,0.9825
17,ConAbl+L2SP(25000),MAB_L2,MA,dog,dog_literal_3,literal,3,303,/data/bijaypandey/cuig_pilot/seq_pilot/eval/MAB_L2/images/dog_literal_3_seed303.jpg,a85266b8ca1e5b3e,0.8702,1,1,1,6,dog,0.8702
17,ConAbl+L2SP(25000),MAB_L2,MA,dog,dog_literal_3,literal,3,404,/data/bijaypandey/cuig_pilot/seq_pilot/eval/MAB_L2/images/dog_literal_3_seed404.jpg,ab86309aa11516c1,0.0000,0,0,0,3,horse,0.9955
17,ConAbl+L2SP(25000),MAB_L2,MA,dog,dog_literal_4,literal,4,101,/data/bijaypandey/cuig_pilot/seq_pilot/eval/MAB_L2/images/dog_literal_4_seed101.jpg,985580813cea5d4e,0.0000,0,0,0,3,horse,0.9922
17,ConAbl+L2SP(25000),MAB_L2,MA,dog,dog_literal_4,literal,4,202,/data/bijaypandey/cuig_pilot/seq_pilot/eval/MAB_L2/images/dog_literal_4_seed202.jpg,d1c5d1acf5f99bd5,0.9992,1,1,1,4,dog,0.9992
17,ConAbl+L2SP(25000),MAB_L2,MA,dog,dog_literal_4,literal,4,303,/data/bijaypandey/cuig_pilot/seq_pilot/eval/MAB_L2/images/dog_literal_4_seed303.jpg,76bbaa80e12e0216,0.9991,1,1,1,6,dog,0.9991
17,ConAbl+L2SP(25000),MAB_L2,MA,dog,dog_literal_4,literal,4,404,/data/bijaypandey/cuig_pilot/seq_pilot/eval/MAB_L2/images/dog_literal_4_seed404.jpg,7a83d70428906085,0.9995,1,1,1,3,dog,0.9995
17,ConAbl+L2SP(25000),MAB_L2,MA,dog,dog_paraphrase_0,paraphrase,0,101,/data/bijaypandey/cuig_pilot/seq_pilot/eval/MAB_L2/images/dog_paraphrase_0_seed101.jpg,47ef95eb67c20598,0.9997,1,1,1,5,dog,0.9997
17,ConAbl+L2SP(25000),MAB_L2,MA,dog,dog_paraphrase_0,paraphrase,0,202,/data/bijaypandey/cuig_pilot/seq_pilot/eval/MAB_L2/images/dog_paraphrase_0_seed202.jpg,5222016c7bf1bc97,0.0000,0,0,0,3,horse,0.9996
17,ConAbl+L2SP(25000),MAB_L2,MA,dog,dog_paraphrase_0,paraphrase,0,303,/data/bijaypandey/cuig_pilot/seq_pilot/eval/MAB_L2/images/dog_paraphrase_0_seed303.jpg,1591ea60606ed444,0.7778,1,1,1,8,car,0.8136
17,ConAbl+L2SP(25000),MAB_L2,MA,dog,dog_paraphrase_0,paraphrase,0,404,/data/bijaypandey/cuig_pilot/seq_pilot/eval/MAB_L2/images/dog_paraphrase_0_seed404.jpg,c90434d8130370bd,0.0643,0,0,0,8,horse,0.9924
17,ConAbl+L2SP(25000),MAB_L2,MA,dog,dog_paraphrase_1,paraphrase,1,101,/data/bijaypandey/cuig_pilot/seq_pilot/eval/MAB_L2/images/dog_paraphrase_1_seed101.jpg,3c32b651e03f7963,0.0000,0,0,0,7,horse,0.9952
17,ConAbl+L2SP(25000),MAB_L2,MA,dog,dog_paraphrase_1,paraphrase,1,202,/data/bijaypandey/cuig_pilot/seq_pilot/eval/MAB_L2/images/dog_paraphrase_1_seed202.jpg,72c846710e811689,0.9983,1,1,1,4,dog,0.9983
17,ConAbl+L2SP(25000),MAB_L2,MA,dog,dog_paraphrase_1,paraphrase,1,303,/data/bijaypandey/cuig_pilot/seq_pilot/eval/MAB_L2/images/dog_paraphrase_1_seed303.jpg,119ade717dca2d73,0.9345,1,1,1,4,person,0.9981
17,ConAbl+L2SP(25000),MAB_L2,MA,dog,dog_paraphrase_1,paraphrase,1,404,/data/bijaypandey/cuig_pilot/seq_pilot/eval/MAB_L2/images/dog_paraphrase_1_seed404.jpg,a4cee184a059412e,0.0000,0,0,0,5,horse,0.9905
17,ConAbl+L2SP(25000),MAB_L2,MA,dog,dog_paraphrase_2,paraphrase,2,101,/data/bijaypandey/cuig_pilot/seq_pilot/eval/MAB_L2/images/dog_paraphrase_2_seed101.jpg,7ba7c33ffc12a2b5,0.0596,0,0,0,5,horse,0.9868
17,ConAbl+L2SP(25000),MAB_L2,MA,dog,dog_paraphrase_2,paraphrase,2,202,/data/bijaypandey/cuig_pilot/seq_pilot/eval/MAB_L2/images/dog_paraphrase_2_seed202.jpg,ed687a06bfc22cff,0.0000,0,0,0,3,horse,0.9986
17,ConAbl+L2SP(25000),MAB_L2,MA,dog,dog_paraphrase_2,paraphrase,2,303,/data/bijaypandey/cuig_pilot/seq_pilot/eval/MAB_L2/images/dog_paraphrase_2_seed303.jpg,3a8f520b2b20be50,0.5875,1,1,0,5,horse,0.9118
17,ConAbl+L2SP(25000),MAB_L2,MA,dog,dog_paraphrase_2,paraphrase,2,404,/data/bijaypandey/cuig_pilot/seq_pilot/eval/MAB_L2/images/dog_paraphrase_2_seed404.jpg,1f9d394168eed573,0.0000,0,0,0,1,horse,0.9994
17,ConAbl+L2SP(25000),MAB_L2,MA,dog,dog_paraphrase_3,paraphrase,3,101,/data/bijaypandey/cuig_pilot/seq_pilot/eval/MAB_L2/images/dog_paraphrase_3_seed101.jpg,944da837f37b289a,0.0000,0,0,0,4,horse,0.9636
17,ConAbl+L2SP(25000),MAB_L2,MA,dog,dog_paraphrase_3,paraphrase,3,202,/data/bijaypandey/cuig_pilot/seq_pilot/eval/MAB_L2/images/dog_paraphrase_3_seed202.jpg,65c95cedb002c70a,0.9789,1,1,1,4,dog,0.9789
17,ConAbl+L2SP(25000),MAB_L2,MA,dog,dog_paraphrase_3,paraphrase,3,303,/data/bijaypandey/cuig_pilot/seq_pilot/eval/MAB_L2/images/dog_paraphrase_3_seed303.jpg,8932ed4deb3d2596,0.7775,1,1,1,4,dog,0.7775
17,ConAbl+L2SP(25000),MAB_L2,MA,dog,dog_paraphrase_3,paraphrase,3,404,/data/bijaypandey/cuig_pilot/seq_pilot/eval/MAB_L2/images/dog_paraphrase_3_seed404.jpg,324acb6aa3a07334,0.9681,1,1,1,2,dog,0.9681
17,ConAbl+L2SP(25000),MAB_L2,MA,dog,dog_paraphrase_4,paraphrase,4,101,/data/bijaypandey/cuig_pilot/seq_pilot/eval/MAB_L2/images/dog_paraphrase_4_seed101.jpg,819212b43ac6ebb9,0.0000,0,0,0,4,horse,0.9947
17,ConAbl+L2SP(25000),MAB_L2,MA,dog,dog_paraphrase_4,paraphrase,4,202,/data/bijaypandey/cuig_pilot/seq_pilot/eval/MAB_L2/images/dog_paraphrase_4_seed202.jpg,bd3dcc8f7ad94e0e,0.0000,0,0,0,2,horse,0.9996
17,ConAbl+L2SP(25000),MAB_L2,MA,dog,dog_paraphrase_4,paraphrase,4,303,/data/bijaypandey/cuig_pilot/seq_pilot/eval/MAB_L2/images/dog_paraphrase_4_seed303.jpg,5bebd7ed9f96c9d8,0.0000,0,0,0,2,horse,0.9939
17,ConAbl+L2SP(25000),MAB_L2,MA,dog,dog_paraphrase_4,paraphrase,4,404,/data/bijaypandey/cuig_pilot/seq_pilot/eval/MAB_L2/images/dog_paraphrase_4_seed404.jpg,b9206e0a71c0ea10,0.0000,0,0,0,8,horse,0.9990
17,ConAbl+L2SP(25000),MAB_L2,MA,sandwich,sandwich_literal_0,literal,0,101,/data/bijaypandey/cuig_pilot/seq_pilot/eval/MAB_L2/images/sandwich_literal_0_seed101.jpg,1633c7f804acfc01,0.9926,1,1,1,8,sandwich,0.9926
17,ConAbl+L2SP(25000),MAB_L2,MA,sandwich,sandwich_literal_0,literal,0,202,/data/bijaypandey/cuig_pilot/seq_pilot/eval/MAB_L2/images/sandwich_literal_0_seed202.jpg,8cd58334a40b1668,0.9936,1,1,1,6,sandwich,0.9936
17,ConAbl+L2SP(25000),MAB_L2,MA,sandwich,sandwich_literal_0,literal,0,303,/data/bijaypandey/cuig_pilot/seq_pilot/eval/MAB_L2/images/sandwich_literal_0_seed303.jpg,f4ffe64173f69a7f,0.9671,1,1,1,13,sandwich,0.9671
17,ConAbl+L2SP(25000),MAB_L2,MA,sandwich,sandwich_literal_0,literal,0,404,/data/bijaypandey/cuig_pilot/seq_pilot/eval/MAB_L2/images/sandwich_literal_0_seed404.jpg,3989acb613498368,0.9696,1,1,1,15,sandwich,0.9696
17,ConAbl+L2SP(25000),MAB_L2,MA,sandwich,sandwich_literal_1,literal,1,101,/data/bijaypandey/cuig_pilot/seq_pilot/eval/MAB_L2/images/sandwich_literal_1_seed101.jpg,be95e690ba4c639c,0.9809,1,1,1,11,dining table,0.9973
17,ConAbl+L2SP(25000),MAB_L2,MA,sandwich,sandwich_literal_1,literal,1,202,/data/bijaypandey/cuig_pilot/seq_pilot/eval/MAB_L2/images/sandwich_literal_1_seed202.jpg,e6dd124c6af38776,0.9951,1,1,1,8,sandwich,0.9951
17,ConAbl+L2SP(25000),MAB_L2,MA,sandwich,sandwich_literal_1,literal,1,303,/data/bijaypandey/cuig_pilot/seq_pilot/eval/MAB_L2/images/sandwich_literal_1_seed303.jpg,a2546a17fecb5eb2,0.8744,1,1,1,20,dining table,0.9697
17,ConAbl+L2SP(25000),MAB_L2,MA,sandwich,sandwich_literal_1,literal,1,404,/data/bijaypandey/cuig_pilot/seq_pilot/eval/MAB_L2/images/sandwich_literal_1_seed404.jpg,aad7a4cf2ca844bd,0.9932,1,1,1,12,sandwich,0.9932
17,ConAbl+L2SP(25000),MAB_L2,MA,sandwich,sandwich_literal_2,literal,2,101,/data/bijaypandey/cuig_pilot/seq_pilot/eval/MAB_L2/images/sandwich_literal_2_seed101.jpg,eca5049c7e82e837,0.4211,1,0,0,17,hot dog,0.7686
17,ConAbl+L2SP(25000),MAB_L2,MA,sandwich,sandwich_literal_2,literal,2,202,/data/bijaypandey/cuig_pilot/seq_pilot/eval/MAB_L2/images/sandwich_literal_2_seed202.jpg,28eb97dae6888bed,0.9744,1,1,1,9,sandwich,0.9744
17,ConAbl+L2SP(25000),MAB_L2,MA,sandwich,sandwich_literal_2,literal,2,303,/data/bijaypandey/cuig_pilot/seq_pilot/eval/MAB_L2/images/sandwich_literal_2_seed303.jpg,4be3130f34dd3bcb,0.9619,1,1,1,6,sandwich,0.9619
17,ConAbl+L2SP(25000),MAB_L2,MA,sandwich,sandwich_literal_2,literal,2,404,/data/bijaypandey/cuig_pilot/seq_pilot/eval/MAB_L2/images/sandwich_literal_2_seed404.jpg,1342464c440f0729,0.9569,1,1,1,2,sandwich,0.9569
17,ConAbl+L2SP(25000),MAB_L2,MA,sandwich,sandwich_literal_3,literal,3,101,/data/bijaypandey/cuig_pilot/seq_pilot/eval/MAB_L2/images/sandwich_literal_3_seed101.jpg,e0134098e998f447,0.9556,1,1,1,11,sandwich,0.9556
17,ConAbl+L2SP(25000),MAB_L2,MA,sandwich,sandwich_literal_3,literal,3,202,/data/bijaypandey/cuig_pilot/seq_pilot/eval/MAB_L2/images/sandwich_literal_3_seed202.jpg,35b2d33ebd9abc1b,0.9749,1,1,1,10,dining table,0.9929
17,ConAbl+L2SP(25000),MAB_L2,MA,sandwich,sandwich_literal_3,literal,3,303,/data/bijaypandey/cuig_pilot/seq_pilot/eval/MAB_L2/images/sandwich_literal_3_seed303.jpg,261c8e6f6cbc8a09,0.9957,1,1,1,17,sandwich,0.9957
17,ConAbl+L2SP(25000),MAB_L2,MA,sandwich,sandwich_literal_3,literal,3,404,/data/bijaypandey/cuig_pilot/seq_pilot/eval/MAB_L2/images/sandwich_literal_3_seed404.jpg,7fc87d9fbde5f874,0.9922,1,1,1,21,sandwich,0.9922
17,ConAbl+L2SP(25000),MAB_L2,MA,sandwich,sandwich_literal_4,literal,4,101,/data/bijaypandey/cuig_pilot/seq_pilot/eval/MAB_L2/images/sandwich_literal_4_seed101.jpg,ced7c2ce50b8ef9a,0.9915,1,1,1,6,sandwich,0.9915
17,ConAbl+L2SP(25000),MAB_L2,MA,sandwich,sandwich_literal_4,literal,4,202,/data/bijaypandey/cuig_pilot/seq_pilot/eval/MAB_L2/images/sandwich_literal_4_seed202.jpg,212a0c8dc78252e0,0.6901,1,1,0,7,dining table,0.7265
17,ConAbl+L2SP(25000),MAB_L2,MA,sandwich,sandwich_literal_4,literal,4,303,/data/bijaypandey/cuig_pilot/seq_pilot/eval/MAB_L2/images/sandwich_literal_4_seed303.jpg,cab24a31f8bbe0a3,0.9976,1,1,1,18,sandwich,0.9976
17,ConAbl+L2SP(25000),MAB_L2,MA,sandwich,sandwich_literal_4,literal,4,404,/data/bijaypandey/cuig_pilot/seq_pilot/eval/MAB_L2/images/sandwich_literal_4_seed404.jpg,6df3132d533b7f79,0.9899,1,1,1,14,sandwich,0.9899
17,ConAbl+L2SP(25000),MAB_L2,MA,sandwich,sandwich_paraphrase_0,paraphrase,0,101,/data/bijaypandey/cuig_pilot/seq_pilot/eval/MAB_L2/images/sandwich_paraphrase_0_seed101.jpg,6fb1d3ccc1ccc027,0.7562,1,1,1,14,sandwich,0.7562
17,ConAbl+L2SP(25000),MAB_L2,MA,sandwich,sandwich_paraphrase_0,paraphrase,0,202,/data/bijaypandey/cuig_pilot/seq_pilot/eval/MAB_L2/images/sandwich_paraphrase_0_seed202.jpg,6ba6a69bc19970bd,0.9352,1,1,1,9,sandwich,0.9352
17,ConAbl+L2SP(25000),MAB_L2,MA,sandwich,sandwich_paraphrase_0,paraphrase,0,303,/data/bijaypandey/cuig_pilot/seq_pilot/eval/MAB_L2/images/sandwich_paraphrase_0_seed303.jpg,fd5786ef95e06cad,0.8370,1,1,1,26,sandwich,0.8370
17,ConAbl+L2SP(25000),MAB_L2,MA,sandwich,sandwich_paraphrase_0,paraphrase,0,404,/data/bijaypandey/cuig_pilot/seq_pilot/eval/MAB_L2/images/sandwich_paraphrase_0_seed404.jpg,3512790054cb6044,0.5242,1,1,0,16,bowl,0.8294
17,ConAbl+L2SP(25000),MAB_L2,MA,sandwich,sandwich_paraphrase_1,paraphrase,1,101,/data/bijaypandey/cuig_pilot/seq_pilot/eval/MAB_L2/images/sandwich_paraphrase_1_seed101.jpg,9045c8ea94d6e2f7,0.4637,1,0,0,12,bowl,0.8108
17,ConAbl+L2SP(25000),MAB_L2,MA,sandwich,sandwich_paraphrase_1,paraphrase,1,202,/data/bijaypandey/cuig_pilot/seq_pilot/eval/MAB_L2/images/sandwich_paraphrase_1_seed202.jpg,2916f98867f03f67,0.7441,1,1,1,22,sandwich,0.7441
17,ConAbl+L2SP(25000),MAB_L2,MA,sandwich,sandwich_paraphrase_1,paraphrase,1,303,/data/bijaypandey/cuig_pilot/seq_pilot/eval/MAB_L2/images/sandwich_paraphrase_1_seed303.jpg,305a99609d722ead,0.9031,1,1,1,18,sandwich,0.9031
17,ConAbl+L2SP(25000),MAB_L2,MA,sandwich,sandwich_paraphrase_1,paraphrase,1,404,/data/bijaypandey/cuig_pilot/seq_pilot/eval/MAB_L2/images/sandwich_paraphrase_1_seed404.jpg,b142998ff22db998,0.2203,0,0,0,15,apple,0.6865
17,ConAbl+L2SP(25000),MAB_L2,MA,sandwich,sandwich_paraphrase_2,paraphrase,2,101,/data/bijaypandey/cuig_pilot/seq_pilot/eval/MAB_L2/images/sandwich_paraphrase_2_seed101.jpg,34c102768e8eebdd,0.9756,1,1,1,19,sandwich,0.9756
17,ConAbl+L2SP(25000),MAB_L2,MA,sandwich,sandwich_paraphrase_2,paraphrase,2,202,/data/bijaypandey/cuig_pilot/seq_pilot/eval/MAB_L2/images/sandwich_paraphrase_2_seed202.jpg,01f12a1ae5b05c86,0.9496,1,1,1,10,dining table,0.9726
17,ConAbl+L2SP(25000),MAB_L2,MA,sandwich,sandwich_paraphrase_2,paraphrase,2,303,/data/bijaypandey/cuig_pilot/seq_pilot/eval/MAB_L2/images/sandwich_paraphrase_2_seed303.jpg,316ddf49942278e4,0.7779,1,1,1,18,sandwich,0.7779
17,ConAbl+L2SP(25000),MAB_L2,MA,sandwich,sandwich_paraphrase_2,paraphrase,2,404,/data/bijaypandey/cuig_pilot/seq_pilot/eval/MAB_L2/images/sandwich_paraphrase_2_seed404.jpg,1e305024f5883a24,0.9647,1,1,1,14,sandwich,0.9647
17,ConAbl+L2SP(25000),MAB_L2,MA,sandwich,sandwich_paraphrase_3,paraphrase,3,101,/data/bijaypandey/cuig_pilot/seq_pilot/eval/MAB_L2/images/sandwich_paraphrase_3_seed101.jpg,9a2e20fd6da7d28e,0.1773,0,0,0,18,dining table,0.8523
17,ConAbl+L2SP(25000),MAB_L2,MA,sandwich,sandwich_paraphrase_3,paraphrase,3,202,/data/bijaypandey/cuig_pilot/seq_pilot/eval/MAB_L2/images/sandwich_paraphrase_3_seed202.jpg,09ca745f4008837b,0.9273,1,1,1,17,sandwich,0.9273
17,ConAbl+L2SP(25000),MAB_L2,MA,sandwich,sandwich_paraphrase_3,paraphrase,3,303,/data/bijaypandey/cuig_pilot/seq_pilot/eval/MAB_L2/images/sandwich_paraphrase_3_seed303.jpg,62c19bf294dbc2c1,0.0000,0,0,0,17,dining table,0.9688
17,ConAbl+L2SP(25000),MAB_L2,MA,sandwich,sandwich_paraphrase_3,paraphrase,3,404,/data/bijaypandey/cuig_pilot/seq_pilot/eval/MAB_L2/images/sandwich_paraphrase_3_seed404.jpg,3ba4f900ff25f882,0.8438,1,1,1,10,donut,0.9483
17,ConAbl+L2SP(25000),MAB_L2,MA,sandwich,sandwich_paraphrase_4,paraphrase,4,101,/data/bijaypandey/cuig_pilot/seq_pilot/eval/MAB_L2/images/sandwich_paraphrase_4_seed101.jpg,cf4ca668c8cf7fe3,0.9362,1,1,1,21,bowl,0.9778
17,ConAbl+L2SP(25000),MAB_L2,MA,sandwich,sandwich_paraphrase_4,paraphrase,4,202,/data/bijaypandey/cuig_pilot/seq_pilot/eval/MAB_L2/images/sandwich_paraphrase_4_seed202.jpg,688412c3a8af76cb,0.9319,1,1,1,24,bowl,0.9921
17,ConAbl+L2SP(25000),MAB_L2,MA,sandwich,sandwich_paraphrase_4,paraphrase,4,303,/data/bijaypandey/cuig_pilot/seq_pilot/eval/MAB_L2/images/sandwich_paraphrase_4_seed303.jpg,86b1a8c8f8f84ebf,0.6542,1,1,0,22,orange,0.7466
17,ConAbl+L2SP(25000),MAB_L2,MA,sandwich,sandwich_paraphrase_4,paraphrase,4,404,/data/bijaypandey/cuig_pilot/seq_pilot/eval/MAB_L2/images/sandwich_paraphrase_4_seed404.jpg,6d469735775c026c,0.9568,1,1,1,16,sandwich,0.9568
17,ConAbl+L2SP(25000),MAB_L2,MA,horse,horse_literal_0,literal,0,101,/data/bijaypandey/cuig_pilot/seq_pilot/eval/MAB_L2/images/horse_literal_0_seed101.jpg,fff74fe262e3fe44,0.9997,1,1,1,1,horse,0.9997
17,ConAbl+L2SP(25000),MAB_L2,MA,horse,horse_literal_0,literal,0,202,/data/bijaypandey/cuig_pilot/seq_pilot/eval/MAB_L2/images/horse_literal_0_seed202.jpg,2c9e85ee81d97ff9,0.9998,1,1,1,2,horse,0.9998
17,ConAbl+L2SP(25000),MAB_L2,MA,horse,horse_literal_0,literal,0,303,/data/bijaypandey/cuig_pilot/seq_pilot/eval/MAB_L2/images/horse_literal_0_seed303.jpg,944f73c145076b71,0.9993,1,1,1,1,horse,0.9993
17,ConAbl+L2SP(25000),MAB_L2,MA,horse,horse_literal_0,literal,0,404,/data/bijaypandey/cuig_pilot/seq_pilot/eval/MAB_L2/images/horse_literal_0_seed404.jpg,7092e27500f0e52b,0.9998,1,1,1,2,horse,0.9998
17,ConAbl+L2SP(25000),MAB_L2,MA,horse,horse_literal_1,literal,1,101,/data/bijaypandey/cuig_pilot/seq_pilot/eval/MAB_L2/images/horse_literal_1_seed101.jpg,3e129d789280f609,0.9931,1,1,1,5,horse,0.9931
17,ConAbl+L2SP(25000),MAB_L2,MA,horse,horse_literal_1,literal,1,202,/data/bijaypandey/cuig_pilot/seq_pilot/eval/MAB_L2/images/horse_literal_1_seed202.jpg,e6d3ee185c61cdf6,0.9999,1,1,1,1,horse,0.9999
17,ConAbl+L2SP(25000),MAB_L2,MA,horse,horse_literal_1,literal,1,303,/data/bijaypandey/cuig_pilot/seq_pilot/eval/MAB_L2/images/horse_literal_1_seed303.jpg,2c24b7648689385c,0.9778,1,1,1,3,horse,0.9778
17,ConAbl+L2SP(25000),MAB_L2,MA,horse,horse_literal_1,literal,1,404,/data/bijaypandey/cuig_pilot/seq_pilot/eval/MAB_L2/images/horse_literal_1_seed404.jpg,8a99e7e6e4b30df2,0.9969,1,1,1,9,horse,0.9969
17,ConAbl+L2SP(25000),MAB_L2,MA,horse,horse_literal_2,literal,2,101,/data/bijaypandey/cuig_pilot/seq_pilot/eval/MAB_L2/images/horse_literal_2_seed101.jpg,5e09a9d4c14e4992,0.9901,1,1,1,2,horse,0.9901
17,ConAbl+L2SP(25000),MAB_L2,MA,horse,horse_literal_2,literal,2,202,/data/bijaypandey/cuig_pilot/seq_pilot/eval/MAB_L2/images/horse_literal_2_seed202.jpg,53a20b3df3fe2a8f,0.9062,1,1,1,3,horse,0.9062
17,ConAbl+L2SP(25000),MAB_L2,MA,horse,horse_literal_2,literal,2,303,/data/bijaypandey/cuig_pilot/seq_pilot/eval/MAB_L2/images/horse_literal_2_seed303.jpg,fadb9c8d4fef240e,0.8993,1,1,1,4,horse,0.8993
17,ConAbl+L2SP(25000),MAB_L2,MA,horse,horse_literal_2,literal,2,404,/data/bijaypandey/cuig_pilot/seq_pilot/eval/MAB_L2/images/horse_literal_2_seed404.jpg,35e334e84dd58e2e,0.9938,1,1,1,3,horse,0.9938
17,ConAbl+L2SP(25000),MAB_L2,MA,horse,horse_literal_3,literal,3,101,/data/bijaypandey/cuig_pilot/seq_pilot/eval/MAB_L2/images/horse_literal_3_seed101.jpg,b9c1f0d3c2634158,0.9996,1,1,1,2,horse,0.9996
17,ConAbl+L2SP(25000),MAB_L2,MA,horse,horse_literal_3,literal,3,202,/data/bijaypandey/cuig_pilot/seq_pilot/eval/MAB_L2/images/horse_literal_3_seed202.jpg,e55bcc46a7def905,0.9999,1,1,1,2,horse,0.9999
17,ConAbl+L2SP(25000),MAB_L2,MA,horse,horse_literal_3,literal,3,303,/data/bijaypandey/cuig_pilot/seq_pilot/eval/MAB_L2/images/horse_literal_3_seed303.jpg,ecf8427da6a1e55f,0.9998,1,1,1,1,horse,0.9998
17,ConAbl+L2SP(25000),MAB_L2,MA,horse,horse_literal_3,literal,3,404,/data/bijaypandey/cuig_pilot/seq_pilot/eval/MAB_L2/images/horse_literal_3_seed404.jpg,6e6ff5ab74a27799,0.9992,1,1,1,9,horse,0.9992
17,ConAbl+L2SP(25000),MAB_L2,MA,horse,horse_literal_4,literal,4,101,/data/bijaypandey/cuig_pilot/seq_pilot/eval/MAB_L2/images/horse_literal_4_seed101.jpg,dd091c6a9844af01,0.9997,1,1,1,3,horse,0.9997
17,ConAbl+L2SP(25000),MAB_L2,MA,horse,horse_literal_4,literal,4,202,/data/bijaypandey/cuig_pilot/seq_pilot/eval/MAB_L2/images/horse_literal_4_seed202.jpg,4cf4cd34138d869b,0.9996,1,1,1,6,horse,0.9996
17,ConAbl+L2SP(25000),MAB_L2,MA,horse,horse_literal_4,literal,4,303,/data/bijaypandey/cuig_pilot/seq_pilot/eval/MAB_L2/images/horse_literal_4_seed303.jpg,d53a203f0afb8e42,0.9999,1,1,1,3,horse,0.9999
17,ConAbl+L2SP(25000),MAB_L2,MA,horse,horse_literal_4,literal,4,404,/data/bijaypandey/cuig_pilot/seq_pilot/eval/MAB_L2/images/horse_literal_4_seed404.jpg,b11dbbc624dcc99c,0.9994,1,1,1,1,horse,0.9994
17,ConAbl+L2SP(25000),MAB_L2,MA,horse,horse_paraphrase_0,paraphrase,0,101,/data/bijaypandey/cuig_pilot/seq_pilot/eval/MAB_L2/images/horse_paraphrase_0_seed101.jpg,01c9ec3718a06fbe,0.9994,1,1,1,2,horse,0.9994
17,ConAbl+L2SP(25000),MAB_L2,MA,horse,horse_paraphrase_0,paraphrase,0,202,/data/bijaypandey/cuig_pilot/seq_pilot/eval/MAB_L2/images/horse_paraphrase_0_seed202.jpg,8e4d6d781d846a4d,0.9983,1,1,1,4,horse,0.9983
17,ConAbl+L2SP(25000),MAB_L2,MA,horse,horse_paraphrase_0,paraphrase,0,303,/data/bijaypandey/cuig_pilot/seq_pilot/eval/MAB_L2/images/horse_paraphrase_0_seed303.jpg,dea8e6a34b34565f,0.9958,1,1,1,2,horse,0.9958
17,ConAbl+L2SP(25000),MAB_L2,MA,horse,horse_paraphrase_0,paraphrase,0,404,/data/bijaypandey/cuig_pilot/seq_pilot/eval/MAB_L2/images/horse_paraphrase_0_seed404.jpg,b7817d7340b36fae,0.9623,1,1,1,3,horse,0.9623
17,ConAbl+L2SP(25000),MAB_L2,MA,horse,horse_paraphrase_1,paraphrase,1,101,/data/bijaypandey/cuig_pilot/seq_pilot/eval/MAB_L2/images/horse_paraphrase_1_seed101.jpg,e8ecddf6909458ae,0.9994,1,1,1,1,horse,0.9994
17,ConAbl+L2SP(25000),MAB_L2,MA,horse,horse_paraphrase_1,paraphrase,1,202,/data/bijaypandey/cuig_pilot/seq_pilot/eval/MAB_L2/images/horse_paraphrase_1_seed202.jpg,760d34e4bd8fa9f9,0.9997,1,1,1,1,horse,0.9997
17,ConAbl+L2SP(25000),MAB_L2,MA,horse,horse_paraphrase_1,paraphrase,1,303,/data/bijaypandey/cuig_pilot/seq_pilot/eval/MAB_L2/images/horse_paraphrase_1_seed303.jpg,0699ee64d5d0a7c9,0.9981,1,1,1,3,person,0.9982
17,ConAbl+L2SP(25000),MAB_L2,MA,horse,horse_paraphrase_1,paraphrase,1,404,/data/bijaypandey/cuig_pilot/seq_pilot/eval/MAB_L2/images/horse_paraphrase_1_seed404.jpg,559a3e5157b7c697,0.9993,1,1,1,3,horse,0.9993
17,ConAbl+L2SP(25000),MAB_L2,MA,horse,horse_paraphrase_2,paraphrase,2,101,/data/bijaypandey/cuig_pilot/seq_pilot/eval/MAB_L2/images/horse_paraphrase_2_seed101.jpg,b5ddea6896bf8a38,0.9975,1,1,1,5,horse,0.9975
17,ConAbl+L2SP(25000),MAB_L2,MA,horse,horse_paraphrase_2,paraphrase,2,202,/data/bijaypandey/cuig_pilot/seq_pilot/eval/MAB_L2/images/horse_paraphrase_2_seed202.jpg,cc5ac5b3151a7246,0.9943,1,1,1,3,horse,0.9943
17,ConAbl+L2SP(25000),MAB_L2,MA,horse,horse_paraphrase_2,paraphrase,2,303,/data/bijaypandey/cuig_pilot/seq_pilot/eval/MAB_L2/images/horse_paraphrase_2_seed303.jpg,4566f59e939901a7,0.9977,1,1,1,11,horse,0.9977
17,ConAbl+L2SP(25000),MAB_L2,MA,horse,horse_paraphrase_2,paraphrase,2,404,/data/bijaypandey/cuig_pilot/seq_pilot/eval/MAB_L2/images/horse_paraphrase_2_seed404.jpg,941e522e663953de,0.9953,1,1,1,3,horse,0.9953
17,ConAbl+L2SP(25000),MAB_L2,MA,horse,horse_paraphrase_3,paraphrase,3,101,/data/bijaypandey/cuig_pilot/seq_pilot/eval/MAB_L2/images/horse_paraphrase_3_seed101.jpg,e6a4333f1b47fa0a,0.9683,1,1,1,2,horse,0.9683
17,ConAbl+L2SP(25000),MAB_L2,MA,horse,horse_paraphrase_3,paraphrase,3,202,/data/bijaypandey/cuig_pilot/seq_pilot/eval/MAB_L2/images/horse_paraphrase_3_seed202.jpg,192605f76f2d72df,0.9983,1,1,1,4,horse,0.9983
17,ConAbl+L2SP(25000),MAB_L2,MA,horse,horse_paraphrase_3,paraphrase,3,303,/data/bijaypandey/cuig_pilot/seq_pilot/eval/MAB_L2/images/horse_paraphrase_3_seed303.jpg,da26c4465fa43b40,0.9992,1,1,1,8,horse,0.9992
17,ConAbl+L2SP(25000),MAB_L2,MA,horse,horse_paraphrase_3,paraphrase,3,404,/data/bijaypandey/cuig_pilot/seq_pilot/eval/MAB_L2/images/horse_paraphrase_3_seed404.jpg,12146c9235b44c8e,0.9986,1,1,1,8,horse,0.9986
17,ConAbl+L2SP(25000),MAB_L2,MA,horse,horse_paraphrase_4,paraphrase,4,101,/data/bijaypandey/cuig_pilot/seq_pilot/eval/MAB_L2/images/horse_paraphrase_4_seed101.jpg,e6ddc1843920785d,0.9995,1,1,1,2,horse,0.9995
17,ConAbl+L2SP(25000),MAB_L2,MA,horse,horse_paraphrase_4,paraphrase,4,202,/data/bijaypandey/cuig_pilot/seq_pilot/eval/MAB_L2/images/horse_paraphrase_4_seed202.jpg,c9367f2008377e41,0.9977,1,1,1,4,horse,0.9977
17,ConAbl+L2SP(25000),MAB_L2,MA,horse,horse_paraphrase_4,paraphrase,4,303,/data/bijaypandey/cuig_pilot/seq_pilot/eval/MAB_L2/images/horse_paraphrase_4_seed303.jpg,72e226836d167502,0.9990,1,1,1,6,horse,0.9990
17,ConAbl+L2SP(25000),MAB_L2,MA,horse,horse_paraphrase_4,paraphrase,4,404,/data/bijaypandey/cuig_pilot/seq_pilot/eval/MAB_L2/images/horse_paraphrase_4_seed404.jpg,e264c7bbee7217d7,0.9998,1,1,1,1,horse,0.9998
17,ConAbl+L2SP(25000),MAB_L2,MA,bird,bird_literal_0,literal,0,101,/data/bijaypandey/cuig_pilot/seq_pilot/eval/MAB_L2/images/bird_literal_0_seed101.jpg,bbf25af79fab78d9,0.9978,1,1,1,2,bird,0.9978
17,ConAbl+L2SP(25000),MAB_L2,MA,bird,bird_literal_0,literal,0,202,/data/bijaypandey/cuig_pilot/seq_pilot/eval/MAB_L2/images/bird_literal_0_seed202.jpg,fe67c2a38332202a,0.9970,1,1,1,1,bird,0.9970
17,ConAbl+L2SP(25000),MAB_L2,MA,bird,bird_literal_0,literal,0,303,/data/bijaypandey/cuig_pilot/seq_pilot/eval/MAB_L2/images/bird_literal_0_seed303.jpg,ff11ceb827931998,0.9989,1,1,1,2,bird,0.9989
17,ConAbl+L2SP(25000),MAB_L2,MA,bird,bird_literal_0,literal,0,404,/data/bijaypandey/cuig_pilot/seq_pilot/eval/MAB_L2/images/bird_literal_0_seed404.jpg,6398d3ff196c17c5,0.9867,1,1,1,1,bird,0.9867
17,ConAbl+L2SP(25000),MAB_L2,MA,bird,bird_literal_1,literal,1,101,/data/bijaypandey/cuig_pilot/seq_pilot/eval/MAB_L2/images/bird_literal_1_seed101.jpg,2949d857675e6fb6,0.9951,1,1,1,12,bird,0.9951
17,ConAbl+L2SP(25000),MAB_L2,MA,bird,bird_literal_1,literal,1,202,/data/bijaypandey/cuig_pilot/seq_pilot/eval/MAB_L2/images/bird_literal_1_seed202.jpg,d797215c35a2fcf9,0.9979,1,1,1,2,bird,0.9979
17,ConAbl+L2SP(25000),MAB_L2,MA,bird,bird_literal_1,literal,1,303,/data/bijaypandey/cuig_pilot/seq_pilot/eval/MAB_L2/images/bird_literal_1_seed303.jpg,4f3603576c202403,0.9998,1,1,1,1,bird,0.9998
17,ConAbl+L2SP(25000),MAB_L2,MA,bird,bird_literal_1,literal,1,404,/data/bijaypandey/cuig_pilot/seq_pilot/eval/MAB_L2/images/bird_literal_1_seed404.jpg,d1d5bea8a25269b6,0.9995,1,1,1,6,bird,0.9995
17,ConAbl+L2SP(25000),MAB_L2,MA,bird,bird_literal_2,literal,2,101,/data/bijaypandey/cuig_pilot/seq_pilot/eval/MAB_L2/images/bird_literal_2_seed101.jpg,9833c30374061d66,0.0000,0,0,0,0,,0.0000
17,ConAbl+L2SP(25000),MAB_L2,MA,bird,bird_literal_2,literal,2,202,/data/bijaypandey/cuig_pilot/seq_pilot/eval/MAB_L2/images/bird_literal_2_seed202.jpg,c9ad4a071a2d7398,0.9994,1,1,1,1,bird,0.9994
17,ConAbl+L2SP(25000),MAB_L2,MA,bird,bird_literal_2,literal,2,303,/data/bijaypandey/cuig_pilot/seq_pilot/eval/MAB_L2/images/bird_literal_2_seed303.jpg,1339010fca7a4011,0.0000,0,0,0,3,vase,0.5406
17,ConAbl+L2SP(25000),MAB_L2,MA,bird,bird_literal_2,literal,2,404,/data/bijaypandey/cuig_pilot/seq_pilot/eval/MAB_L2/images/bird_literal_2_seed404.jpg,92a82dd6c5160284,0.9995,1,1,1,1,bird,0.9995
17,ConAbl+L2SP(25000),MAB_L2,MA,bird,bird_literal_3,literal,3,101,/data/bijaypandey/cuig_pilot/seq_pilot/eval/MAB_L2/images/bird_literal_3_seed101.jpg,795411b4b0a6284f,0.9954,1,1,1,3,bird,0.9954
17,ConAbl+L2SP(25000),MAB_L2,MA,bird,bird_literal_3,literal,3,202,/data/bijaypandey/cuig_pilot/seq_pilot/eval/MAB_L2/images/bird_literal_3_seed202.jpg,7b4148b16cd540c6,0.9963,1,1,1,1,bird,0.9963
17,ConAbl+L2SP(25000),MAB_L2,MA,bird,bird_literal_3,literal,3,303,/data/bijaypandey/cuig_pilot/seq_pilot/eval/MAB_L2/images/bird_literal_3_seed303.jpg,08c8a0d3717b7bad,0.9846,1,1,1,7,bird,0.9846
17,ConAbl+L2SP(25000),MAB_L2,MA,bird,bird_literal_3,literal,3,404,/data/bijaypandey/cuig_pilot/seq_pilot/eval/MAB_L2/images/bird_literal_3_seed404.jpg,aa60564a75aa7583,0.9968,1,1,1,6,bird,0.9968
17,ConAbl+L2SP(25000),MAB_L2,MA,bird,bird_literal_4,literal,4,101,/data/bijaypandey/cuig_pilot/seq_pilot/eval/MAB_L2/images/bird_literal_4_seed101.jpg,b7f3e96ce4ead7c9,0.9990,1,1,1,2,bird,0.9990
17,ConAbl+L2SP(25000),MAB_L2,MA,bird,bird_literal_4,literal,4,202,/data/bijaypandey/cuig_pilot/seq_pilot/eval/MAB_L2/images/bird_literal_4_seed202.jpg,51b86bdcac517e29,0.9984,1,1,1,2,bird,0.9984
17,ConAbl+L2SP(25000),MAB_L2,MA,bird,bird_literal_4,literal,4,303,/data/bijaypandey/cuig_pilot/seq_pilot/eval/MAB_L2/images/bird_literal_4_seed303.jpg,7bc41a393bd8a344,0.4607,1,0,0,1,bird,0.4607
17,ConAbl+L2SP(25000),MAB_L2,MA,bird,bird_literal_4,literal,4,404,/data/bijaypandey/cuig_pilot/seq_pilot/eval/MAB_L2/images/bird_literal_4_seed404.jpg,5b3038b4c1358c69,0.9943,1,1,1,4,bird,0.9943
17,ConAbl+L2SP(25000),MAB_L2,MA,bird,bird_paraphrase_0,paraphrase,0,101,/data/bijaypandey/cuig_pilot/seq_pilot/eval/MAB_L2/images/bird_paraphrase_0_seed101.jpg,e61ad1aad127c69f,0.9976,1,1,1,3,bird,0.9976
17,ConAbl+L2SP(25000),MAB_L2,MA,bird,bird_paraphrase_0,paraphrase,0,202,/data/bijaypandey/cuig_pilot/seq_pilot/eval/MAB_L2/images/bird_paraphrase_0_seed202.jpg,8ff25a83e115d6bc,0.9997,1,1,1,3,bird,0.9997
17,ConAbl+L2SP(25000),MAB_L2,MA,bird,bird_paraphrase_0,paraphrase,0,303,/data/bijaypandey/cuig_pilot/seq_pilot/eval/MAB_L2/images/bird_paraphrase_0_seed303.jpg,077314ef241453e8,0.9985,1,1,1,1,bird,0.9985
17,ConAbl+L2SP(25000),MAB_L2,MA,bird,bird_paraphrase_0,paraphrase,0,404,/data/bijaypandey/cuig_pilot/seq_pilot/eval/MAB_L2/images/bird_paraphrase_0_seed404.jpg,2774bee16df8c710,0.9984,1,1,1,2,bird,0.9984
17,ConAbl+L2SP(25000),MAB_L2,MA,bird,bird_paraphrase_1,paraphrase,1,101,/data/bijaypandey/cuig_pilot/seq_pilot/eval/MAB_L2/images/bird_paraphrase_1_seed101.jpg,394a355f4899e1af,0.5840,1,1,0,8,horse,0.9556
17,ConAbl+L2SP(25000),MAB_L2,MA,bird,bird_paraphrase_1,paraphrase,1,202,/data/bijaypandey/cuig_pilot/seq_pilot/eval/MAB_L2/images/bird_paraphrase_1_seed202.jpg,aaed2acf86ff7d5c,0.9990,1,1,1,4,bird,0.9990
17,ConAbl+L2SP(25000),MAB_L2,MA,bird,bird_paraphrase_1,paraphrase,1,303,/data/bijaypandey/cuig_pilot/seq_pilot/eval/MAB_L2/images/bird_paraphrase_1_seed303.jpg,b146134ae39ca841,0.0000,0,0,0,4,horse,0.9987
17,ConAbl+L2SP(25000),MAB_L2,MA,bird,bird_paraphrase_1,paraphrase,1,404,/data/bijaypandey/cuig_pilot/seq_pilot/eval/MAB_L2/images/bird_paraphrase_1_seed404.jpg,374411dba931a5de,0.0000,0,0,0,2,horse,0.9929
17,ConAbl+L2SP(25000),MAB_L2,MA,bird,bird_paraphrase_2,paraphrase,2,101,/data/bijaypandey/cuig_pilot/seq_pilot/eval/MAB_L2/images/bird_paraphrase_2_seed101.jpg,ea53450d0409c06b,0.9973,1,1,1,1,bird,0.9973
17,ConAbl+L2SP(25000),MAB_L2,MA,bird,bird_paraphrase_2,paraphrase,2,202,/data/bijaypandey/cuig_pilot/seq_pilot/eval/MAB_L2/images/bird_paraphrase_2_seed202.jpg,5e50d70bf37bf3b4,0.2238,0,0,0,5,umbrella,0.6903
17,ConAbl+L2SP(25000),MAB_L2,MA,bird,bird_paraphrase_2,paraphrase,2,303,/data/bijaypandey/cuig_pilot/seq_pilot/eval/MAB_L2/images/bird_paraphrase_2_seed303.jpg,45061bae72633eeb,0.9975,1,1,1,5,bird,0.9975
17,ConAbl+L2SP(25000),MAB_L2,MA,bird,bird_paraphrase_2,paraphrase,2,404,/data/bijaypandey/cuig_pilot/seq_pilot/eval/MAB_L2/images/bird_paraphrase_2_seed404.jpg,c8093e15664bcdf5,0.9807,1,1,1,5,bird,0.9807
17,ConAbl+L2SP(25000),MAB_L2,MA,bird,bird_paraphrase_3,paraphrase,3,101,/data/bijaypandey/cuig_pilot/seq_pilot/eval/MAB_L2/images/bird_paraphrase_3_seed101.jpg,3f2d72ca82b56d8a,0.9982,1,1,1,82,bird,0.9982
17,ConAbl+L2SP(25000),MAB_L2,MA,bird,bird_paraphrase_3,paraphrase,3,202,/data/bijaypandey/cuig_pilot/seq_pilot/eval/MAB_L2/images/bird_paraphrase_3_seed202.jpg,4c5a25bb9db5613a,0.9973,1,1,1,35,bird,0.9973
17,ConAbl+L2SP(25000),MAB_L2,MA,bird,bird_paraphrase_3,paraphrase,3,303,/data/bijaypandey/cuig_pilot/seq_pilot/eval/MAB_L2/images/bird_paraphrase_3_seed303.jpg,3ea4b9719f4afe95,0.9992,1,1,1,11,bird,0.9992
17,ConAbl+L2SP(25000),MAB_L2,MA,bird,bird_paraphrase_3,paraphrase,3,404,/data/bijaypandey/cuig_pilot/seq_pilot/eval/MAB_L2/images/bird_paraphrase_3_seed404.jpg,45de872c4a95b6a5,0.7821,1,1,1,15,horse,0.9545
17,ConAbl+L2SP(25000),MAB_L2,MA,bird,bird_paraphrase_4,paraphrase,4,101,/data/bijaypandey/cuig_pilot/seq_pilot/eval/MAB_L2/images/bird_paraphrase_4_seed101.jpg,b7a94687b674480c,0.8943,1,1,1,6,bird,0.8943
17,ConAbl+L2SP(25000),MAB_L2,MA,bird,bird_paraphrase_4,paraphrase,4,202,/data/bijaypandey/cuig_pilot/seq_pilot/eval/MAB_L2/images/bird_paraphrase_4_seed202.jpg,172db645fd1a4258,0.9732,1,1,1,8,bird,0.9732
17,ConAbl+L2SP(25000),MAB_L2,MA,bird,bird_paraphrase_4,paraphrase,4,303,/data/bijaypandey/cuig_pilot/seq_pilot/eval/MAB_L2/images/bird_paraphrase_4_seed303.jpg,1a76218ead67832f,0.9191,1,1,1,6,bird,0.9191
17,ConAbl+L2SP(25000),MAB_L2,MA,bird,bird_paraphrase_4,paraphrase,4,404,/data/bijaypandey/cuig_pilot/seq_pilot/eval/MAB_L2/images/bird_paraphrase_4_seed404.jpg,fa70e3ed6410ec80,0.9727,1,1,1,7,bird,0.9727
17,ConAbl+L2SP(25000),MAB_L2,MA,chair,chair_literal_0,literal,0,101,/data/bijaypandey/cuig_pilot/seq_pilot/eval/MAB_L2/images/chair_literal_0_seed101.jpg,7b1105badff7e8a2,0.9995,1,1,1,9,chair,0.9995
17,ConAbl+L2SP(25000),MAB_L2,MA,chair,chair_literal_0,literal,0,202,/data/bijaypandey/cuig_pilot/seq_pilot/eval/MAB_L2/images/chair_literal_0_seed202.jpg,845bfc85b3d3c119,0.9965,1,1,1,1,chair,0.9965
17,ConAbl+L2SP(25000),MAB_L2,MA,chair,chair_literal_0,literal,0,303,/data/bijaypandey/cuig_pilot/seq_pilot/eval/MAB_L2/images/chair_literal_0_seed303.jpg,2793307fc8fe8a3c,0.9987,1,1,1,1,chair,0.9987
17,ConAbl+L2SP(25000),MAB_L2,MA,chair,chair_literal_0,literal,0,404,/data/bijaypandey/cuig_pilot/seq_pilot/eval/MAB_L2/images/chair_literal_0_seed404.jpg,c3f63c4b9b9819fd,0.9778,1,1,1,5,chair,0.9778
17,ConAbl+L2SP(25000),MAB_L2,MA,chair,chair_literal_1,literal,1,101,/data/bijaypandey/cuig_pilot/seq_pilot/eval/MAB_L2/images/chair_literal_1_seed101.jpg,5434a0da1c51aa70,0.9723,1,1,1,13,chair,0.9723
17,ConAbl+L2SP(25000),MAB_L2,MA,chair,chair_literal_1,literal,1,202,/data/bijaypandey/cuig_pilot/seq_pilot/eval/MAB_L2/images/chair_literal_1_seed202.jpg,3f43ddc66b1a4036,0.9838,1,1,1,8,chair,0.9838
17,ConAbl+L2SP(25000),MAB_L2,MA,chair,chair_literal_1,literal,1,303,/data/bijaypandey/cuig_pilot/seq_pilot/eval/MAB_L2/images/chair_literal_1_seed303.jpg,a6896ac87f685381,0.8086,1,1,1,4,chair,0.8086
17,ConAbl+L2SP(25000),MAB_L2,MA,chair,chair_literal_1,literal,1,404,/data/bijaypandey/cuig_pilot/seq_pilot/eval/MAB_L2/images/chair_literal_1_seed404.jpg,67123d652eb2b195,0.9755,1,1,1,13,chair,0.9755
17,ConAbl+L2SP(25000),MAB_L2,MA,chair,chair_literal_2,literal,2,101,/data/bijaypandey/cuig_pilot/seq_pilot/eval/MAB_L2/images/chair_literal_2_seed101.jpg,436baa622e3f11aa,0.9918,1,1,1,13,chair,0.9918
17,ConAbl+L2SP(25000),MAB_L2,MA,chair,chair_literal_2,literal,2,202,/data/bijaypandey/cuig_pilot/seq_pilot/eval/MAB_L2/images/chair_literal_2_seed202.jpg,ef5ee2896ed0f3a9,0.8652,1,1,1,5,chair,0.8652
17,ConAbl+L2SP(25000),MAB_L2,MA,chair,chair_literal_2,literal,2,303,/data/bijaypandey/cuig_pilot/seq_pilot/eval/MAB_L2/images/chair_literal_2_seed303.jpg,870617acba0c84e4,0.9988,1,1,1,19,chair,0.9988
17,ConAbl+L2SP(25000),MAB_L2,MA,chair,chair_literal_2,literal,2,404,/data/bijaypandey/cuig_pilot/seq_pilot/eval/MAB_L2/images/chair_literal_2_seed404.jpg,8affaf644d07e38d,0.9973,1,1,1,8,chair,0.9973
17,ConAbl+L2SP(25000),MAB_L2,MA,chair,chair_literal_3,literal,3,101,/data/bijaypandey/cuig_pilot/seq_pilot/eval/MAB_L2/images/chair_literal_3_seed101.jpg,ec8793d2164e1f7f,0.9593,1,1,1,8,chair,0.9593
17,ConAbl+L2SP(25000),MAB_L2,MA,chair,chair_literal_3,literal,3,202,/data/bijaypandey/cuig_pilot/seq_pilot/eval/MAB_L2/images/chair_literal_3_seed202.jpg,0486c4d0a255adf7,0.9965,1,1,1,4,chair,0.9965
17,ConAbl+L2SP(25000),MAB_L2,MA,chair,chair_literal_3,literal,3,303,/data/bijaypandey/cuig_pilot/seq_pilot/eval/MAB_L2/images/chair_literal_3_seed303.jpg,a9a6a1d1f297ed26,0.9963,1,1,1,3,chair,0.9963
17,ConAbl+L2SP(25000),MAB_L2,MA,chair,chair_literal_3,literal,3,404,/data/bijaypandey/cuig_pilot/seq_pilot/eval/MAB_L2/images/chair_literal_3_seed404.jpg,fbdf400d204dc270,0.0985,0,0,0,4,couch,0.9498
17,ConAbl+L2SP(25000),MAB_L2,MA,chair,chair_literal_4,literal,4,101,/data/bijaypandey/cuig_pilot/seq_pilot/eval/MAB_L2/images/chair_literal_4_seed101.jpg,982a03d79af5281f,0.9976,1,1,1,2,chair,0.9976
17,ConAbl+L2SP(25000),MAB_L2,MA,chair,chair_literal_4,literal,4,202,/data/bijaypandey/cuig_pilot/seq_pilot/eval/MAB_L2/images/chair_literal_4_seed202.jpg,aa43a56352c37a21,0.9857,1,1,1,8,chair,0.9857
17,ConAbl+L2SP(25000),MAB_L2,MA,chair,chair_literal_4,literal,4,303,/data/bijaypandey/cuig_pilot/seq_pilot/eval/MAB_L2/images/chair_literal_4_seed303.jpg,679dfc8f538493bc,0.9841,1,1,1,3,chair,0.9841
17,ConAbl+L2SP(25000),MAB_L2,MA,chair,chair_literal_4,literal,4,404,/data/bijaypandey/cuig_pilot/seq_pilot/eval/MAB_L2/images/chair_literal_4_seed404.jpg,337b380daa09869e,0.9976,1,1,1,3,chair,0.9976
17,ConAbl+L2SP(25000),MAB_L2,MA,chair,chair_paraphrase_0,paraphrase,0,101,/data/bijaypandey/cuig_pilot/seq_pilot/eval/MAB_L2/images/chair_paraphrase_0_seed101.jpg,3fc748f433ab7881,0.9193,1,1,1,12,chair,0.9193
17,ConAbl+L2SP(25000),MAB_L2,MA,chair,chair_paraphrase_0,paraphrase,0,202,/data/bijaypandey/cuig_pilot/seq_pilot/eval/MAB_L2/images/chair_paraphrase_0_seed202.jpg,7acb532065f57b1f,0.9923,1,1,1,7,chair,0.9923
17,ConAbl+L2SP(25000),MAB_L2,MA,chair,chair_paraphrase_0,paraphrase,0,303,/data/bijaypandey/cuig_pilot/seq_pilot/eval/MAB_L2/images/chair_paraphrase_0_seed303.jpg,e6d7d0a8490c3318,0.3714,1,0,0,13,airplane,0.4380
17,ConAbl+L2SP(25000),MAB_L2,MA,chair,chair_paraphrase_0,paraphrase,0,404,/data/bijaypandey/cuig_pilot/seq_pilot/eval/MAB_L2/images/chair_paraphrase_0_seed404.jpg,197540b84aee157f,0.9988,1,1,1,7,chair,0.9988
17,ConAbl+L2SP(25000),MAB_L2,MA,chair,chair_paraphrase_1,paraphrase,1,101,/data/bijaypandey/cuig_pilot/seq_pilot/eval/MAB_L2/images/chair_paraphrase_1_seed101.jpg,a2dc45d314bb4a79,0.9730,1,1,1,13,chair,0.9730
17,ConAbl+L2SP(25000),MAB_L2,MA,chair,chair_paraphrase_1,paraphrase,1,202,/data/bijaypandey/cuig_pilot/seq_pilot/eval/MAB_L2/images/chair_paraphrase_1_seed202.jpg,a13dd595e8b33efc,0.6540,1,1,0,12,tv,0.8965
17,ConAbl+L2SP(25000),MAB_L2,MA,chair,chair_paraphrase_1,paraphrase,1,303,/data/bijaypandey/cuig_pilot/seq_pilot/eval/MAB_L2/images/chair_paraphrase_1_seed303.jpg,966960de1069d4f1,0.8115,1,1,1,10,chair,0.8115
17,ConAbl+L2SP(25000),MAB_L2,MA,chair,chair_paraphrase_1,paraphrase,1,404,/data/bijaypandey/cuig_pilot/seq_pilot/eval/MAB_L2/images/chair_paraphrase_1_seed404.jpg,0e758064b39a9175,0.9595,1,1,1,8,chair,0.9595
17,ConAbl+L2SP(25000),MAB_L2,MA,chair,chair_paraphrase_2,paraphrase,2,101,/data/bijaypandey/cuig_pilot/seq_pilot/eval/MAB_L2/images/chair_paraphrase_2_seed101.jpg,4b57977f9748af11,0.9563,1,1,1,9,chair,0.9563
17,ConAbl+L2SP(25000),MAB_L2,MA,chair,chair_paraphrase_2,paraphrase,2,202,/data/bijaypandey/cuig_pilot/seq_pilot/eval/MAB_L2/images/chair_paraphrase_2_seed202.jpg,652056b8bc1cc0e3,0.9926,1,1,1,9,chair,0.9926
17,ConAbl+L2SP(25000),MAB_L2,MA,chair,chair_paraphrase_2,paraphrase,2,303,/data/bijaypandey/cuig_pilot/seq_pilot/eval/MAB_L2/images/chair_paraphrase_2_seed303.jpg,e1b78c6a3f45ac2b,0.9698,1,1,1,23,bottle,0.9865
17,ConAbl+L2SP(25000),MAB_L2,MA,chair,chair_paraphrase_2,paraphrase,2,404,/data/bijaypandey/cuig_pilot/seq_pilot/eval/MAB_L2/images/chair_paraphrase_2_seed404.jpg,19fee75b2df11c7c,0.9877,1,1,1,7,chair,0.9877
17,ConAbl+L2SP(25000),MAB_L2,MA,chair,chair_paraphrase_3,paraphrase,3,101,/data/bijaypandey/cuig_pilot/seq_pilot/eval/MAB_L2/images/chair_paraphrase_3_seed101.jpg,8120be42d3649286,0.4582,1,0,0,10,bench,0.5593
17,ConAbl+L2SP(25000),MAB_L2,MA,chair,chair_paraphrase_3,paraphrase,3,202,/data/bijaypandey/cuig_pilot/seq_pilot/eval/MAB_L2/images/chair_paraphrase_3_seed202.jpg,4b3d317bf325d569,0.4661,1,0,0,3,bench,0.5581
17,ConAbl+L2SP(25000),MAB_L2,MA,chair,chair_paraphrase_3,paraphrase,3,303,/data/bijaypandey/cuig_pilot/seq_pilot/eval/MAB_L2/images/chair_paraphrase_3_seed303.jpg,cdbe80e80d6aed14,0.8445,1,1,1,23,potted plant,0.9654
17,ConAbl+L2SP(25000),MAB_L2,MA,chair,chair_paraphrase_3,paraphrase,3,404,/data/bijaypandey/cuig_pilot/seq_pilot/eval/MAB_L2/images/chair_paraphrase_3_seed404.jpg,ec3aa2c07f2193c7,0.2335,0,0,0,7,bench,0.5624
17,ConAbl+L2SP(25000),MAB_L2,MA,chair,chair_paraphrase_4,paraphrase,4,101,/data/bijaypandey/cuig_pilot/seq_pilot/eval/MAB_L2/images/chair_paraphrase_4_seed101.jpg,16b30787b8c0718b,0.9977,1,1,1,9,chair,0.9977
17,ConAbl+L2SP(25000),MAB_L2,MA,chair,chair_paraphrase_4,paraphrase,4,202,/data/bijaypandey/cuig_pilot/seq_pilot/eval/MAB_L2/images/chair_paraphrase_4_seed202.jpg,201e62e309d59721,0.5711,1,1,0,7,chair,0.5711
17,ConAbl+L2SP(25000),MAB_L2,MA,chair,chair_paraphrase_4,paraphrase,4,303,/data/bijaypandey/cuig_pilot/seq_pilot/eval/MAB_L2/images/chair_paraphrase_4_seed303.jpg,c329b8d243bde4b5,0.9975,1,1,1,4,chair,0.9975
17,ConAbl+L2SP(25000),MAB_L2,MA,chair,chair_paraphrase_4,paraphrase,4,404,/data/bijaypandey/cuig_pilot/seq_pilot/eval/MAB_L2/images/chair_paraphrase_4_seed404.jpg,8234451777cdc38a,0.9009,1,1,1,7,chair,0.9009
17,ConAbl+L2SP(25000),MAB_L2,MA,bicycle,bicycle_literal_0,literal,0,101,/data/bijaypandey/cuig_pilot/seq_pilot/eval/MAB_L2/images/bicycle_literal_0_seed101.jpg,2693f4510ac4133c,0.9907,1,1,1,5,bicycle,0.9907
17,ConAbl+L2SP(25000),MAB_L2,MA,bicycle,bicycle_literal_0,literal,0,202,/data/bijaypandey/cuig_pilot/seq_pilot/eval/MAB_L2/images/bicycle_literal_0_seed202.jpg,2d952aa084be4762,0.9972,1,1,1,4,bicycle,0.9972
17,ConAbl+L2SP(25000),MAB_L2,MA,bicycle,bicycle_literal_0,literal,0,303,/data/bijaypandey/cuig_pilot/seq_pilot/eval/MAB_L2/images/bicycle_literal_0_seed303.jpg,004efc76c7c30c32,0.9959,1,1,1,1,bicycle,0.9959
17,ConAbl+L2SP(25000),MAB_L2,MA,bicycle,bicycle_literal_0,literal,0,404,/data/bijaypandey/cuig_pilot/seq_pilot/eval/MAB_L2/images/bicycle_literal_0_seed404.jpg,b2f428f00fff9f0c,0.9968,1,1,1,3,bicycle,0.9968
17,ConAbl+L2SP(25000),MAB_L2,MA,bicycle,bicycle_literal_1,literal,1,101,/data/bijaypandey/cuig_pilot/seq_pilot/eval/MAB_L2/images/bicycle_literal_1_seed101.jpg,c1dbeaa8b5a434eb,0.9958,1,1,1,26,bicycle,0.9958
17,ConAbl+L2SP(25000),MAB_L2,MA,bicycle,bicycle_literal_1,literal,1,202,/data/bijaypandey/cuig_pilot/seq_pilot/eval/MAB_L2/images/bicycle_literal_1_seed202.jpg,0269c19d31afd5f4,0.9987,1,1,1,6,bicycle,0.9987
17,ConAbl+L2SP(25000),MAB_L2,MA,bicycle,bicycle_literal_1,literal,1,303,/data/bijaypandey/cuig_pilot/seq_pilot/eval/MAB_L2/images/bicycle_literal_1_seed303.jpg,a0cb27c1dff016eb,0.9955,1,1,1,8,bicycle,0.9955
17,ConAbl+L2SP(25000),MAB_L2,MA,bicycle,bicycle_literal_1,literal,1,404,/data/bijaypandey/cuig_pilot/seq_pilot/eval/MAB_L2/images/bicycle_literal_1_seed404.jpg,13d93bed3878148d,0.9993,1,1,1,2,bicycle,0.9993
17,ConAbl+L2SP(25000),MAB_L2,MA,bicycle,bicycle_literal_2,literal,2,101,/data/bijaypandey/cuig_pilot/seq_pilot/eval/MAB_L2/images/bicycle_literal_2_seed101.jpg,34e6424c2a1d6d98,0.9941,1,1,1,5,bicycle,0.9941
17,ConAbl+L2SP(25000),MAB_L2,MA,bicycle,bicycle_literal_2,literal,2,202,/data/bijaypandey/cuig_pilot/seq_pilot/eval/MAB_L2/images/bicycle_literal_2_seed202.jpg,391a286b069badfe,0.9978,1,1,1,3,bicycle,0.9978
17,ConAbl+L2SP(25000),MAB_L2,MA,bicycle,bicycle_literal_2,literal,2,303,/data/bijaypandey/cuig_pilot/seq_pilot/eval/MAB_L2/images/bicycle_literal_2_seed303.jpg,8e92ba152d528a85,0.9994,1,1,1,1,bicycle,0.9994
17,ConAbl+L2SP(25000),MAB_L2,MA,bicycle,bicycle_literal_2,literal,2,404,/data/bijaypandey/cuig_pilot/seq_pilot/eval/MAB_L2/images/bicycle_literal_2_seed404.jpg,08716d653973cde9,0.9985,1,1,1,2,bicycle,0.9985
17,ConAbl+L2SP(25000),MAB_L2,MA,bicycle,bicycle_literal_3,literal,3,101,/data/bijaypandey/cuig_pilot/seq_pilot/eval/MAB_L2/images/bicycle_literal_3_seed101.jpg,0d2f0d34ab221c0b,0.9194,1,1,1,14,bicycle,0.9194
17,ConAbl+L2SP(25000),MAB_L2,MA,bicycle,bicycle_literal_3,literal,3,202,/data/bijaypandey/cuig_pilot/seq_pilot/eval/MAB_L2/images/bicycle_literal_3_seed202.jpg,66413cb36cfaf50f,0.9788,1,1,1,4,bicycle,0.9788
17,ConAbl+L2SP(25000),MAB_L2,MA,bicycle,bicycle_literal_3,literal,3,303,/data/bijaypandey/cuig_pilot/seq_pilot/eval/MAB_L2/images/bicycle_literal_3_seed303.jpg,93c256e2df4084f6,0.9960,1,1,1,15,bicycle,0.9960
17,ConAbl+L2SP(25000),MAB_L2,MA,bicycle,bicycle_literal_3,literal,3,404,/data/bijaypandey/cuig_pilot/seq_pilot/eval/MAB_L2/images/bicycle_literal_3_seed404.jpg,6ecb93f5f9017922,0.4137,1,0,0,5,chair,0.4459
17,ConAbl+L2SP(25000),MAB_L2,MA,bicycle,bicycle_literal_4,literal,4,101,/data/bijaypandey/cuig_pilot/seq_pilot/eval/MAB_L2/images/bicycle_literal_4_seed101.jpg,e054e6f14e9779bd,0.9984,1,1,1,3,bicycle,0.9984
17,ConAbl+L2SP(25000),MAB_L2,MA,bicycle,bicycle_literal_4,literal,4,202,/data/bijaypandey/cuig_pilot/seq_pilot/eval/MAB_L2/images/bicycle_literal_4_seed202.jpg,f19aa605e8bbe5da,0.9984,1,1,1,5,bicycle,0.9984
17,ConAbl+L2SP(25000),MAB_L2,MA,bicycle,bicycle_literal_4,literal,4,303,/data/bijaypandey/cuig_pilot/seq_pilot/eval/MAB_L2/images/bicycle_literal_4_seed303.jpg,de98f1b83aaafca8,0.9963,1,1,1,5,bicycle,0.9963
17,ConAbl+L2SP(25000),MAB_L2,MA,bicycle,bicycle_literal_4,literal,4,404,/data/bijaypandey/cuig_pilot/seq_pilot/eval/MAB_L2/images/bicycle_literal_4_seed404.jpg,7f0c22bfcbbcd798,0.9956,1,1,1,39,bicycle,0.9956
17,ConAbl+L2SP(25000),MAB_L2,MA,bicycle,bicycle_paraphrase_0,paraphrase,0,101,/data/bijaypandey/cuig_pilot/seq_pilot/eval/MAB_L2/images/bicycle_paraphrase_0_seed101.jpg,9aa8835cc8eec987,0.9828,1,1,1,10,person,0.9988
17,ConAbl+L2SP(25000),MAB_L2,MA,bicycle,bicycle_paraphrase_0,paraphrase,0,202,/data/bijaypandey/cuig_pilot/seq_pilot/eval/MAB_L2/images/bicycle_paraphrase_0_seed202.jpg,d789a1aad0db2f51,0.9958,1,1,1,8,bicycle,0.9958
17,ConAbl+L2SP(25000),MAB_L2,MA,bicycle,bicycle_paraphrase_0,paraphrase,0,303,/data/bijaypandey/cuig_pilot/seq_pilot/eval/MAB_L2/images/bicycle_paraphrase_0_seed303.jpg,93626ef9214f4cab,0.9924,1,1,1,12,person,0.9977
17,ConAbl+L2SP(25000),MAB_L2,MA,bicycle,bicycle_paraphrase_0,paraphrase,0,404,/data/bijaypandey/cuig_pilot/seq_pilot/eval/MAB_L2/images/bicycle_paraphrase_0_seed404.jpg,082f8ca8a59d0da7,0.9895,1,1,1,6,person,0.9979
17,ConAbl+L2SP(25000),MAB_L2,MA,bicycle,bicycle_paraphrase_1,paraphrase,1,101,/data/bijaypandey/cuig_pilot/seq_pilot/eval/MAB_L2/images/bicycle_paraphrase_1_seed101.jpg,2260f1f728a4938a,0.9972,1,1,1,13,bicycle,0.9972
17,ConAbl+L2SP(25000),MAB_L2,MA,bicycle,bicycle_paraphrase_1,paraphrase,1,202,/data/bijaypandey/cuig_pilot/seq_pilot/eval/MAB_L2/images/bicycle_paraphrase_1_seed202.jpg,9fd5d1c01bbc7752,0.9980,1,1,1,26,bicycle,0.9980
17,ConAbl+L2SP(25000),MAB_L2,MA,bicycle,bicycle_paraphrase_1,paraphrase,1,303,/data/bijaypandey/cuig_pilot/seq_pilot/eval/MAB_L2/images/bicycle_paraphrase_1_seed303.jpg,d490f710f5f63a74,0.9962,1,1,1,5,bicycle,0.9962
17,ConAbl+L2SP(25000),MAB_L2,MA,bicycle,bicycle_paraphrase_1,paraphrase,1,404,/data/bijaypandey/cuig_pilot/seq_pilot/eval/MAB_L2/images/bicycle_paraphrase_1_seed404.jpg,6488de41c341c53b,0.9963,1,1,1,3,bicycle,0.9963
17,ConAbl+L2SP(25000),MAB_L2,MA,bicycle,bicycle_paraphrase_2,paraphrase,2,101,/data/bijaypandey/cuig_pilot/seq_pilot/eval/MAB_L2/images/bicycle_paraphrase_2_seed101.jpg,7d9314f57a366367,0.9817,1,1,1,15,person,0.9997
17,ConAbl+L2SP(25000),MAB_L2,MA,bicycle,bicycle_paraphrase_2,paraphrase,2,202,/data/bijaypandey/cuig_pilot/seq_pilot/eval/MAB_L2/images/bicycle_paraphrase_2_seed202.jpg,c15b24625d655c37,0.9896,1,1,1,7,person,0.9997
17,ConAbl+L2SP(25000),MAB_L2,MA,bicycle,bicycle_paraphrase_2,paraphrase,2,303,/data/bijaypandey/cuig_pilot/seq_pilot/eval/MAB_L2/images/bicycle_paraphrase_2_seed303.jpg,6d1f4df4adc17264,0.9647,1,1,1,5,bicycle,0.9647
17,ConAbl+L2SP(25000),MAB_L2,MA,bicycle,bicycle_paraphrase_2,paraphrase,2,404,/data/bijaypandey/cuig_pilot/seq_pilot/eval/MAB_L2/images/bicycle_paraphrase_2_seed404.jpg,05b2306c2d22fb84,0.9833,1,1,1,10,person,0.9988
17,ConAbl+L2SP(25000),MAB_L2,MA,bicycle,bicycle_paraphrase_3,paraphrase,3,101,/data/bijaypandey/cuig_pilot/seq_pilot/eval/MAB_L2/images/bicycle_paraphrase_3_seed101.jpg,e11e86d79e0f6b8d,0.9983,1,1,1,4,bicycle,0.9983
17,ConAbl+L2SP(25000),MAB_L2,MA,bicycle,bicycle_paraphrase_3,paraphrase,3,202,/data/bijaypandey/cuig_pilot/seq_pilot/eval/MAB_L2/images/bicycle_paraphrase_3_seed202.jpg,8983b5d85758d7a6,0.9978,1,1,1,6,bicycle,0.9978
17,ConAbl+L2SP(25000),MAB_L2,MA,bicycle,bicycle_paraphrase_3,paraphrase,3,303,/data/bijaypandey/cuig_pilot/seq_pilot/eval/MAB_L2/images/bicycle_paraphrase_3_seed303.jpg,dd08d3eb895e007c,0.9976,1,1,1,6,bicycle,0.9976
17,ConAbl+L2SP(25000),MAB_L2,MA,bicycle,bicycle_paraphrase_3,paraphrase,3,404,/data/bijaypandey/cuig_pilot/seq_pilot/eval/MAB_L2/images/bicycle_paraphrase_3_seed404.jpg,78ec037bec89d990,0.9981,1,1,1,7,bicycle,0.9981
17,ConAbl+L2SP(25000),MAB_L2,MA,bicycle,bicycle_paraphrase_4,paraphrase,4,101,/data/bijaypandey/cuig_pilot/seq_pilot/eval/MAB_L2/images/bicycle_paraphrase_4_seed101.jpg,26df493f4e1a9287,0.8517,1,1,1,3,bicycle,0.8517
17,ConAbl+L2SP(25000),MAB_L2,MA,bicycle,bicycle_paraphrase_4,paraphrase,4,202,/data/bijaypandey/cuig_pilot/seq_pilot/eval/MAB_L2/images/bicycle_paraphrase_4_seed202.jpg,4991baf1ab72e985,0.0000,0,0,0,23,tie,0.5131
17,ConAbl+L2SP(25000),MAB_L2,MA,bicycle,bicycle_paraphrase_4,paraphrase,4,303,/data/bijaypandey/cuig_pilot/seq_pilot/eval/MAB_L2/images/bicycle_paraphrase_4_seed303.jpg,f37d75a5aaed8983,0.1404,0,0,0,5,umbrella,0.4220
17,ConAbl+L2SP(25000),MAB_L2,MA,bicycle,bicycle_paraphrase_4,paraphrase,4,404,/data/bijaypandey/cuig_pilot/seq_pilot/eval/MAB_L2/images/bicycle_paraphrase_4_seed404.jpg,432be3d3d26be9ba,0.9950,1,1,1,3,bicycle,0.9950
17,ConAbl+L2SP(25000),MAC_L2,MA,cat,cat_literal_0,literal,0,101,/data/bijaypandey/cuig_pilot/seq_pilot/eval/MAC_L2/images/cat_literal_0_seed101.jpg,3ec7a9c5ea0550c2,0.0000,0,0,0,3,horse,0.9924
17,ConAbl+L2SP(25000),MAC_L2,MA,cat,cat_literal_0,literal,0,202,/data/bijaypandey/cuig_pilot/seq_pilot/eval/MAC_L2/images/cat_literal_0_seed202.jpg,dc816774ed3c5d4c,0.9963,1,1,1,3,cat,0.9963
17,ConAbl+L2SP(25000),MAC_L2,MA,cat,cat_literal_0,literal,0,303,/data/bijaypandey/cuig_pilot/seq_pilot/eval/MAC_L2/images/cat_literal_0_seed303.jpg,af3cf0b0bd84e1fe,0.0000,0,0,0,2,horse,0.9998
17,ConAbl+L2SP(25000),MAC_L2,MA,cat,cat_literal_0,literal,0,404,/data/bijaypandey/cuig_pilot/seq_pilot/eval/MAC_L2/images/cat_literal_0_seed404.jpg,b20410dce848a3d1,0.0000,0,0,0,9,bench,0.8487
17,ConAbl+L2SP(25000),MAC_L2,MA,cat,cat_literal_1,literal,1,101,/data/bijaypandey/cuig_pilot/seq_pilot/eval/MAC_L2/images/cat_literal_1_seed101.jpg,4428ef34dc3f3f92,0.2157,0,0,0,8,horse,0.9390
17,ConAbl+L2SP(25000),MAC_L2,MA,cat,cat_literal_1,literal,1,202,/data/bijaypandey/cuig_pilot/seq_pilot/eval/MAC_L2/images/cat_literal_1_seed202.jpg,8ea64775a9e2d2c8,0.0000,0,0,0,2,horse,0.9857
17,ConAbl+L2SP(25000),MAC_L2,MA,cat,cat_literal_1,literal,1,303,/data/bijaypandey/cuig_pilot/seq_pilot/eval/MAC_L2/images/cat_literal_1_seed303.jpg,7c8e518ef64da621,0.9347,1,1,1,16,cat,0.9347
17,ConAbl+L2SP(25000),MAC_L2,MA,cat,cat_literal_1,literal,1,404,/data/bijaypandey/cuig_pilot/seq_pilot/eval/MAC_L2/images/cat_literal_1_seed404.jpg,e35e334e10543552,0.0000,0,0,0,3,horse,0.9528
17,ConAbl+L2SP(25000),MAC_L2,MA,cat,cat_literal_2,literal,2,101,/data/bijaypandey/cuig_pilot/seq_pilot/eval/MAC_L2/images/cat_literal_2_seed101.jpg,76f7ca0fc107bb20,0.0526,0,0,0,6,horse,0.9557
17,ConAbl+L2SP(25000),MAC_L2,MA,cat,cat_literal_2,literal,2,202,/data/bijaypandey/cuig_pilot/seq_pilot/eval/MAC_L2/images/cat_literal_2_seed202.jpg,dc2c8cc69232b7ed,0.0521,0,0,0,9,horse,0.8042
17,ConAbl+L2SP(25000),MAC_L2,MA,cat,cat_literal_2,literal,2,303,/data/bijaypandey/cuig_pilot/seq_pilot/eval/MAC_L2/images/cat_literal_2_seed303.jpg,806a071a93340966,0.0000,0,0,0,4,horse,0.9867
17,ConAbl+L2SP(25000),MAC_L2,MA,cat,cat_literal_2,literal,2,404,/data/bijaypandey/cuig_pilot/seq_pilot/eval/MAC_L2/images/cat_literal_2_seed404.jpg,fe5f34359057ffda,0.0000,0,0,0,6,horse,0.9744
17,ConAbl+L2SP(25000),MAC_L2,MA,cat,cat_literal_3,literal,3,101,/data/bijaypandey/cuig_pilot/seq_pilot/eval/MAC_L2/images/cat_literal_3_seed101.jpg,9a4f21aa7dd04a18,0.9724,1,1,1,19,cat,0.9724
17,ConAbl+L2SP(25000),MAC_L2,MA,cat,cat_literal_3,literal,3,202,/data/bijaypandey/cuig_pilot/seq_pilot/eval/MAC_L2/images/cat_literal_3_seed202.jpg,501b52717388c291,0.4006,1,0,0,19,dog,0.9088
17,ConAbl+L2SP(25000),MAC_L2,MA,cat,cat_literal_3,literal,3,303,/data/bijaypandey/cuig_pilot/seq_pilot/eval/MAC_L2/images/cat_literal_3_seed303.jpg,a3958243a6ec5586,0.9050,1,1,1,18,cat,0.9050
17,ConAbl+L2SP(25000),MAC_L2,MA,cat,cat_literal_3,literal,3,404,/data/bijaypandey/cuig_pilot/seq_pilot/eval/MAC_L2/images/cat_literal_3_seed404.jpg,eae3e9b8d9d77af9,0.0000,0,0,0,15,horse,0.9575
17,ConAbl+L2SP(25000),MAC_L2,MA,cat,cat_literal_4,literal,4,101,/data/bijaypandey/cuig_pilot/seq_pilot/eval/MAC_L2/images/cat_literal_4_seed101.jpg,aca49a72721b5cac,0.0000,0,0,0,5,horse,0.9995
17,ConAbl+L2SP(25000),MAC_L2,MA,cat,cat_literal_4,literal,4,202,/data/bijaypandey/cuig_pilot/seq_pilot/eval/MAC_L2/images/cat_literal_4_seed202.jpg,af7e4fc143d2d4de,0.0000,0,0,0,1,horse,0.9996
17,ConAbl+L2SP(25000),MAC_L2,MA,cat,cat_literal_4,literal,4,303,/data/bijaypandey/cuig_pilot/seq_pilot/eval/MAC_L2/images/cat_literal_4_seed303.jpg,a5d6ed8c92577c1b,0.0000,0,0,0,2,horse,0.9991
17,ConAbl+L2SP(25000),MAC_L2,MA,cat,cat_literal_4,literal,4,404,/data/bijaypandey/cuig_pilot/seq_pilot/eval/MAC_L2/images/cat_literal_4_seed404.jpg,633cec11d9a66f03,0.0000,0,0,0,1,horse,0.9996
17,ConAbl+L2SP(25000),MAC_L2,MA,cat,cat_paraphrase_0,paraphrase,0,101,/data/bijaypandey/cuig_pilot/seq_pilot/eval/MAC_L2/images/cat_paraphrase_0_seed101.jpg,d953a268f0fbe90f,0.0000,0,0,0,2,horse,0.9982
17,ConAbl+L2SP(25000),MAC_L2,MA,cat,cat_paraphrase_0,paraphrase,0,202,/data/bijaypandey/cuig_pilot/seq_pilot/eval/MAC_L2/images/cat_paraphrase_0_seed202.jpg,7fa08fc70e7630e3,0.0000,0,0,0,4,horse,0.9943
17,ConAbl+L2SP(25000),MAC_L2,MA,cat,cat_paraphrase_0,paraphrase,0,303,/data/bijaypandey/cuig_pilot/seq_pilot/eval/MAC_L2/images/cat_paraphrase_0_seed303.jpg,9f3ce18e49527b74,0.0000,0,0,0,4,horse,0.9983
17,ConAbl+L2SP(25000),MAC_L2,MA,cat,cat_paraphrase_0,paraphrase,0,404,/data/bijaypandey/cuig_pilot/seq_pilot/eval/MAC_L2/images/cat_paraphrase_0_seed404.jpg,711845f52ac111e3,0.0000,0,0,0,2,horse,0.9954
17,ConAbl+L2SP(25000),MAC_L2,MA,cat,cat_paraphrase_1,paraphrase,1,101,/data/bijaypandey/cuig_pilot/seq_pilot/eval/MAC_L2/images/cat_paraphrase_1_seed101.jpg,cba2bbd6d8e4f648,0.9606,1,1,1,5,cat,0.9606
17,ConAbl+L2SP(25000),MAC_L2,MA,cat,cat_paraphrase_1,paraphrase,1,202,/data/bijaypandey/cuig_pilot/seq_pilot/eval/MAC_L2/images/cat_paraphrase_1_seed202.jpg,5d01007e5121375a,0.9953,1,1,1,4,cat,0.9953
17,ConAbl+L2SP(25000),MAC_L2,MA,cat,cat_paraphrase_1,paraphrase,1,303,/data/bijaypandey/cuig_pilot/seq_pilot/eval/MAC_L2/images/cat_paraphrase_1_seed303.jpg,cd494a16a6420132,0.9502,1,1,1,2,cat,0.9502
17,ConAbl+L2SP(25000),MAC_L2,MA,cat,cat_paraphrase_1,paraphrase,1,404,/data/bijaypandey/cuig_pilot/seq_pilot/eval/MAC_L2/images/cat_paraphrase_1_seed404.jpg,5dc612c75827203f,0.9972,1,1,1,5,cat,0.9972
17,ConAbl+L2SP(25000),MAC_L2,MA,cat,cat_paraphrase_2,paraphrase,2,101,/data/bijaypandey/cuig_pilot/seq_pilot/eval/MAC_L2/images/cat_paraphrase_2_seed101.jpg,531520a64e23eb3d,0.9967,1,1,1,10,cat,0.9967
17,ConAbl+L2SP(25000),MAC_L2,MA,cat,cat_paraphrase_2,paraphrase,2,202,/data/bijaypandey/cuig_pilot/seq_pilot/eval/MAC_L2/images/cat_paraphrase_2_seed202.jpg,192d3d6b70e9c881,0.9936,1,1,1,6,cat,0.9936
17,ConAbl+L2SP(25000),MAC_L2,MA,cat,cat_paraphrase_2,paraphrase,2,303,/data/bijaypandey/cuig_pilot/seq_pilot/eval/MAC_L2/images/cat_paraphrase_2_seed303.jpg,5566d14129b03278,0.9914,1,1,1,7,cat,0.9914
17,ConAbl+L2SP(25000),MAC_L2,MA,cat,cat_paraphrase_2,paraphrase,2,404,/data/bijaypandey/cuig_pilot/seq_pilot/eval/MAC_L2/images/cat_paraphrase_2_seed404.jpg,832782a2922b2619,0.0000,0,0,0,6,horse,0.9667
17,ConAbl+L2SP(25000),MAC_L2,MA,cat,cat_paraphrase_3,paraphrase,3,101,/data/bijaypandey/cuig_pilot/seq_pilot/eval/MAC_L2/images/cat_paraphrase_3_seed101.jpg,2b66983085df85dd,0.0000,0,0,0,5,horse,0.9940
17,ConAbl+L2SP(25000),MAC_L2,MA,cat,cat_paraphrase_3,paraphrase,3,202,/data/bijaypandey/cuig_pilot/seq_pilot/eval/MAC_L2/images/cat_paraphrase_3_seed202.jpg,6d92d87ea9357ce0,0.0000,0,0,0,4,horse,0.9984
17,ConAbl+L2SP(25000),MAC_L2,MA,cat,cat_paraphrase_3,paraphrase,3,303,/data/bijaypandey/cuig_pilot/seq_pilot/eval/MAC_L2/images/cat_paraphrase_3_seed303.jpg,d6b8a19d9b7fe143,0.0000,0,0,0,4,horse,0.9995
17,ConAbl+L2SP(25000),MAC_L2,MA,cat,cat_paraphrase_3,paraphrase,3,404,/data/bijaypandey/cuig_pilot/seq_pilot/eval/MAC_L2/images/cat_paraphrase_3_seed404.jpg,a90f7ee83e6dda01,0.0000,0,0,0,1,horse,0.9979
17,ConAbl+L2SP(25000),MAC_L2,MA,cat,cat_paraphrase_4,paraphrase,4,101,/data/bijaypandey/cuig_pilot/seq_pilot/eval/MAC_L2/images/cat_paraphrase_4_seed101.jpg,d326d5d45cc41ceb,0.8660,1,1,1,6,cat,0.8660
17,ConAbl+L2SP(25000),MAC_L2,MA,cat,cat_paraphrase_4,paraphrase,4,202,/data/bijaypandey/cuig_pilot/seq_pilot/eval/MAC_L2/images/cat_paraphrase_4_seed202.jpg,286080952291488a,0.0000,0,0,0,2,horse,0.9981
17,ConAbl+L2SP(25000),MAC_L2,MA,cat,cat_paraphrase_4,paraphrase,4,303,/data/bijaypandey/cuig_pilot/seq_pilot/eval/MAC_L2/images/cat_paraphrase_4_seed303.jpg,d218c69870816058,0.0000,0,0,0,2,horse,0.9660
17,ConAbl+L2SP(25000),MAC_L2,MA,cat,cat_paraphrase_4,paraphrase,4,404,/data/bijaypandey/cuig_pilot/seq_pilot/eval/MAC_L2/images/cat_paraphrase_4_seed404.jpg,85d3623b1b007639,0.6283,1,1,0,10,horse,0.9656
17,ConAbl+L2SP(25000),MAC_L2,MA,dog,dog_literal_0,literal,0,101,/data/bijaypandey/cuig_pilot/seq_pilot/eval/MAC_L2/images/dog_literal_0_seed101.jpg,f922e717ceff20ca,0.9997,1,1,1,1,dog,0.9997
17,ConAbl+L2SP(25000),MAC_L2,MA,dog,dog_literal_0,literal,0,202,/data/bijaypandey/cuig_pilot/seq_pilot/eval/MAC_L2/images/dog_literal_0_seed202.jpg,dd1cb4942d4453f5,0.9990,1,1,1,1,dog,0.9990
17,ConAbl+L2SP(25000),MAC_L2,MA,dog,dog_literal_0,literal,0,303,/data/bijaypandey/cuig_pilot/seq_pilot/eval/MAC_L2/images/dog_literal_0_seed303.jpg,cab7ef025a4ea34b,0.9503,1,1,1,4,dog,0.9503
17,ConAbl+L2SP(25000),MAC_L2,MA,dog,dog_literal_0,literal,0,404,/data/bijaypandey/cuig_pilot/seq_pilot/eval/MAC_L2/images/dog_literal_0_seed404.jpg,f862b1f4e2bb42b8,0.0000,0,0,0,0,,0.0000
17,ConAbl+L2SP(25000),MAC_L2,MA,dog,dog_literal_1,literal,1,101,/data/bijaypandey/cuig_pilot/seq_pilot/eval/MAC_L2/images/dog_literal_1_seed101.jpg,494ac18bd329a036,0.9899,1,1,1,2,dog,0.9899
17,ConAbl+L2SP(25000),MAC_L2,MA,dog,dog_literal_1,literal,1,202,/data/bijaypandey/cuig_pilot/seq_pilot/eval/MAC_L2/images/dog_literal_1_seed202.jpg,5078bdb497b9bf5d,0.9969,1,1,1,2,dog,0.9969
17,ConAbl+L2SP(25000),MAC_L2,MA,dog,dog_literal_1,literal,1,303,/data/bijaypandey/cuig_pilot/seq_pilot/eval/MAC_L2/images/dog_literal_1_seed303.jpg,fc8c71a8a03fb1a9,0.9810,1,1,1,12,couch,0.9814
17,ConAbl+L2SP(25000),MAC_L2,MA,dog,dog_literal_1,literal,1,404,/data/bijaypandey/cuig_pilot/seq_pilot/eval/MAC_L2/images/dog_literal_1_seed404.jpg,4646d07a16374db0,0.9977,1,1,1,23,dog,0.9977
17,ConAbl+L2SP(25000),MAC_L2,MA,dog,dog_literal_2,literal,2,101,/data/bijaypandey/cuig_pilot/seq_pilot/eval/MAC_L2/images/dog_literal_2_seed101.jpg,f16df430934654da,0.7743,1,1,1,7,dog,0.7743
17,ConAbl+L2SP(25000),MAC_L2,MA,dog,dog_literal_2,literal,2,202,/data/bijaypandey/cuig_pilot/seq_pilot/eval/MAC_L2/images/dog_literal_2_seed202.jpg,531d81b73f6c23e9,0.9924,1,1,1,2,dog,0.9924
17,ConAbl+L2SP(25000),MAC_L2,MA,dog,dog_literal_2,literal,2,303,/data/bijaypandey/cuig_pilot/seq_pilot/eval/MAC_L2/images/dog_literal_2_seed303.jpg,ce5e0dbc9139ffa4,0.9786,1,1,1,3,dog,0.9786
17,ConAbl+L2SP(25000),MAC_L2,MA,dog,dog_literal_2,literal,2,404,/data/bijaypandey/cuig_pilot/seq_pilot/eval/MAC_L2/images/dog_literal_2_seed404.jpg,b915470327bbb850,0.9442,1,1,1,8,dog,0.9442
17,ConAbl+L2SP(25000),MAC_L2,MA,dog,dog_literal_3,literal,3,101,/data/bijaypandey/cuig_pilot/seq_pilot/eval/MAC_L2/images/dog_literal_3_seed101.jpg,4bf74ef0c69d9779,0.9994,1,1,1,4,dog,0.9994
17,ConAbl+L2SP(25000),MAC_L2,MA,dog,dog_literal_3,literal,3,202,/data/bijaypandey/cuig_pilot/seq_pilot/eval/MAC_L2/images/dog_literal_3_seed202.jpg,892c12083ba23e8b,0.9994,1,1,1,4,dog,0.9994
17,ConAbl+L2SP(25000),MAC_L2,MA,dog,dog_literal_3,literal,3,303,/data/bijaypandey/cuig_pilot/seq_pilot/eval/MAC_L2/images/dog_literal_3_seed303.jpg,b8b5e3460bb7251d,0.9982,1,1,1,4,dog,0.9982
17,ConAbl+L2SP(25000),MAC_L2,MA,dog,dog_literal_3,literal,3,404,/data/bijaypandey/cuig_pilot/seq_pilot/eval/MAC_L2/images/dog_literal_3_seed404.jpg,663463c047e838c8,0.9985,1,1,1,1,dog,0.9985
17,ConAbl+L2SP(25000),MAC_L2,MA,dog,dog_literal_4,literal,4,101,/data/bijaypandey/cuig_pilot/seq_pilot/eval/MAC_L2/images/dog_literal_4_seed101.jpg,d7b7eee57c678b45,0.9996,1,1,1,2,dog,0.9996
17,ConAbl+L2SP(25000),MAC_L2,MA,dog,dog_literal_4,literal,4,202,/data/bijaypandey/cuig_pilot/seq_pilot/eval/MAC_L2/images/dog_literal_4_seed202.jpg,b5046fcf902a46a2,0.9995,1,1,1,6,dog,0.9995
17,ConAbl+L2SP(25000),MAC_L2,MA,dog,dog_literal_4,literal,4,303,/data/bijaypandey/cuig_pilot/seq_pilot/eval/MAC_L2/images/dog_literal_4_seed303.jpg,a400591fb6fb2bc4,0.9956,1,1,1,5,dog,0.9956
17,ConAbl+L2SP(25000),MAC_L2,MA,dog,dog_literal_4,literal,4,404,/data/bijaypandey/cuig_pilot/seq_pilot/eval/MAC_L2/images/dog_literal_4_seed404.jpg,82cb9dfec08321b7,0.9990,1,1,1,2,dog,0.9990
17,ConAbl+L2SP(25000),MAC_L2,MA,dog,dog_paraphrase_0,paraphrase,0,101,/data/bijaypandey/cuig_pilot/seq_pilot/eval/MAC_L2/images/dog_paraphrase_0_seed101.jpg,93a728132c43bacd,0.9991,1,1,1,1,dog,0.9991
17,ConAbl+L2SP(25000),MAC_L2,MA,dog,dog_paraphrase_0,paraphrase,0,202,/data/bijaypandey/cuig_pilot/seq_pilot/eval/MAC_L2/images/dog_paraphrase_0_seed202.jpg,30ff530bfe70c94f,0.9926,1,1,1,29,person,0.9998
17,ConAbl+L2SP(25000),MAC_L2,MA,dog,dog_paraphrase_0,paraphrase,0,303,/data/bijaypandey/cuig_pilot/seq_pilot/eval/MAC_L2/images/dog_paraphrase_0_seed303.jpg,1bad95b2fc696ba9,0.9995,1,1,1,5,dog,0.9995
17,ConAbl+L2SP(25000),MAC_L2,MA,dog,dog_paraphrase_0,paraphrase,0,404,/data/bijaypandey/cuig_pilot/seq_pilot/eval/MAC_L2/images/dog_paraphrase_0_seed404.jpg,f3cd180b41d85611,0.9991,1,1,1,44,dog,0.9991
17,ConAbl+L2SP(25000),MAC_L2,MA,dog,dog_paraphrase_1,paraphrase,1,101,/data/bijaypandey/cuig_pilot/seq_pilot/eval/MAC_L2/images/dog_paraphrase_1_seed101.jpg,3216a2bcf8189dce,0.9989,1,1,1,3,dog,0.9989
17,ConAbl+L2SP(25000),MAC_L2,MA,dog,dog_paraphrase_1,paraphrase,1,202,/data/bijaypandey/cuig_pilot/seq_pilot/eval/MAC_L2/images/dog_paraphrase_1_seed202.jpg,1122c61fc8d39941,0.9983,1,1,1,4,dog,0.9983
17,ConAbl+L2SP(25000),MAC_L2,MA,dog,dog_paraphrase_1,paraphrase,1,303,/data/bijaypandey/cuig_pilot/seq_pilot/eval/MAC_L2/images/dog_paraphrase_1_seed303.jpg,2e32e13f6f2d6975,0.9367,1,1,1,14,person,0.9952
17,ConAbl+L2SP(25000),MAC_L2,MA,dog,dog_paraphrase_1,paraphrase,1,404,/data/bijaypandey/cuig_pilot/seq_pilot/eval/MAC_L2/images/dog_paraphrase_1_seed404.jpg,acb476ea4050f288,0.0000,0,0,0,15,person,0.9997
17,ConAbl+L2SP(25000),MAC_L2,MA,dog,dog_paraphrase_2,paraphrase,2,101,/data/bijaypandey/cuig_pilot/seq_pilot/eval/MAC_L2/images/dog_paraphrase_2_seed101.jpg,b3fa8150c37786a1,0.9878,1,1,1,4,dog,0.9878
17,ConAbl+L2SP(25000),MAC_L2,MA,dog,dog_paraphrase_2,paraphrase,2,202,/data/bijaypandey/cuig_pilot/seq_pilot/eval/MAC_L2/images/dog_paraphrase_2_seed202.jpg,77ee108ea61bedc6,0.9929,1,1,1,3,dog,0.9929
17,ConAbl+L2SP(25000),MAC_L2,MA,dog,dog_paraphrase_2,paraphrase,2,303,/data/bijaypandey/cuig_pilot/seq_pilot/eval/MAC_L2/images/dog_paraphrase_2_seed303.jpg,58589ee62ba9ed33,0.9985,1,1,1,2,dog,0.9985
17,ConAbl+L2SP(25000),MAC_L2,MA,dog,dog_paraphrase_2,paraphrase,2,404,/data/bijaypandey/cuig_pilot/seq_pilot/eval/MAC_L2/images/dog_paraphrase_2_seed404.jpg,b80552c3dbb1e3e9,0.9952,1,1,1,5,dog,0.9952
17,ConAbl+L2SP(25000),MAC_L2,MA,dog,dog_paraphrase_3,paraphrase,3,101,/data/bijaypandey/cuig_pilot/seq_pilot/eval/MAC_L2/images/dog_paraphrase_3_seed101.jpg,913a50749aafc960,0.9947,1,1,1,1,dog,0.9947
17,ConAbl+L2SP(25000),MAC_L2,MA,dog,dog_paraphrase_3,paraphrase,3,202,/data/bijaypandey/cuig_pilot/seq_pilot/eval/MAC_L2/images/dog_paraphrase_3_seed202.jpg,cd1d575050f96296,0.9924,1,1,1,2,dog,0.9924
17,ConAbl+L2SP(25000),MAC_L2,MA,dog,dog_paraphrase_3,paraphrase,3,303,/data/bijaypandey/cuig_pilot/seq_pilot/eval/MAC_L2/images/dog_paraphrase_3_seed303.jpg,d81d3032694a47d6,0.9892,1,1,1,4,dog,0.9892
17,ConAbl+L2SP(25000),MAC_L2,MA,dog,dog_paraphrase_3,paraphrase,3,404,/data/bijaypandey/cuig_pilot/seq_pilot/eval/MAC_L2/images/dog_paraphrase_3_seed404.jpg,d7b326cc6569bbf5,0.9923,1,1,1,7,dog,0.9923
17,ConAbl+L2SP(25000),MAC_L2,MA,dog,dog_paraphrase_4,paraphrase,4,101,/data/bijaypandey/cuig_pilot/seq_pilot/eval/MAC_L2/images/dog_paraphrase_4_seed101.jpg,48968c0906b506a6,0.9971,1,1,1,7,dog,0.9971
17,ConAbl+L2SP(25000),MAC_L2,MA,dog,dog_paraphrase_4,paraphrase,4,202,/data/bijaypandey/cuig_pilot/seq_pilot/eval/MAC_L2/images/dog_paraphrase_4_seed202.jpg,8d05d0303f28f0ed,0.9995,1,1,1,1,dog,0.9995
17,ConAbl+L2SP(25000),MAC_L2,MA,dog,dog_paraphrase_4,paraphrase,4,303,/data/bijaypandey/cuig_pilot/seq_pilot/eval/MAC_L2/images/dog_paraphrase_4_seed303.jpg,cd2a1657d00b634b,0.9972,1,1,1,3,dog,0.9972
17,ConAbl+L2SP(25000),MAC_L2,MA,dog,dog_paraphrase_4,paraphrase,4,404,/data/bijaypandey/cuig_pilot/seq_pilot/eval/MAC_L2/images/dog_paraphrase_4_seed404.jpg,d0edb0befdfbeb71,0.9994,1,1,1,4,dog,0.9994
17,ConAbl+L2SP(25000),MAC_L2,MA,sandwich,sandwich_literal_0,literal,0,101,/data/bijaypandey/cuig_pilot/seq_pilot/eval/MAC_L2/images/sandwich_literal_0_seed101.jpg,14426950200dd3ec,0.9914,1,1,1,20,sandwich,0.9914
17,ConAbl+L2SP(25000),MAC_L2,MA,sandwich,sandwich_literal_0,literal,0,202,/data/bijaypandey/cuig_pilot/seq_pilot/eval/MAC_L2/images/sandwich_literal_0_seed202.jpg,2fe37d75362f7db3,0.9947,1,1,1,7,sandwich,0.9947
17,ConAbl+L2SP(25000),MAC_L2,MA,sandwich,sandwich_literal_0,literal,0,303,/data/bijaypandey/cuig_pilot/seq_pilot/eval/MAC_L2/images/sandwich_literal_0_seed303.jpg,eb647063abebfcfd,0.9920,1,1,1,12,sandwich,0.9920
17,ConAbl+L2SP(25000),MAC_L2,MA,sandwich,sandwich_literal_0,literal,0,404,/data/bijaypandey/cuig_pilot/seq_pilot/eval/MAC_L2/images/sandwich_literal_0_seed404.jpg,56a9ffca5dc3abe9,0.9283,1,1,1,12,sandwich,0.9283
17,ConAbl+L2SP(25000),MAC_L2,MA,sandwich,sandwich_literal_1,literal,1,101,/data/bijaypandey/cuig_pilot/seq_pilot/eval/MAC_L2/images/sandwich_literal_1_seed101.jpg,3535159f6f868c18,0.9608,1,1,1,7,dining table,0.9977
17,ConAbl+L2SP(25000),MAC_L2,MA,sandwich,sandwich_literal_1,literal,1,202,/data/bijaypandey/cuig_pilot/seq_pilot/eval/MAC_L2/images/sandwich_literal_1_seed202.jpg,b22a9eac334bf8f2,0.9927,1,1,1,4,sandwich,0.9927
17,ConAbl+L2SP(25000),MAC_L2,MA,sandwich,sandwich_literal_1,literal,1,303,/data/bijaypandey/cuig_pilot/seq_pilot/eval/MAC_L2/images/sandwich_literal_1_seed303.jpg,0f641985f0883274,0.5062,1,1,0,16,dining table,0.9670
17,ConAbl+L2SP(25000),MAC_L2,MA,sandwich,sandwich_literal_1,literal,1,404,/data/bijaypandey/cuig_pilot/seq_pilot/eval/MAC_L2/images/sandwich_literal_1_seed404.jpg,89528305b37a7208,0.9944,1,1,1,17,sandwich,0.9944
17,ConAbl+L2SP(25000),MAC_L2,MA,sandwich,sandwich_literal_2,literal,2,101,/data/bijaypandey/cuig_pilot/seq_pilot/eval/MAC_L2/images/sandwich_literal_2_seed101.jpg,797710c2321c6fbe,0.3491,1,0,0,9,hot dog,0.7861
17,ConAbl+L2SP(25000),MAC_L2,MA,sandwich,sandwich_literal_2,literal,2,202,/data/bijaypandey/cuig_pilot/seq_pilot/eval/MAC_L2/images/sandwich_literal_2_seed202.jpg,1141d9ddf8cab583,0.9232,1,1,1,4,sandwich,0.9232
17,ConAbl+L2SP(25000),MAC_L2,MA,sandwich,sandwich_literal_2,literal,2,303,/data/bijaypandey/cuig_pilot/seq_pilot/eval/MAC_L2/images/sandwich_literal_2_seed303.jpg,814542ad56c5aa9f,0.9931,1,1,1,11,sandwich,0.9931
17,ConAbl+L2SP(25000),MAC_L2,MA,sandwich,sandwich_literal_2,literal,2,404,/data/bijaypandey/cuig_pilot/seq_pilot/eval/MAC_L2/images/sandwich_literal_2_seed404.jpg,0c005f5ba847c008,0.9292,1,1,1,3,sandwich,0.9292
17,ConAbl+L2SP(25000),MAC_L2,MA,sandwich,sandwich_literal_3,literal,3,101,/data/bijaypandey/cuig_pilot/seq_pilot/eval/MAC_L2/images/sandwich_literal_3_seed101.jpg,620afa43a631f025,0.9932,1,1,1,11,sandwich,0.9932
17,ConAbl+L2SP(25000),MAC_L2,MA,sandwich,sandwich_literal_3,literal,3,202,/data/bijaypandey/cuig_pilot/seq_pilot/eval/MAC_L2/images/sandwich_literal_3_seed202.jpg,917277f061780168,0.9851,1,1,1,17,sandwich,0.9851
17,ConAbl+L2SP(25000),MAC_L2,MA,sandwich,sandwich_literal_3,literal,3,303,/data/bijaypandey/cuig_pilot/seq_pilot/eval/MAC_L2/images/sandwich_literal_3_seed303.jpg,2392c66a7c1e9210,0.9944,1,1,1,8,sandwich,0.9944
17,ConAbl+L2SP(25000),MAC_L2,MA,sandwich,sandwich_literal_3,literal,3,404,/data/bijaypandey/cuig_pilot/seq_pilot/eval/MAC_L2/images/sandwich_literal_3_seed404.jpg,27946a009f8e0834,0.9949,1,1,1,14,sandwich,0.9949
17,ConAbl+L2SP(25000),MAC_L2,MA,sandwich,sandwich_literal_4,literal,4,101,/data/bijaypandey/cuig_pilot/seq_pilot/eval/MAC_L2/images/sandwich_literal_4_seed101.jpg,cc20fb0bd39e1fb3,0.9171,1,1,1,7,sandwich,0.9171
17,ConAbl+L2SP(25000),MAC_L2,MA,sandwich,sandwich_literal_4,literal,4,202,/data/bijaypandey/cuig_pilot/seq_pilot/eval/MAC_L2/images/sandwich_literal_4_seed202.jpg,c20362c3e27b9063,0.5249,1,1,0,7,dining table,0.7453
17,ConAbl+L2SP(25000),MAC_L2,MA,sandwich,sandwich_literal_4,literal,4,303,/data/bijaypandey/cuig_pilot/seq_pilot/eval/MAC_L2/images/sandwich_literal_4_seed303.jpg,0d6ad50d431b201e,0.9354,1,1,1,12,sandwich,0.9354
17,ConAbl+L2SP(25000),MAC_L2,MA,sandwich,sandwich_literal_4,literal,4,404,/data/bijaypandey/cuig_pilot/seq_pilot/eval/MAC_L2/images/sandwich_literal_4_seed404.jpg,7e73cf3f051f3cd7,0.1545,0,0,0,15,bed,0.7226
17,ConAbl+L2SP(25000),MAC_L2,MA,sandwich,sandwich_paraphrase_0,paraphrase,0,101,/data/bijaypandey/cuig_pilot/seq_pilot/eval/MAC_L2/images/sandwich_paraphrase_0_seed101.jpg,5662f7c0d84df66c,0.8579,1,1,1,30,sandwich,0.8579
17,ConAbl+L2SP(25000),MAC_L2,MA,sandwich,sandwich_paraphrase_0,paraphrase,0,202,/data/bijaypandey/cuig_pilot/seq_pilot/eval/MAC_L2/images/sandwich_paraphrase_0_seed202.jpg,7157972a67bfa87e,0.8991,1,1,1,14,dining table,0.9183
17,ConAbl+L2SP(25000),MAC_L2,MA,sandwich,sandwich_paraphrase_0,paraphrase,0,303,/data/bijaypandey/cuig_pilot/seq_pilot/eval/MAC_L2/images/sandwich_paraphrase_0_seed303.jpg,f9d4d634406a7baa,0.1177,0,0,0,16,dining table,0.6142
17,ConAbl+L2SP(25000),MAC_L2,MA,sandwich,sandwich_paraphrase_0,paraphrase,0,404,/data/bijaypandey/cuig_pilot/seq_pilot/eval/MAC_L2/images/sandwich_paraphrase_0_seed404.jpg,130ae538c017986f,0.7112,1,1,1,15,bowl,0.7621
17,ConAbl+L2SP(25000),MAC_L2,MA,sandwich,sandwich_paraphrase_1,paraphrase,1,101,/data/bijaypandey/cuig_pilot/seq_pilot/eval/MAC_L2/images/sandwich_paraphrase_1_seed101.jpg,317fc6a37e283793,0.4375,1,0,0,10,bowl,0.8189
17,ConAbl+L2SP(25000),MAC_L2,MA,sandwich,sandwich_paraphrase_1,paraphrase,1,202,/data/bijaypandey/cuig_pilot/seq_pilot/eval/MAC_L2/images/sandwich_paraphrase_1_seed202.jpg,683ca4461b5f84dc,0.3213,1,0,0,17,hot dog,0.6337
17,ConAbl+L2SP(25000),MAC_L2,MA,sandwich,sandwich_paraphrase_1,paraphrase,1,303,/data/bijaypandey/cuig_pilot/seq_pilot/eval/MAC_L2/images/sandwich_paraphrase_1_seed303.jpg,a30f26a7f11ef11d,0.7300,1,1,1,17,hot dog,0.9341
17,ConAbl+L2SP(25000),MAC_L2,MA,sandwich,sandwich_paraphrase_1,paraphrase,1,404,/data/bijaypandey/cuig_pilot/seq_pilot/eval/MAC_L2/images/sandwich_paraphrase_1_seed404.jpg,e887e39bdb423191,0.1836,0,0,0,19,sports ball,0.8070
17,ConAbl+L2SP(25000),MAC_L2,MA,sandwich,sandwich_paraphrase_2,paraphrase,2,101,/data/bijaypandey/cuig_pilot/seq_pilot/eval/MAC_L2/images/sandwich_paraphrase_2_seed101.jpg,1817ae5f1c05f462,0.9075,1,1,1,24,sandwich,0.9075
17,ConAbl+L2SP(25000),MAC_L2,MA,sandwich,sandwich_paraphrase_2,paraphrase,2,202,/data/bijaypandey/cuig_pilot/seq_pilot/eval/MAC_L2/images/sandwich_paraphrase_2_seed202.jpg,afc0261ac8615bab,0.8761,1,1,1,16,dining table,0.9797
17,ConAbl+L2SP(25000),MAC_L2,MA,sandwich,sandwich_paraphrase_2,paraphrase,2,303,/data/bijaypandey/cuig_pilot/seq_pilot/eval/MAC_L2/images/sandwich_paraphrase_2_seed303.jpg,a1a8aca49319b396,0.8361,1,1,1,9,sandwich,0.8361
17,ConAbl+L2SP(25000),MAC_L2,MA,sandwich,sandwich_paraphrase_2,paraphrase,2,404,/data/bijaypandey/cuig_pilot/seq_pilot/eval/MAC_L2/images/sandwich_paraphrase_2_seed404.jpg,1f788f09e492aefb,0.9739,1,1,1,8,sandwich,0.9739
17,ConAbl+L2SP(25000),MAC_L2,MA,sandwich,sandwich_paraphrase_3,paraphrase,3,101,/data/bijaypandey/cuig_pilot/seq_pilot/eval/MAC_L2/images/sandwich_paraphrase_3_seed101.jpg,ee1c89780db87fb9,0.1198,0,0,0,15,dining table,0.8629
17,ConAbl+L2SP(25000),MAC_L2,MA,sandwich,sandwich_paraphrase_3,paraphrase,3,202,/data/bijaypandey/cuig_pilot/seq_pilot/eval/MAC_L2/images/sandwich_paraphrase_3_seed202.jpg,caf8847e3c3b52cf,0.9452,1,1,1,25,sandwich,0.9452
17,ConAbl+L2SP(25000),MAC_L2,MA,sandwich,sandwich_paraphrase_3,paraphrase,3,303,/data/bijaypandey/cuig_pilot/seq_pilot/eval/MAC_L2/images/sandwich_paraphrase_3_seed303.jpg,f62b2164df0a05ce,0.4792,1,0,0,23,dining table,0.9720
17,ConAbl+L2SP(25000),MAC_L2,MA,sandwich,sandwich_paraphrase_3,paraphrase,3,404,/data/bijaypandey/cuig_pilot/seq_pilot/eval/MAC_L2/images/sandwich_paraphrase_3_seed404.jpg,2998f8ada21b22b6,0.9658,1,1,1,11,sandwich,0.9658
17,ConAbl+L2SP(25000),MAC_L2,MA,sandwich,sandwich_paraphrase_4,paraphrase,4,101,/data/bijaypandey/cuig_pilot/seq_pilot/eval/MAC_L2/images/sandwich_paraphrase_4_seed101.jpg,0a1be2b507d3a871,0.8690,1,1,1,23,bowl,0.9907
17,ConAbl+L2SP(25000),MAC_L2,MA,sandwich,sandwich_paraphrase_4,paraphrase,4,202,/data/bijaypandey/cuig_pilot/seq_pilot/eval/MAC_L2/images/sandwich_paraphrase_4_seed202.jpg,4fd5f6674af449b4,0.9020,1,1,1,22,bowl,0.9956
17,ConAbl+L2SP(25000),MAC_L2,MA,sandwich,sandwich_paraphrase_4,paraphrase,4,303,/data/bijaypandey/cuig_pilot/seq_pilot/eval/MAC_L2/images/sandwich_paraphrase_4_seed303.jpg,0bc69e82f9183339,0.7666,1,1,1,24,dining table,0.7956
17,ConAbl+L2SP(25000),MAC_L2,MA,sandwich,sandwich_paraphrase_4,paraphrase,4,404,/data/bijaypandey/cuig_pilot/seq_pilot/eval/MAC_L2/images/sandwich_paraphrase_4_seed404.jpg,82bd633151353c62,0.9681,1,1,1,12,sandwich,0.9681
17,ConAbl+L2SP(25000),MAC_L2,MA,horse,horse_literal_0,literal,0,101,/data/bijaypandey/cuig_pilot/seq_pilot/eval/MAC_L2/images/horse_literal_0_seed101.jpg,43b265a43cc1a6f1,0.9998,1,1,1,1,horse,0.9998
17,ConAbl+L2SP(25000),MAC_L2,MA,horse,horse_literal_0,literal,0,202,/data/bijaypandey/cuig_pilot/seq_pilot/eval/MAC_L2/images/horse_literal_0_seed202.jpg,cec66f2afd4c8000,0.9998,1,1,1,1,horse,0.9998
17,ConAbl+L2SP(25000),MAC_L2,MA,horse,horse_literal_0,literal,0,303,/data/bijaypandey/cuig_pilot/seq_pilot/eval/MAC_L2/images/horse_literal_0_seed303.jpg,a96a035446e9bab3,0.9996,1,1,1,1,horse,0.9996
17,ConAbl+L2SP(25000),MAC_L2,MA,horse,horse_literal_0,literal,0,404,/data/bijaypandey/cuig_pilot/seq_pilot/eval/MAC_L2/images/horse_literal_0_seed404.jpg,088ad5844c04d956,0.9940,1,1,1,3,horse,0.9940
17,ConAbl+L2SP(25000),MAC_L2,MA,horse,horse_literal_1,literal,1,101,/data/bijaypandey/cuig_pilot/seq_pilot/eval/MAC_L2/images/horse_literal_1_seed101.jpg,c0bf2639412a9a0c,0.9994,1,1,1,3,horse,0.9994
17,ConAbl+L2SP(25000),MAC_L2,MA,horse,horse_literal_1,literal,1,202,/data/bijaypandey/cuig_pilot/seq_pilot/eval/MAC_L2/images/horse_literal_1_seed202.jpg,ec1c1f59545da1d2,0.9997,1,1,1,1,horse,0.9997
17,ConAbl+L2SP(25000),MAC_L2,MA,horse,horse_literal_1,literal,1,303,/data/bijaypandey/cuig_pilot/seq_pilot/eval/MAC_L2/images/horse_literal_1_seed303.jpg,91e397e76f5ea25e,0.9245,1,1,1,1,horse,0.9245
17,ConAbl+L2SP(25000),MAC_L2,MA,horse,horse_literal_1,literal,1,404,/data/bijaypandey/cuig_pilot/seq_pilot/eval/MAC_L2/images/horse_literal_1_seed404.jpg,9d77d0b40c1e9869,0.9988,1,1,1,6,horse,0.9988
17,ConAbl+L2SP(25000),MAC_L2,MA,horse,horse_literal_2,literal,2,101,/data/bijaypandey/cuig_pilot/seq_pilot/eval/MAC_L2/images/horse_literal_2_seed101.jpg,a61ef6fd47a3acb3,0.9898,1,1,1,2,horse,0.9898
17,ConAbl+L2SP(25000),MAC_L2,MA,horse,horse_literal_2,literal,2,202,/data/bijaypandey/cuig_pilot/seq_pilot/eval/MAC_L2/images/horse_literal_2_seed202.jpg,b7fd07a93231c389,0.9775,1,1,1,3,horse,0.9775
17,ConAbl+L2SP(25000),MAC_L2,MA,horse,horse_literal_2,literal,2,303,/data/bijaypandey/cuig_pilot/seq_pilot/eval/MAC_L2/images/horse_literal_2_seed303.jpg,2f27bc5e5eedf8bd,0.9856,1,1,1,4,horse,0.9856
17,ConAbl+L2SP(25000),MAC_L2,MA,horse,horse_literal_2,literal,2,404,/data/bijaypandey/cuig_pilot/seq_pilot/eval/MAC_L2/images/horse_literal_2_seed404.jpg,c98942817636af8e,0.9958,1,1,1,6,horse,0.9958
17,ConAbl+L2SP(25000),MAC_L2,MA,horse,horse_literal_3,literal,3,101,/data/bijaypandey/cuig_pilot/seq_pilot/eval/MAC_L2/images/horse_literal_3_seed101.jpg,6db5e1463b8e878a,0.9998,1,1,1,2,horse,0.9998
17,ConAbl+L2SP(25000),MAC_L2,MA,horse,horse_literal_3,literal,3,202,/data/bijaypandey/cuig_pilot/seq_pilot/eval/MAC_L2/images/horse_literal_3_seed202.jpg,2afed758ee6ea6a1,0.9996,1,1,1,1,horse,0.9996
17,ConAbl+L2SP(25000),MAC_L2,MA,horse,horse_literal_3,literal,3,303,/data/bijaypandey/cuig_pilot/seq_pilot/eval/MAC_L2/images/horse_literal_3_seed303.jpg,7dbc315ba21fbb0c,0.9998,1,1,1,2,horse,0.9998
17,ConAbl+L2SP(25000),MAC_L2,MA,horse,horse_literal_3,literal,3,404,/data/bijaypandey/cuig_pilot/seq_pilot/eval/MAC_L2/images/horse_literal_3_seed404.jpg,fe865342b2a66f1d,0.9994,1,1,1,11,horse,0.9994
17,ConAbl+L2SP(25000),MAC_L2,MA,horse,horse_literal_4,literal,4,101,/data/bijaypandey/cuig_pilot/seq_pilot/eval/MAC_L2/images/horse_literal_4_seed101.jpg,ffd7fa51676aa3c5,0.9996,1,1,1,2,horse,0.9996
17,ConAbl+L2SP(25000),MAC_L2,MA,horse,horse_literal_4,literal,4,202,/data/bijaypandey/cuig_pilot/seq_pilot/eval/MAC_L2/images/horse_literal_4_seed202.jpg,1fb637516da8bf9f,0.9999,1,1,1,2,horse,0.9999
17,ConAbl+L2SP(25000),MAC_L2,MA,horse,horse_literal_4,literal,4,303,/data/bijaypandey/cuig_pilot/seq_pilot/eval/MAC_L2/images/horse_literal_4_seed303.jpg,86093fd6aebd741a,0.9994,1,1,1,2,horse,0.9994
17,ConAbl+L2SP(25000),MAC_L2,MA,horse,horse_literal_4,literal,4,404,/data/bijaypandey/cuig_pilot/seq_pilot/eval/MAC_L2/images/horse_literal_4_seed404.jpg,7a0b5fef619e0c47,0.9998,1,1,1,1,horse,0.9998
17,ConAbl+L2SP(25000),MAC_L2,MA,horse,horse_paraphrase_0,paraphrase,0,101,/data/bijaypandey/cuig_pilot/seq_pilot/eval/MAC_L2/images/horse_paraphrase_0_seed101.jpg,5d7c8a481fb3e7df,0.9993,1,1,1,1,horse,0.9993
17,ConAbl+L2SP(25000),MAC_L2,MA,horse,horse_paraphrase_0,paraphrase,0,202,/data/bijaypandey/cuig_pilot/seq_pilot/eval/MAC_L2/images/horse_paraphrase_0_seed202.jpg,e59f9ce61bd41a1e,0.9991,1,1,1,1,horse,0.9991
17,ConAbl+L2SP(25000),MAC_L2,MA,horse,horse_paraphrase_0,paraphrase,0,303,/data/bijaypandey/cuig_pilot/seq_pilot/eval/MAC_L2/images/horse_paraphrase_0_seed303.jpg,f7c0f678b0b5795b,0.9987,1,1,1,3,horse,0.9987
17,ConAbl+L2SP(25000),MAC_L2,MA,horse,horse_paraphrase_0,paraphrase,0,404,/data/bijaypandey/cuig_pilot/seq_pilot/eval/MAC_L2/images/horse_paraphrase_0_seed404.jpg,86cd915072ee6309,0.9869,1,1,1,5,horse,0.9869
17,ConAbl+L2SP(25000),MAC_L2,MA,horse,horse_paraphrase_1,paraphrase,1,101,/data/bijaypandey/cuig_pilot/seq_pilot/eval/MAC_L2/images/horse_paraphrase_1_seed101.jpg,4fa7aebd2652f67f,0.9997,1,1,1,2,horse,0.9997
17,ConAbl+L2SP(25000),MAC_L2,MA,horse,horse_paraphrase_1,paraphrase,1,202,/data/bijaypandey/cuig_pilot/seq_pilot/eval/MAC_L2/images/horse_paraphrase_1_seed202.jpg,c2c7e775fe903007,0.9997,1,1,1,1,horse,0.9997
17,ConAbl+L2SP(25000),MAC_L2,MA,horse,horse_paraphrase_1,paraphrase,1,303,/data/bijaypandey/cuig_pilot/seq_pilot/eval/MAC_L2/images/horse_paraphrase_1_seed303.jpg,941083420ce5e755,0.9982,1,1,1,5,horse,0.9982
17,ConAbl+L2SP(25000),MAC_L2,MA,horse,horse_paraphrase_1,paraphrase,1,404,/data/bijaypandey/cuig_pilot/seq_pilot/eval/MAC_L2/images/horse_paraphrase_1_seed404.jpg,28d55099b6a3b3ef,0.9996,1,1,1,1,horse,0.9996
17,ConAbl+L2SP(25000),MAC_L2,MA,horse,horse_paraphrase_2,paraphrase,2,101,/data/bijaypandey/cuig_pilot/seq_pilot/eval/MAC_L2/images/horse_paraphrase_2_seed101.jpg,e7796524727e3c37,0.9978,1,1,1,4,horse,0.9978
17,ConAbl+L2SP(25000),MAC_L2,MA,horse,horse_paraphrase_2,paraphrase,2,202,/data/bijaypandey/cuig_pilot/seq_pilot/eval/MAC_L2/images/horse_paraphrase_2_seed202.jpg,af31d2f90a69e9c9,0.9972,1,1,1,4,horse,0.9972
17,ConAbl+L2SP(25000),MAC_L2,MA,horse,horse_paraphrase_2,paraphrase,2,303,/data/bijaypandey/cuig_pilot/seq_pilot/eval/MAC_L2/images/horse_paraphrase_2_seed303.jpg,d9284848e6066e5e,0.9997,1,1,1,1,horse,0.9997
17,ConAbl+L2SP(25000),MAC_L2,MA,horse,horse_paraphrase_2,paraphrase,2,404,/data/bijaypandey/cuig_pilot/seq_pilot/eval/MAC_L2/images/horse_paraphrase_2_seed404.jpg,01e831dcf1c0df56,0.8239,1,1,1,4,sports ball,0.9270
17,ConAbl+L2SP(25000),MAC_L2,MA,horse,horse_paraphrase_3,paraphrase,3,101,/data/bijaypandey/cuig_pilot/seq_pilot/eval/MAC_L2/images/horse_paraphrase_3_seed101.jpg,51f2f16f5bc898b9,0.9922,1,1,1,2,horse,0.9922
17,ConAbl+L2SP(25000),MAC_L2,MA,horse,horse_paraphrase_3,paraphrase,3,202,/data/bijaypandey/cuig_pilot/seq_pilot/eval/MAC_L2/images/horse_paraphrase_3_seed202.jpg,5232695e9404eb2c,0.9910,1,1,1,2,horse,0.9910
17,ConAbl+L2SP(25000),MAC_L2,MA,horse,horse_paraphrase_3,paraphrase,3,303,/data/bijaypandey/cuig_pilot/seq_pilot/eval/MAC_L2/images/horse_paraphrase_3_seed303.jpg,6bbcfa22d50f00ae,0.9995,1,1,1,6,horse,0.9995
17,ConAbl+L2SP(25000),MAC_L2,MA,horse,horse_paraphrase_3,paraphrase,3,404,/data/bijaypandey/cuig_pilot/seq_pilot/eval/MAC_L2/images/horse_paraphrase_3_seed404.jpg,06e92fc09c7abaca,0.9981,1,1,1,2,horse,0.9981
17,ConAbl+L2SP(25000),MAC_L2,MA,horse,horse_paraphrase_4,paraphrase,4,101,/data/bijaypandey/cuig_pilot/seq_pilot/eval/MAC_L2/images/horse_paraphrase_4_seed101.jpg,84d609e6c11a302e,0.9994,1,1,1,4,horse,0.9994
17,ConAbl+L2SP(25000),MAC_L2,MA,horse,horse_paraphrase_4,paraphrase,4,202,/data/bijaypandey/cuig_pilot/seq_pilot/eval/MAC_L2/images/horse_paraphrase_4_seed202.jpg,813ef421fb2b751e,0.9972,1,1,1,4,horse,0.9972
17,ConAbl+L2SP(25000),MAC_L2,MA,horse,horse_paraphrase_4,paraphrase,4,303,/data/bijaypandey/cuig_pilot/seq_pilot/eval/MAC_L2/images/horse_paraphrase_4_seed303.jpg,7505b8abbd2cd01b,0.9992,1,1,1,1,horse,0.9992
17,ConAbl+L2SP(25000),MAC_L2,MA,horse,horse_paraphrase_4,paraphrase,4,404,/data/bijaypandey/cuig_pilot/seq_pilot/eval/MAC_L2/images/horse_paraphrase_4_seed404.jpg,eb35674769d3d2e6,0.9992,1,1,1,1,horse,0.9992
17,ConAbl+L2SP(25000),MAC_L2,MA,bird,bird_literal_0,literal,0,101,/data/bijaypandey/cuig_pilot/seq_pilot/eval/MAC_L2/images/bird_literal_0_seed101.jpg,fb06701fe389cf86,0.9988,1,1,1,4,bird,0.9988
17,ConAbl+L2SP(25000),MAC_L2,MA,bird,bird_literal_0,literal,0,202,/data/bijaypandey/cuig_pilot/seq_pilot/eval/MAC_L2/images/bird_literal_0_seed202.jpg,463858d508ce5a15,0.9973,1,1,1,1,bird,0.9973
17,ConAbl+L2SP(25000),MAC_L2,MA,bird,bird_literal_0,literal,0,303,/data/bijaypandey/cuig_pilot/seq_pilot/eval/MAC_L2/images/bird_literal_0_seed303.jpg,c8674523fe4807ca,0.9959,1,1,1,2,bird,0.9959
17,ConAbl+L2SP(25000),MAC_L2,MA,bird,bird_literal_0,literal,0,404,/data/bijaypandey/cuig_pilot/seq_pilot/eval/MAC_L2/images/bird_literal_0_seed404.jpg,df80a13a828090ad,0.9970,1,1,1,1,bird,0.9970
17,ConAbl+L2SP(25000),MAC_L2,MA,bird,bird_literal_1,literal,1,101,/data/bijaypandey/cuig_pilot/seq_pilot/eval/MAC_L2/images/bird_literal_1_seed101.jpg,41e369ab819203b3,0.9988,1,1,1,1,bird,0.9988
17,ConAbl+L2SP(25000),MAC_L2,MA,bird,bird_literal_1,literal,1,202,/data/bijaypandey/cuig_pilot/seq_pilot/eval/MAC_L2/images/bird_literal_1_seed202.jpg,abf73efc49c909f9,0.9991,1,1,1,4,bird,0.9991
17,ConAbl+L2SP(25000),MAC_L2,MA,bird,bird_literal_1,literal,1,303,/data/bijaypandey/cuig_pilot/seq_pilot/eval/MAC_L2/images/bird_literal_1_seed303.jpg,5f35b408b687af64,0.9998,1,1,1,6,bird,0.9998
17,ConAbl+L2SP(25000),MAC_L2,MA,bird,bird_literal_1,literal,1,404,/data/bijaypandey/cuig_pilot/seq_pilot/eval/MAC_L2/images/bird_literal_1_seed404.jpg,71c435a6c35de281,0.9992,1,1,1,2,bird,0.9992
17,ConAbl+L2SP(25000),MAC_L2,MA,bird,bird_literal_2,literal,2,101,/data/bijaypandey/cuig_pilot/seq_pilot/eval/MAC_L2/images/bird_literal_2_seed101.jpg,3e0667de1ae8de1e,0.0000,0,0,0,0,,0.0000
17,ConAbl+L2SP(25000),MAC_L2,MA,bird,bird_literal_2,literal,2,202,/data/bijaypandey/cuig_pilot/seq_pilot/eval/MAC_L2/images/bird_literal_2_seed202.jpg,b0d50022492d9259,0.9965,1,1,1,4,bird,0.9965
17,ConAbl+L2SP(25000),MAC_L2,MA,bird,bird_literal_2,literal,2,303,/data/bijaypandey/cuig_pilot/seq_pilot/eval/MAC_L2/images/bird_literal_2_seed303.jpg,9c73d0ce661facaf,0.9991,1,1,1,7,bird,0.9991
17,ConAbl+L2SP(25000),MAC_L2,MA,bird,bird_literal_2,literal,2,404,/data/bijaypandey/cuig_pilot/seq_pilot/eval/MAC_L2/images/bird_literal_2_seed404.jpg,f74614ce30448a22,0.9728,1,1,1,2,bird,0.9728
17,ConAbl+L2SP(25000),MAC_L2,MA,bird,bird_literal_3,literal,3,101,/data/bijaypandey/cuig_pilot/seq_pilot/eval/MAC_L2/images/bird_literal_3_seed101.jpg,c138e0b1c11c0ed0,0.9966,1,1,1,3,bird,0.9966
17,ConAbl+L2SP(25000),MAC_L2,MA,bird,bird_literal_3,literal,3,202,/data/bijaypandey/cuig_pilot/seq_pilot/eval/MAC_L2/images/bird_literal_3_seed202.jpg,8de323f0128529df,0.9982,1,1,1,1,bird,0.9982
17,ConAbl+L2SP(25000),MAC_L2,MA,bird,bird_literal_3,literal,3,303,/data/bijaypandey/cuig_pilot/seq_pilot/eval/MAC_L2/images/bird_literal_3_seed303.jpg,520d9d2be106a2ec,0.9754,1,1,1,5,bird,0.9754
17,ConAbl+L2SP(25000),MAC_L2,MA,bird,bird_literal_3,literal,3,404,/data/bijaypandey/cuig_pilot/seq_pilot/eval/MAC_L2/images/bird_literal_3_seed404.jpg,7bf2b3a93426039f,0.9985,1,1,1,6,bird,0.9985
17,ConAbl+L2SP(25000),MAC_L2,MA,bird,bird_literal_4,literal,4,101,/data/bijaypandey/cuig_pilot/seq_pilot/eval/MAC_L2/images/bird_literal_4_seed101.jpg,d4d692cbd740f8a9,0.9991,1,1,1,2,bird,0.9991
17,ConAbl+L2SP(25000),MAC_L2,MA,bird,bird_literal_4,literal,4,202,/data/bijaypandey/cuig_pilot/seq_pilot/eval/MAC_L2/images/bird_literal_4_seed202.jpg,540ebc11d62e2646,0.9994,1,1,1,6,bird,0.9994
17,ConAbl+L2SP(25000),MAC_L2,MA,bird,bird_literal_4,literal,4,303,/data/bijaypandey/cuig_pilot/seq_pilot/eval/MAC_L2/images/bird_literal_4_seed303.jpg,aa7009366036b790,0.8933,1,1,1,1,bird,0.8933
17,ConAbl+L2SP(25000),MAC_L2,MA,bird,bird_literal_4,literal,4,404,/data/bijaypandey/cuig_pilot/seq_pilot/eval/MAC_L2/images/bird_literal_4_seed404.jpg,69245b73792307be,0.9955,1,1,1,3,bird,0.9955
17,ConAbl+L2SP(25000),MAC_L2,MA,bird,bird_paraphrase_0,paraphrase,0,101,/data/bijaypandey/cuig_pilot/seq_pilot/eval/MAC_L2/images/bird_paraphrase_0_seed101.jpg,8c3897552c549e07,0.9902,1,1,1,5,bird,0.9902
17,ConAbl+L2SP(25000),MAC_L2,MA,bird,bird_paraphrase_0,paraphrase,0,202,/data/bijaypandey/cuig_pilot/seq_pilot/eval/MAC_L2/images/bird_paraphrase_0_seed202.jpg,565c142b1eb0a159,0.9990,1,1,1,6,bird,0.9990
17,ConAbl+L2SP(25000),MAC_L2,MA,bird,bird_paraphrase_0,paraphrase,0,303,/data/bijaypandey/cuig_pilot/seq_pilot/eval/MAC_L2/images/bird_paraphrase_0_seed303.jpg,df9f4568c5a93b91,0.9994,1,1,1,1,bird,0.9994
17,ConAbl+L2SP(25000),MAC_L2,MA,bird,bird_paraphrase_0,paraphrase,0,404,/data/bijaypandey/cuig_pilot/seq_pilot/eval/MAC_L2/images/bird_paraphrase_0_seed404.jpg,c4f4d2454759ef70,0.9989,1,1,1,3,bird,0.9989
17,ConAbl+L2SP(25000),MAC_L2,MA,bird,bird_paraphrase_1,paraphrase,1,101,/data/bijaypandey/cuig_pilot/seq_pilot/eval/MAC_L2/images/bird_paraphrase_1_seed101.jpg,2218a2952565c5a0,0.9991,1,1,1,2,bird,0.9991
17,ConAbl+L2SP(25000),MAC_L2,MA,bird,bird_paraphrase_1,paraphrase,1,202,/data/bijaypandey/cuig_pilot/seq_pilot/eval/MAC_L2/images/bird_paraphrase_1_seed202.jpg,c651df918e2f94c1,0.9995,1,1,1,14,bird,0.9995
17,ConAbl+L2SP(25000),MAC_L2,MA,bird,bird_paraphrase_1,paraphrase,1,303,/data/bijaypandey/cuig_pilot/seq_pilot/eval/MAC_L2/images/bird_paraphrase_1_seed303.jpg,8e584048c2de5475,0.9982,1,1,1,3,bird,0.9982
17,ConAbl+L2SP(25000),MAC_L2,MA,bird,bird_paraphrase_1,paraphrase,1,404,/data/bijaypandey/cuig_pilot/seq_pilot/eval/MAC_L2/images/bird_paraphrase_1_seed404.jpg,c76aca444c7f536e,0.9986,1,1,1,3,bird,0.9986
17,ConAbl+L2SP(25000),MAC_L2,MA,bird,bird_paraphrase_2,paraphrase,2,101,/data/bijaypandey/cuig_pilot/seq_pilot/eval/MAC_L2/images/bird_paraphrase_2_seed101.jpg,b99fe38dfd37ff3f,0.9978,1,1,1,1,bird,0.9978
17,ConAbl+L2SP(25000),MAC_L2,MA,bird,bird_paraphrase_2,paraphrase,2,202,/data/bijaypandey/cuig_pilot/seq_pilot/eval/MAC_L2/images/bird_paraphrase_2_seed202.jpg,f3221f1ecaf83af7,0.9306,1,1,1,5,bird,0.9306
17,ConAbl+L2SP(25000),MAC_L2,MA,bird,bird_paraphrase_2,paraphrase,2,303,/data/bijaypandey/cuig_pilot/seq_pilot/eval/MAC_L2/images/bird_paraphrase_2_seed303.jpg,b438eca6d48da2b1,0.9973,1,1,1,5,bird,0.9973
17,ConAbl+L2SP(25000),MAC_L2,MA,bird,bird_paraphrase_2,paraphrase,2,404,/data/bijaypandey/cuig_pilot/seq_pilot/eval/MAC_L2/images/bird_paraphrase_2_seed404.jpg,3155505a3e68c418,0.8105,1,1,1,7,bird,0.8105
17,ConAbl+L2SP(25000),MAC_L2,MA,bird,bird_paraphrase_3,paraphrase,3,101,/data/bijaypandey/cuig_pilot/seq_pilot/eval/MAC_L2/images/bird_paraphrase_3_seed101.jpg,9346cd4bb18c0f00,0.9948,1,1,1,58,bird,0.9948
17,ConAbl+L2SP(25000),MAC_L2,MA,bird,bird_paraphrase_3,paraphrase,3,202,/data/bijaypandey/cuig_pilot/seq_pilot/eval/MAC_L2/images/bird_paraphrase_3_seed202.jpg,1473a4f092f7ea31,0.9983,1,1,1,19,bird,0.9983
17,ConAbl+L2SP(25000),MAC_L2,MA,bird,bird_paraphrase_3,paraphrase,3,303,/data/bijaypandey/cuig_pilot/seq_pilot/eval/MAC_L2/images/bird_paraphrase_3_seed303.jpg,88b487dd875f4cf9,0.9919,1,1,1,14,bird,0.9919
17,ConAbl+L2SP(25000),MAC_L2,MA,bird,bird_paraphrase_3,paraphrase,3,404,/data/bijaypandey/cuig_pilot/seq_pilot/eval/MAC_L2/images/bird_paraphrase_3_seed404.jpg,6545bbad99727a29,0.9928,1,1,1,9,bird,0.9928
17,ConAbl+L2SP(25000),MAC_L2,MA,bird,bird_paraphrase_4,paraphrase,4,101,/data/bijaypandey/cuig_pilot/seq_pilot/eval/MAC_L2/images/bird_paraphrase_4_seed101.jpg,4ed4ec7d23fcc4f5,0.5430,1,1,0,5,bird,0.5430
17,ConAbl+L2SP(25000),MAC_L2,MA,bird,bird_paraphrase_4,paraphrase,4,202,/data/bijaypandey/cuig_pilot/seq_pilot/eval/MAC_L2/images/bird_paraphrase_4_seed202.jpg,810223d3aa1963ba,0.8621,1,1,1,9,bird,0.8621
17,ConAbl+L2SP(25000),MAC_L2,MA,bird,bird_paraphrase_4,paraphrase,4,303,/data/bijaypandey/cuig_pilot/seq_pilot/eval/MAC_L2/images/bird_paraphrase_4_seed303.jpg,8950c058121e1d1d,0.4971,1,0,0,11,person,0.8660
17,ConAbl+L2SP(25000),MAC_L2,MA,bird,bird_paraphrase_4,paraphrase,4,404,/data/bijaypandey/cuig_pilot/seq_pilot/eval/MAC_L2/images/bird_paraphrase_4_seed404.jpg,678769eada91350e,0.6437,1,1,0,9,bird,0.6437
17,ConAbl+L2SP(25000),MAC_L2,MA,chair,chair_literal_0,literal,0,101,/data/bijaypandey/cuig_pilot/seq_pilot/eval/MAC_L2/images/chair_literal_0_seed101.jpg,bf2738a3c738aa63,0.9881,1,1,1,5,chair,0.9881
17,ConAbl+L2SP(25000),MAC_L2,MA,chair,chair_literal_0,literal,0,202,/data/bijaypandey/cuig_pilot/seq_pilot/eval/MAC_L2/images/chair_literal_0_seed202.jpg,18f351b4b100a5c3,0.9911,1,1,1,1,chair,0.9911
17,ConAbl+L2SP(25000),MAC_L2,MA,chair,chair_literal_0,literal,0,303,/data/bijaypandey/cuig_pilot/seq_pilot/eval/MAC_L2/images/chair_literal_0_seed303.jpg,6c1dbf4b5618f7db,0.0000,0,0,0,0,,0.0000
17,ConAbl+L2SP(25000),MAC_L2,MA,chair,chair_literal_0,literal,0,404,/data/bijaypandey/cuig_pilot/seq_pilot/eval/MAC_L2/images/chair_literal_0_seed404.jpg,7eb5593eac19f88e,0.9912,1,1,1,5,chair,0.9912
17,ConAbl+L2SP(25000),MAC_L2,MA,chair,chair_literal_1,literal,1,101,/data/bijaypandey/cuig_pilot/seq_pilot/eval/MAC_L2/images/chair_literal_1_seed101.jpg,0b18f39859896980,0.9692,1,1,1,13,chair,0.9692
17,ConAbl+L2SP(25000),MAC_L2,MA,chair,chair_literal_1,literal,1,202,/data/bijaypandey/cuig_pilot/seq_pilot/eval/MAC_L2/images/chair_literal_1_seed202.jpg,b7e47a5ebbed9277,0.9853,1,1,1,6,chair,0.9853
17,ConAbl+L2SP(25000),MAC_L2,MA,chair,chair_literal_1,literal,1,303,/data/bijaypandey/cuig_pilot/seq_pilot/eval/MAC_L2/images/chair_literal_1_seed303.jpg,e1c1025268e03a6f,0.7749,1,1,1,4,chair,0.7749
17,ConAbl+L2SP(25000),MAC_L2,MA,chair,chair_literal_1,literal,1,404,/data/bijaypandey/cuig_pilot/seq_pilot/eval/MAC_L2/images/chair_literal_1_seed404.jpg,aef15309ba82a157,0.9842,1,1,1,9,chair,0.9842
17,ConAbl+L2SP(25000),MAC_L2,MA,chair,chair_literal_2,literal,2,101,/data/bijaypandey/cuig_pilot/seq_pilot/eval/MAC_L2/images/chair_literal_2_seed101.jpg,0147ee103e5bae91,0.9352,1,1,1,49,chair,0.9352
17,ConAbl+L2SP(25000),MAC_L2,MA,chair,chair_literal_2,literal,2,202,/data/bijaypandey/cuig_pilot/seq_pilot/eval/MAC_L2/images/chair_literal_2_seed202.jpg,8c98c77f91c0bae2,0.8833,1,1,1,25,dining table,0.8834
17,ConAbl+L2SP(25000),MAC_L2,MA,chair,chair_literal_2,literal,2,303,/data/bijaypandey/cuig_pilot/seq_pilot/eval/MAC_L2/images/chair_literal_2_seed303.jpg,0a2e9119439c79bc,0.9781,1,1,1,23,chair,0.9781
17,ConAbl+L2SP(25000),MAC_L2,MA,chair,chair_literal_2,literal,2,404,/data/bijaypandey/cuig_pilot/seq_pilot/eval/MAC_L2/images/chair_literal_2_seed404.jpg,2aed2c8d3867d6ea,0.9960,1,1,1,9,chair,0.9960
17,ConAbl+L2SP(25000),MAC_L2,MA,chair,chair_literal_3,literal,3,101,/data/bijaypandey/cuig_pilot/seq_pilot/eval/MAC_L2/images/chair_literal_3_seed101.jpg,1d1af937b44074e1,0.9918,1,1,1,12,chair,0.9918
17,ConAbl+L2SP(25000),MAC_L2,MA,chair,chair_literal_3,literal,3,202,/data/bijaypandey/cuig_pilot/seq_pilot/eval/MAC_L2/images/chair_literal_3_seed202.jpg,ab893b1abd4fb4a6,0.9930,1,1,1,10,chair,0.9930
17,ConAbl+L2SP(25000),MAC_L2,MA,chair,chair_literal_3,literal,3,303,/data/bijaypandey/cuig_pilot/seq_pilot/eval/MAC_L2/images/chair_literal_3_seed303.jpg,558fccd446e753e8,0.9444,1,1,1,4,chair,0.9444
17,ConAbl+L2SP(25000),MAC_L2,MA,chair,chair_literal_3,literal,3,404,/data/bijaypandey/cuig_pilot/seq_pilot/eval/MAC_L2/images/chair_literal_3_seed404.jpg,92dd851091aa1436,0.1737,0,0,0,4,couch,0.9628
17,ConAbl+L2SP(25000),MAC_L2,MA,chair,chair_literal_4,literal,4,101,/data/bijaypandey/cuig_pilot/seq_pilot/eval/MAC_L2/images/chair_literal_4_seed101.jpg,4687933c35f3ab1a,0.9989,1,1,1,1,chair,0.9989
17,ConAbl+L2SP(25000),MAC_L2,MA,chair,chair_literal_4,literal,4,202,/data/bijaypandey/cuig_pilot/seq_pilot/eval/MAC_L2/images/chair_literal_4_seed202.jpg,d34d666df9e1ccb9,0.9931,1,1,1,2,chair,0.9931
17,ConAbl+L2SP(25000),MAC_L2,MA,chair,chair_literal_4,literal,4,303,/data/bijaypandey/cuig_pilot/seq_pilot/eval/MAC_L2/images/chair_literal_4_seed303.jpg,3e8e3f71acc4b7ae,0.9970,1,1,1,2,chair,0.9970
17,ConAbl+L2SP(25000),MAC_L2,MA,chair,chair_literal_4,literal,4,404,/data/bijaypandey/cuig_pilot/seq_pilot/eval/MAC_L2/images/chair_literal_4_seed404.jpg,81bf7c492a2be5c4,0.9973,1,1,1,3,chair,0.9973
17,ConAbl+L2SP(25000),MAC_L2,MA,chair,chair_paraphrase_0,paraphrase,0,101,/data/bijaypandey/cuig_pilot/seq_pilot/eval/MAC_L2/images/chair_paraphrase_0_seed101.jpg,d894c46342858d0e,0.4855,1,0,0,11,chair,0.4855
17,ConAbl+L2SP(25000),MAC_L2,MA,chair,chair_paraphrase_0,paraphrase,0,202,/data/bijaypandey/cuig_pilot/seq_pilot/eval/MAC_L2/images/chair_paraphrase_0_seed202.jpg,b7d5b4b8b7d212d6,0.9963,1,1,1,5,chair,0.9963
17,ConAbl+L2SP(25000),MAC_L2,MA,chair,chair_paraphrase_0,paraphrase,0,303,/data/bijaypandey/cuig_pilot/seq_pilot/eval/MAC_L2/images/chair_paraphrase_0_seed303.jpg,7b09d7d810a8060e,0.2197,0,0,0,16,airplane,0.6336
17,ConAbl+L2SP(25000),MAC_L2,MA,chair,chair_paraphrase_0,paraphrase,0,404,/data/bijaypandey/cuig_pilot/seq_pilot/eval/MAC_L2/images/chair_paraphrase_0_seed404.jpg,2935743cd42ec484,0.9978,1,1,1,4,chair,0.9978
17,ConAbl+L2SP(25000),MAC_L2,MA,chair,chair_paraphrase_1,paraphrase,1,101,/data/bijaypandey/cuig_pilot/seq_pilot/eval/MAC_L2/images/chair_paraphrase_1_seed101.jpg,089c588755156d13,0.9585,1,1,1,9,chair,0.9585
17,ConAbl+L2SP(25000),MAC_L2,MA,chair,chair_paraphrase_1,paraphrase,1,202,/data/bijaypandey/cuig_pilot/seq_pilot/eval/MAC_L2/images/chair_paraphrase_1_seed202.jpg,e38db7ec66b28202,0.6537,1,1,0,7,couch,0.9481
17,ConAbl+L2SP(25000),MAC_L2,MA,chair,chair_paraphrase_1,paraphrase,1,303,/data/bijaypandey/cuig_pilot/seq_pilot/eval/MAC_L2/images/chair_paraphrase_1_seed303.jpg,8ae6222feb518ef2,0.8465,1,1,1,11,chair,0.8465
17,ConAbl+L2SP(25000),MAC_L2,MA,chair,chair_paraphrase_1,paraphrase,1,404,/data/bijaypandey/cuig_pilot/seq_pilot/eval/MAC_L2/images/chair_paraphrase_1_seed404.jpg,01aaacf7a02a6fda,0.9594,1,1,1,8,chair,0.9594
17,ConAbl+L2SP(25000),MAC_L2,MA,chair,chair_paraphrase_2,paraphrase,2,101,/data/bijaypandey/cuig_pilot/seq_pilot/eval/MAC_L2/images/chair_paraphrase_2_seed101.jpg,2ec1156d2fc460a6,0.9945,1,1,1,7,chair,0.9945
17,ConAbl+L2SP(25000),MAC_L2,MA,chair,chair_paraphrase_2,paraphrase,2,202,/data/bijaypandey/cuig_pilot/seq_pilot/eval/MAC_L2/images/chair_paraphrase_2_seed202.jpg,f2a9f7c465127246,0.9691,1,1,1,15,chair,0.9691
17,ConAbl+L2SP(25000),MAC_L2,MA,chair,chair_paraphrase_2,paraphrase,2,303,/data/bijaypandey/cuig_pilot/seq_pilot/eval/MAC_L2/images/chair_paraphrase_2_seed303.jpg,f3765f353759f1bd,0.9830,1,1,1,32,chair,0.9830
17,ConAbl+L2SP(25000),MAC_L2,MA,chair,chair_paraphrase_2,paraphrase,2,404,/data/bijaypandey/cuig_pilot/seq_pilot/eval/MAC_L2/images/chair_paraphrase_2_seed404.jpg,fc9f114fd90dcec8,0.9868,1,1,1,5,chair,0.9868
17,ConAbl+L2SP(25000),MAC_L2,MA,chair,chair_paraphrase_3,paraphrase,3,101,/data/bijaypandey/cuig_pilot/seq_pilot/eval/MAC_L2/images/chair_paraphrase_3_seed101.jpg,cabd041cd3af446e,0.9795,1,1,1,26,chair,0.9795
17,ConAbl+L2SP(25000),MAC_L2,MA,chair,chair_paraphrase_3,paraphrase,3,202,/data/bijaypandey/cuig_pilot/seq_pilot/eval/MAC_L2/images/chair_paraphrase_3_seed202.jpg,9d20dc492fc63258,0.2696,0,0,0,4,bench,0.6748
17,ConAbl+L2SP(25000),MAC_L2,MA,chair,chair_paraphrase_3,paraphrase,3,303,/data/bijaypandey/cuig_pilot/seq_pilot/eval/MAC_L2/images/chair_paraphrase_3_seed303.jpg,68316d6411a793a5,0.7983,1,1,1,26,dining table,0.9711
17,ConAbl+L2SP(25000),MAC_L2,MA,chair,chair_paraphrase_3,paraphrase,3,404,/data/bijaypandey/cuig_pilot/seq_pilot/eval/MAC_L2/images/chair_paraphrase_3_seed404.jpg,4882b89c6666b510,0.0000,0,0,0,5,bench,0.4214
17,ConAbl+L2SP(25000),MAC_L2,MA,chair,chair_paraphrase_4,paraphrase,4,101,/data/bijaypandey/cuig_pilot/seq_pilot/eval/MAC_L2/images/chair_paraphrase_4_seed101.jpg,db8577fae9c542e4,0.9980,1,1,1,6,chair,0.9980
17,ConAbl+L2SP(25000),MAC_L2,MA,chair,chair_paraphrase_4,paraphrase,4,202,/data/bijaypandey/cuig_pilot/seq_pilot/eval/MAC_L2/images/chair_paraphrase_4_seed202.jpg,e8d51b652d0b83cb,0.9952,1,1,1,12,chair,0.9952
17,ConAbl+L2SP(25000),MAC_L2,MA,chair,chair_paraphrase_4,paraphrase,4,303,/data/bijaypandey/cuig_pilot/seq_pilot/eval/MAC_L2/images/chair_paraphrase_4_seed303.jpg,dd835da568b3a1bd,0.9983,1,1,1,19,chair,0.9983
17,ConAbl+L2SP(25000),MAC_L2,MA,chair,chair_paraphrase_4,paraphrase,4,404,/data/bijaypandey/cuig_pilot/seq_pilot/eval/MAC_L2/images/chair_paraphrase_4_seed404.jpg,0ca7332fd65432b5,0.9931,1,1,1,7,chair,0.9931
17,ConAbl+L2SP(25000),MAC_L2,MA,bicycle,bicycle_literal_0,literal,0,101,/data/bijaypandey/cuig_pilot/seq_pilot/eval/MAC_L2/images/bicycle_literal_0_seed101.jpg,e75d124c3bb3f837,0.9672,1,1,1,3,bicycle,0.9672
17,ConAbl+L2SP(25000),MAC_L2,MA,bicycle,bicycle_literal_0,literal,0,202,/data/bijaypandey/cuig_pilot/seq_pilot/eval/MAC_L2/images/bicycle_literal_0_seed202.jpg,d2bee08baed26c61,0.9989,1,1,1,3,bicycle,0.9989
17,ConAbl+L2SP(25000),MAC_L2,MA,bicycle,bicycle_literal_0,literal,0,303,/data/bijaypandey/cuig_pilot/seq_pilot/eval/MAC_L2/images/bicycle_literal_0_seed303.jpg,8c095b7305759349,0.9947,1,1,1,5,bicycle,0.9947
17,ConAbl+L2SP(25000),MAC_L2,MA,bicycle,bicycle_literal_0,literal,0,404,/data/bijaypandey/cuig_pilot/seq_pilot/eval/MAC_L2/images/bicycle_literal_0_seed404.jpg,574b96a38baf6ecd,0.9983,1,1,1,3,bicycle,0.9983
17,ConAbl+L2SP(25000),MAC_L2,MA,bicycle,bicycle_literal_1,literal,1,101,/data/bijaypandey/cuig_pilot/seq_pilot/eval/MAC_L2/images/bicycle_literal_1_seed101.jpg,2b178850e798fd84,0.9958,1,1,1,14,bicycle,0.9958
17,ConAbl+L2SP(25000),MAC_L2,MA,bicycle,bicycle_literal_1,literal,1,202,/data/bijaypandey/cuig_pilot/seq_pilot/eval/MAC_L2/images/bicycle_literal_1_seed202.jpg,f2392a95052685c9,0.9986,1,1,1,7,bicycle,0.9986
17,ConAbl+L2SP(25000),MAC_L2,MA,bicycle,bicycle_literal_1,literal,1,303,/data/bijaypandey/cuig_pilot/seq_pilot/eval/MAC_L2/images/bicycle_literal_1_seed303.jpg,8f2187eea52e7fae,0.9985,1,1,1,15,bicycle,0.9985
17,ConAbl+L2SP(25000),MAC_L2,MA,bicycle,bicycle_literal_1,literal,1,404,/data/bijaypandey/cuig_pilot/seq_pilot/eval/MAC_L2/images/bicycle_literal_1_seed404.jpg,25bec0630e92295e,0.9996,1,1,1,4,bicycle,0.9996
17,ConAbl+L2SP(25000),MAC_L2,MA,bicycle,bicycle_literal_2,literal,2,101,/data/bijaypandey/cuig_pilot/seq_pilot/eval/MAC_L2/images/bicycle_literal_2_seed101.jpg,0f68e4959706911a,0.9965,1,1,1,5,bicycle,0.9965
17,ConAbl+L2SP(25000),MAC_L2,MA,bicycle,bicycle_literal_2,literal,2,202,/data/bijaypandey/cuig_pilot/seq_pilot/eval/MAC_L2/images/bicycle_literal_2_seed202.jpg,cae2585d9fee3e72,0.9963,1,1,1,4,bicycle,0.9963
17,ConAbl+L2SP(25000),MAC_L2,MA,bicycle,bicycle_literal_2,literal,2,303,/data/bijaypandey/cuig_pilot/seq_pilot/eval/MAC_L2/images/bicycle_literal_2_seed303.jpg,0e44d0e1e81555d0,0.9994,1,1,1,1,bicycle,0.9994
17,ConAbl+L2SP(25000),MAC_L2,MA,bicycle,bicycle_literal_2,literal,2,404,/data/bijaypandey/cuig_pilot/seq_pilot/eval/MAC_L2/images/bicycle_literal_2_seed404.jpg,b78581dbafd80253,0.9988,1,1,1,3,bicycle,0.9988
17,ConAbl+L2SP(25000),MAC_L2,MA,bicycle,bicycle_literal_3,literal,3,101,/data/bijaypandey/cuig_pilot/seq_pilot/eval/MAC_L2/images/bicycle_literal_3_seed101.jpg,9bb307cb360f1a73,0.8541,1,1,1,25,bicycle,0.8541
17,ConAbl+L2SP(25000),MAC_L2,MA,bicycle,bicycle_literal_3,literal,3,202,/data/bijaypandey/cuig_pilot/seq_pilot/eval/MAC_L2/images/bicycle_literal_3_seed202.jpg,056c6272634184ad,0.9636,1,1,1,7,bicycle,0.9636
17,ConAbl+L2SP(25000),MAC_L2,MA,bicycle,bicycle_literal_3,literal,3,303,/data/bijaypandey/cuig_pilot/seq_pilot/eval/MAC_L2/images/bicycle_literal_3_seed303.jpg,fe703dd03b1eae05,0.9933,1,1,1,21,bicycle,0.9933
17,ConAbl+L2SP(25000),MAC_L2,MA,bicycle,bicycle_literal_3,literal,3,404,/data/bijaypandey/cuig_pilot/seq_pilot/eval/MAC_L2/images/bicycle_literal_3_seed404.jpg,0a7d8c2c1f406e8a,0.8720,1,1,1,6,bicycle,0.8720
17,ConAbl+L2SP(25000),MAC_L2,MA,bicycle,bicycle_literal_4,literal,4,101,/data/bijaypandey/cuig_pilot/seq_pilot/eval/MAC_L2/images/bicycle_literal_4_seed101.jpg,357a339c491e67c1,0.9982,1,1,1,5,bicycle,0.9982
17,ConAbl+L2SP(25000),MAC_L2,MA,bicycle,bicycle_literal_4,literal,4,202,/data/bijaypandey/cuig_pilot/seq_pilot/eval/MAC_L2/images/bicycle_literal_4_seed202.jpg,e90d1631358754e9,0.9989,1,1,1,6,bicycle,0.9989
17,ConAbl+L2SP(25000),MAC_L2,MA,bicycle,bicycle_literal_4,literal,4,303,/data/bijaypandey/cuig_pilot/seq_pilot/eval/MAC_L2/images/bicycle_literal_4_seed303.jpg,e9e4d3515f46f21a,0.9959,1,1,1,5,bicycle,0.9959
17,ConAbl+L2SP(25000),MAC_L2,MA,bicycle,bicycle_literal_4,literal,4,404,/data/bijaypandey/cuig_pilot/seq_pilot/eval/MAC_L2/images/bicycle_literal_4_seed404.jpg,8803d369c1a6fe33,0.9969,1,1,1,32,bicycle,0.9969
17,ConAbl+L2SP(25000),MAC_L2,MA,bicycle,bicycle_paraphrase_0,paraphrase,0,101,/data/bijaypandey/cuig_pilot/seq_pilot/eval/MAC_L2/images/bicycle_paraphrase_0_seed101.jpg,588a05e9038c2583,0.9966,1,1,1,2,bicycle,0.9966
17,ConAbl+L2SP(25000),MAC_L2,MA,bicycle,bicycle_paraphrase_0,paraphrase,0,202,/data/bijaypandey/cuig_pilot/seq_pilot/eval/MAC_L2/images/bicycle_paraphrase_0_seed202.jpg,7e46146a6d509f96,0.9955,1,1,1,7,bicycle,0.9955
17,ConAbl+L2SP(25000),MAC_L2,MA,bicycle,bicycle_paraphrase_0,paraphrase,0,303,/data/bijaypandey/cuig_pilot/seq_pilot/eval/MAC_L2/images/bicycle_paraphrase_0_seed303.jpg,250d8a4c1ec63274,0.9711,1,1,1,11,person,0.9837
17,ConAbl+L2SP(25000),MAC_L2,MA,bicycle,bicycle_paraphrase_0,paraphrase,0,404,/data/bijaypandey/cuig_pilot/seq_pilot/eval/MAC_L2/images/bicycle_paraphrase_0_seed404.jpg,c942d7e1154ccb8f,0.9969,1,1,1,7,person,0.9985
17,ConAbl+L2SP(25000),MAC_L2,MA,bicycle,bicycle_paraphrase_1,paraphrase,1,101,/data/bijaypandey/cuig_pilot/seq_pilot/eval/MAC_L2/images/bicycle_paraphrase_1_seed101.jpg,3e185158524769a6,0.9974,1,1,1,11,bicycle,0.9974
17,ConAbl+L2SP(25000),MAC_L2,MA,bicycle,bicycle_paraphrase_1,paraphrase,1,202,/data/bijaypandey/cuig_pilot/seq_pilot/eval/MAC_L2/images/bicycle_paraphrase_1_seed202.jpg,a6208bdca08ebe85,0.9956,1,1,1,6,bicycle,0.9956
17,ConAbl+L2SP(25000),MAC_L2,MA,bicycle,bicycle_paraphrase_1,paraphrase,1,303,/data/bijaypandey/cuig_pilot/seq_pilot/eval/MAC_L2/images/bicycle_paraphrase_1_seed303.jpg,9dc6c35d701c5461,0.9974,1,1,1,4,bicycle,0.9974
17,ConAbl+L2SP(25000),MAC_L2,MA,bicycle,bicycle_paraphrase_1,paraphrase,1,404,/data/bijaypandey/cuig_pilot/seq_pilot/eval/MAC_L2/images/bicycle_paraphrase_1_seed404.jpg,5eb22326906a4904,0.9988,1,1,1,4,bicycle,0.9988
17,ConAbl+L2SP(25000),MAC_L2,MA,bicycle,bicycle_paraphrase_2,paraphrase,2,101,/data/bijaypandey/cuig_pilot/seq_pilot/eval/MAC_L2/images/bicycle_paraphrase_2_seed101.jpg,fb464351ea6637a9,0.9952,1,1,1,19,bicycle,0.9952
17,ConAbl+L2SP(25000),MAC_L2,MA,bicycle,bicycle_paraphrase_2,paraphrase,2,202,/data/bijaypandey/cuig_pilot/seq_pilot/eval/MAC_L2/images/bicycle_paraphrase_2_seed202.jpg,5868a551b8b4b8c9,0.9937,1,1,1,10,person,0.9995
17,ConAbl+L2SP(25000),MAC_L2,MA,bicycle,bicycle_paraphrase_2,paraphrase,2,303,/data/bijaypandey/cuig_pilot/seq_pilot/eval/MAC_L2/images/bicycle_paraphrase_2_seed303.jpg,84b8459d7002f072,0.9628,1,1,1,5,bicycle,0.9628
17,ConAbl+L2SP(25000),MAC_L2,MA,bicycle,bicycle_paraphrase_2,paraphrase,2,404,/data/bijaypandey/cuig_pilot/seq_pilot/eval/MAC_L2/images/bicycle_paraphrase_2_seed404.jpg,acbd5cc2f565fe20,0.9820,1,1,1,13,person,0.9977
17,ConAbl+L2SP(25000),MAC_L2,MA,bicycle,bicycle_paraphrase_3,paraphrase,3,101,/data/bijaypandey/cuig_pilot/seq_pilot/eval/MAC_L2/images/bicycle_paraphrase_3_seed101.jpg,9f84ef8137888d43,0.9954,1,1,1,3,bicycle,0.9954
17,ConAbl+L2SP(25000),MAC_L2,MA,bicycle,bicycle_paraphrase_3,paraphrase,3,202,/data/bijaypandey/cuig_pilot/seq_pilot/eval/MAC_L2/images/bicycle_paraphrase_3_seed202.jpg,4e19c035dcf0259f,0.9949,1,1,1,8,bicycle,0.9949
17,ConAbl+L2SP(25000),MAC_L2,MA,bicycle,bicycle_paraphrase_3,paraphrase,3,303,/data/bijaypandey/cuig_pilot/seq_pilot/eval/MAC_L2/images/bicycle_paraphrase_3_seed303.jpg,7dd62f1eec95ee0d,0.9987,1,1,1,6,bicycle,0.9987
17,ConAbl+L2SP(25000),MAC_L2,MA,bicycle,bicycle_paraphrase_3,paraphrase,3,404,/data/bijaypandey/cuig_pilot/seq_pilot/eval/MAC_L2/images/bicycle_paraphrase_3_seed404.jpg,499d2fe3f9afeb01,0.9975,1,1,1,18,bicycle,0.9975
17,ConAbl+L2SP(25000),MAC_L2,MA,bicycle,bicycle_paraphrase_4,paraphrase,4,101,/data/bijaypandey/cuig_pilot/seq_pilot/eval/MAC_L2/images/bicycle_paraphrase_4_seed101.jpg,d3f33d4290bd1537,0.9124,1,1,1,4,bicycle,0.9124
17,ConAbl+L2SP(25000),MAC_L2,MA,bicycle,bicycle_paraphrase_4,paraphrase,4,202,/data/bijaypandey/cuig_pilot/seq_pilot/eval/MAC_L2/images/bicycle_paraphrase_4_seed202.jpg,b8c5ec48d668ef1e,0.0000,0,0,0,13,knife,0.4959
17,ConAbl+L2SP(25000),MAC_L2,MA,bicycle,bicycle_paraphrase_4,paraphrase,4,303,/data/bijaypandey/cuig_pilot/seq_pilot/eval/MAC_L2/images/bicycle_paraphrase_4_seed303.jpg,cf1b7bca8d80c091,0.0000,0,0,0,4,potted plant,0.4444
17,ConAbl+L2SP(25000),MAC_L2,MA,bicycle,bicycle_paraphrase_4,paraphrase,4,404,/data/bijaypandey/cuig_pilot/seq_pilot/eval/MAC_L2/images/bicycle_paraphrase_4_seed404.jpg,1428db6d12c761fc,0.9912,1,1,1,4,bicycle,0.9912
