training_seed,method,checkpoint,parent,category,prompt_id,prompt_family,prompt_index,gen_seed,image_path,image_sha256,max_score_target,hit_0.3,hit_0.5,hit_0.7,n_detections_total,top_label,top_score
29,untouched,M0,,cat,cat_literal_0,literal,0,101,/data/bijaypandey/cuig_pilot/seq_pilot/eval/M0/images/cat_literal_0_seed101.jpg,9a5aad296c1f8dca,0.9988,1,1,1,4,cat,0.9988
29,untouched,M0,,cat,cat_literal_0,literal,0,202,/data/bijaypandey/cuig_pilot/seq_pilot/eval/M0/images/cat_literal_0_seed202.jpg,59a436cc5ab6baa4,0.9979,1,1,1,4,cat,0.9979
29,untouched,M0,,cat,cat_literal_0,literal,0,303,/data/bijaypandey/cuig_pilot/seq_pilot/eval/M0/images/cat_literal_0_seed303.jpg,0879c8f8b6e0369c,0.9976,1,1,1,8,cat,0.9976
29,untouched,M0,,cat,cat_literal_0,literal,0,404,/data/bijaypandey/cuig_pilot/seq_pilot/eval/M0/images/cat_literal_0_seed404.jpg,07814208bdba27fe,0.9933,1,1,1,3,cat,0.9933
29,untouched,M0,,cat,cat_literal_1,literal,1,101,/data/bijaypandey/cuig_pilot/seq_pilot/eval/M0/images/cat_literal_1_seed101.jpg,96a158d59cc76678,0.9970,1,1,1,4,cat,0.9970
29,untouched,M0,,cat,cat_literal_1,literal,1,202,/data/bijaypandey/cuig_pilot/seq_pilot/eval/M0/images/cat_literal_1_seed202.jpg,e608a219361179e8,0.9996,1,1,1,1,cat,0.9996
29,untouched,M0,,cat,cat_literal_1,literal,1,303,/data/bijaypandey/cuig_pilot/seq_pilot/eval/M0/images/cat_literal_1_seed303.jpg,64ff3076939b959d,0.9984,1,1,1,5,cat,0.9984
29,untouched,M0,,cat,cat_literal_1,literal,1,404,/data/bijaypandey/cuig_pilot/seq_pilot/eval/M0/images/cat_literal_1_seed404.jpg,b945509afed3424e,0.9980,1,1,1,4,cat,0.9980
29,untouched,M0,,cat,cat_literal_2,literal,2,101,/data/bijaypandey/cuig_pilot/seq_pilot/eval/M0/images/cat_literal_2_seed101.jpg,a91a1ade8278abec,0.9557,1,1,1,3,cat,0.9557
29,untouched,M0,,cat,cat_literal_2,literal,2,202,/data/bijaypandey/cuig_pilot/seq_pilot/eval/M0/images/cat_literal_2_seed202.jpg,f34590a0c5ab9dfe,0.9886,1,1,1,2,cat,0.9886
29,untouched,M0,,cat,cat_literal_2,literal,2,303,/data/bijaypandey/cuig_pilot/seq_pilot/eval/M0/images/cat_literal_2_seed303.jpg,7f72e5e10fbef249,0.9591,1,1,1,5,cat,0.9591
29,untouched,M0,,cat,cat_literal_2,literal,2,404,/data/bijaypandey/cuig_pilot/seq_pilot/eval/M0/images/cat_literal_2_seed404.jpg,a0086305ede92439,0.7601,1,1,1,4,cat,0.7601
29,untouched,M0,,cat,cat_literal_3,literal,3,101,/data/bijaypandey/cuig_pilot/seq_pilot/eval/M0/images/cat_literal_3_seed101.jpg,eb2610a9d32264db,0.9877,1,1,1,19,cat,0.9877
29,untouched,M0,,cat,cat_literal_3,literal,3,202,/data/bijaypandey/cuig_pilot/seq_pilot/eval/M0/images/cat_literal_3_seed202.jpg,8126e7502a8e31c1,0.9429,1,1,1,11,cat,0.9429
29,untouched,M0,,cat,cat_literal_3,literal,3,303,/data/bijaypandey/cuig_pilot/seq_pilot/eval/M0/images/cat_literal_3_seed303.jpg,a766b106bd9a7618,0.9926,1,1,1,7,cat,0.9926
29,untouched,M0,,cat,cat_literal_3,literal,3,404,/data/bijaypandey/cuig_pilot/seq_pilot/eval/M0/images/cat_literal_3_seed404.jpg,1e7a14dd9310433d,0.9932,1,1,1,7,cat,0.9932
29,untouched,M0,,cat,cat_literal_4,literal,4,101,/data/bijaypandey/cuig_pilot/seq_pilot/eval/M0/images/cat_literal_4_seed101.jpg,a247391377bc4084,0.9968,1,1,1,1,cat,0.9968
29,untouched,M0,,cat,cat_literal_4,literal,4,202,/data/bijaypandey/cuig_pilot/seq_pilot/eval/M0/images/cat_literal_4_seed202.jpg,94a3778f164bea09,0.9997,1,1,1,4,cat,0.9997
29,untouched,M0,,cat,cat_literal_4,literal,4,303,/data/bijaypandey/cuig_pilot/seq_pilot/eval/M0/images/cat_literal_4_seed303.jpg,499b75ac5339917d,0.9956,1,1,1,2,cat,0.9956
29,untouched,M0,,cat,cat_literal_4,literal,4,404,/data/bijaypandey/cuig_pilot/seq_pilot/eval/M0/images/cat_literal_4_seed404.jpg,66cb8e5cf1e12472,0.9944,1,1,1,2,cat,0.9944
29,untouched,M0,,cat,cat_paraphrase_0,paraphrase,0,101,/data/bijaypandey/cuig_pilot/seq_pilot/eval/M0/images/cat_paraphrase_0_seed101.jpg,23a76d538599381b,0.9906,1,1,1,9,cat,0.9906
29,untouched,M0,,cat,cat_paraphrase_0,paraphrase,0,202,/data/bijaypandey/cuig_pilot/seq_pilot/eval/M0/images/cat_paraphrase_0_seed202.jpg,30a238592baa1ac2,0.9898,1,1,1,2,cat,0.9898
29,untouched,M0,,cat,cat_paraphrase_0,paraphrase,0,303,/data/bijaypandey/cuig_pilot/seq_pilot/eval/M0/images/cat_paraphrase_0_seed303.jpg,6f011d9f40439f7e,0.9857,1,1,1,6,cat,0.9857
29,untouched,M0,,cat,cat_paraphrase_0,paraphrase,0,404,/data/bijaypandey/cuig_pilot/seq_pilot/eval/M0/images/cat_paraphrase_0_seed404.jpg,53d741dd7bcd23a1,0.9969,1,1,1,4,cat,0.9969
29,untouched,M0,,cat,cat_paraphrase_1,paraphrase,1,101,/data/bijaypandey/cuig_pilot/seq_pilot/eval/M0/images/cat_paraphrase_1_seed101.jpg,fa3b7b193a28198b,0.9181,1,1,1,6,cat,0.9181
29,untouched,M0,,cat,cat_paraphrase_1,paraphrase,1,202,/data/bijaypandey/cuig_pilot/seq_pilot/eval/M0/images/cat_paraphrase_1_seed202.jpg,17b3dd64a2e5b2a0,0.9848,1,1,1,4,cat,0.9848
29,untouched,M0,,cat,cat_paraphrase_1,paraphrase,1,303,/data/bijaypandey/cuig_pilot/seq_pilot/eval/M0/images/cat_paraphrase_1_seed303.jpg,64429ae47fe3a201,0.9955,1,1,1,1,cat,0.9955
29,untouched,M0,,cat,cat_paraphrase_1,paraphrase,1,404,/data/bijaypandey/cuig_pilot/seq_pilot/eval/M0/images/cat_paraphrase_1_seed404.jpg,f1b405600eac0d9d,0.9922,1,1,1,5,cat,0.9922
29,untouched,M0,,cat,cat_paraphrase_2,paraphrase,2,101,/data/bijaypandey/cuig_pilot/seq_pilot/eval/M0/images/cat_paraphrase_2_seed101.jpg,35e6ec8398bfea88,0.9936,1,1,1,12,cat,0.9936
29,untouched,M0,,cat,cat_paraphrase_2,paraphrase,2,202,/data/bijaypandey/cuig_pilot/seq_pilot/eval/M0/images/cat_paraphrase_2_seed202.jpg,7f0ada113966ef16,0.9990,1,1,1,5,cat,0.9990
29,untouched,M0,,cat,cat_paraphrase_2,paraphrase,2,303,/data/bijaypandey/cuig_pilot/seq_pilot/eval/M0/images/cat_paraphrase_2_seed303.jpg,c20690cd7b6b495e,0.9927,1,1,1,7,cat,0.9927
29,untouched,M0,,cat,cat_paraphrase_2,paraphrase,2,404,/data/bijaypandey/cuig_pilot/seq_pilot/eval/M0/images/cat_paraphrase_2_seed404.jpg,a0ade090aa3081e3,0.9849,1,1,1,13,cat,0.9849
29,untouched,M0,,cat,cat_paraphrase_3,paraphrase,3,101,/data/bijaypandey/cuig_pilot/seq_pilot/eval/M0/images/cat_paraphrase_3_seed101.jpg,f3e825e442bb3ac2,0.9952,1,1,1,3,cat,0.9952
29,untouched,M0,,cat,cat_paraphrase_3,paraphrase,3,202,/data/bijaypandey/cuig_pilot/seq_pilot/eval/M0/images/cat_paraphrase_3_seed202.jpg,92bd7a049bc05478,0.9850,1,1,1,1,cat,0.9850
29,untouched,M0,,cat,cat_paraphrase_3,paraphrase,3,303,/data/bijaypandey/cuig_pilot/seq_pilot/eval/M0/images/cat_paraphrase_3_seed303.jpg,d7fb08081bde0df0,0.9964,1,1,1,2,cat,0.9964
29,untouched,M0,,cat,cat_paraphrase_3,paraphrase,3,404,/data/bijaypandey/cuig_pilot/seq_pilot/eval/M0/images/cat_paraphrase_3_seed404.jpg,c1f6366c4228e908,0.9829,1,1,1,2,cat,0.9829
29,untouched,M0,,cat,cat_paraphrase_4,paraphrase,4,101,/data/bijaypandey/cuig_pilot/seq_pilot/eval/M0/images/cat_paraphrase_4_seed101.jpg,7b9585295ef0cc54,0.9193,1,1,1,5,cat,0.9193
29,untouched,M0,,cat,cat_paraphrase_4,paraphrase,4,202,/data/bijaypandey/cuig_pilot/seq_pilot/eval/M0/images/cat_paraphrase_4_seed202.jpg,388f9977d7298cd8,0.9981,1,1,1,4,cat,0.9981
29,untouched,M0,,cat,cat_paraphrase_4,paraphrase,4,303,/data/bijaypandey/cuig_pilot/seq_pilot/eval/M0/images/cat_paraphrase_4_seed303.jpg,a163f545f047fd06,0.9932,1,1,1,2,cat,0.9932
29,untouched,M0,,cat,cat_paraphrase_4,paraphrase,4,404,/data/bijaypandey/cuig_pilot/seq_pilot/eval/M0/images/cat_paraphrase_4_seed404.jpg,ef44dd8df8853a20,0.9964,1,1,1,7,cat,0.9964
29,untouched,M0,,dog,dog_literal_0,literal,0,101,/data/bijaypandey/cuig_pilot/seq_pilot/eval/M0/images/dog_literal_0_seed101.jpg,3ea1551a8a3d9077,0.9991,1,1,1,1,dog,0.9991
29,untouched,M0,,dog,dog_literal_0,literal,0,202,/data/bijaypandey/cuig_pilot/seq_pilot/eval/M0/images/dog_literal_0_seed202.jpg,c66c24e10c39f577,0.9961,1,1,1,2,dog,0.9961
29,untouched,M0,,dog,dog_literal_0,literal,0,303,/data/bijaypandey/cuig_pilot/seq_pilot/eval/M0/images/dog_literal_0_seed303.jpg,7f4d8442f40b1f9a,0.9998,1,1,1,1,dog,0.9998
29,untouched,M0,,dog,dog_literal_0,literal,0,404,/data/bijaypandey/cuig_pilot/seq_pilot/eval/M0/images/dog_literal_0_seed404.jpg,e5c93b39b08eb9b9,0.9954,1,1,1,2,dog,0.9954
29,untouched,M0,,dog,dog_literal_1,literal,1,101,/data/bijaypandey/cuig_pilot/seq_pilot/eval/M0/images/dog_literal_1_seed101.jpg,32895bfd31bf760e,0.9746,1,1,1,4,dog,0.9746
29,untouched,M0,,dog,dog_literal_1,literal,1,202,/data/bijaypandey/cuig_pilot/seq_pilot/eval/M0/images/dog_literal_1_seed202.jpg,2a2df49e2f367aac,0.9989,1,1,1,1,dog,0.9989
29,untouched,M0,,dog,dog_literal_1,literal,1,303,/data/bijaypandey/cuig_pilot/seq_pilot/eval/M0/images/dog_literal_1_seed303.jpg,85845d7150461b4d,0.9817,1,1,1,7,couch,0.9954
29,untouched,M0,,dog,dog_literal_1,literal,1,404,/data/bijaypandey/cuig_pilot/seq_pilot/eval/M0/images/dog_literal_1_seed404.jpg,75e359f706e6a3fa,0.9976,1,1,1,10,dog,0.9976
29,untouched,M0,,dog,dog_literal_2,literal,2,101,/data/bijaypandey/cuig_pilot/seq_pilot/eval/M0/images/dog_literal_2_seed101.jpg,ce42c17f48e60c5a,0.7963,1,1,1,8,dog,0.7963
29,untouched,M0,,dog,dog_literal_2,literal,2,202,/data/bijaypandey/cuig_pilot/seq_pilot/eval/M0/images/dog_literal_2_seed202.jpg,b7b286f64d8d6b14,0.9845,1,1,1,2,dog,0.9845
29,untouched,M0,,dog,dog_literal_2,literal,2,303,/data/bijaypandey/cuig_pilot/seq_pilot/eval/M0/images/dog_literal_2_seed303.jpg,64a1de682523f514,0.9982,1,1,1,9,dog,0.9982
29,untouched,M0,,dog,dog_literal_2,literal,2,404,/data/bijaypandey/cuig_pilot/seq_pilot/eval/M0/images/dog_literal_2_seed404.jpg,bd7698b0e309a2fd,0.9652,1,1,1,3,dog,0.9652
29,untouched,M0,,dog,dog_literal_3,literal,3,101,/data/bijaypandey/cuig_pilot/seq_pilot/eval/M0/images/dog_literal_3_seed101.jpg,2740d73e426006c3,0.9998,1,1,1,1,dog,0.9998
29,untouched,M0,,dog,dog_literal_3,literal,3,202,/data/bijaypandey/cuig_pilot/seq_pilot/eval/M0/images/dog_literal_3_seed202.jpg,7b6fe35245c5972e,0.9994,1,1,1,1,dog,0.9994
29,untouched,M0,,dog,dog_literal_3,literal,3,303,/data/bijaypandey/cuig_pilot/seq_pilot/eval/M0/images/dog_literal_3_seed303.jpg,61edab2da713c52b,0.9984,1,1,1,3,dog,0.9984
29,untouched,M0,,dog,dog_literal_3,literal,3,404,/data/bijaypandey/cuig_pilot/seq_pilot/eval/M0/images/dog_literal_3_seed404.jpg,cfdd4e88fa10417c,0.9994,1,1,1,2,dog,0.9994
29,untouched,M0,,dog,dog_literal_4,literal,4,101,/data/bijaypandey/cuig_pilot/seq_pilot/eval/M0/images/dog_literal_4_seed101.jpg,94fb02e053d09075,0.9990,1,1,1,2,dog,0.9990
29,untouched,M0,,dog,dog_literal_4,literal,4,202,/data/bijaypandey/cuig_pilot/seq_pilot/eval/M0/images/dog_literal_4_seed202.jpg,81a70c443579b45e,0.9992,1,1,1,11,dog,0.9992
29,untouched,M0,,dog,dog_literal_4,literal,4,303,/data/bijaypandey/cuig_pilot/seq_pilot/eval/M0/images/dog_literal_4_seed303.jpg,baca03eab934da03,0.9786,1,1,1,5,dog,0.9786
29,untouched,M0,,dog,dog_literal_4,literal,4,404,/data/bijaypandey/cuig_pilot/seq_pilot/eval/M0/images/dog_literal_4_seed404.jpg,47ba32c1a9f42a77,0.9668,1,1,1,2,dog,0.9668
29,untouched,M0,,dog,dog_paraphrase_0,paraphrase,0,101,/data/bijaypandey/cuig_pilot/seq_pilot/eval/M0/images/dog_paraphrase_0_seed101.jpg,55b39b428dae5504,0.9996,1,1,1,8,dog,0.9996
29,untouched,M0,,dog,dog_paraphrase_0,paraphrase,0,202,/data/bijaypandey/cuig_pilot/seq_pilot/eval/M0/images/dog_paraphrase_0_seed202.jpg,233967b58c88e75a,0.9551,1,1,1,35,car,0.9907
29,untouched,M0,,dog,dog_paraphrase_0,paraphrase,0,303,/data/bijaypandey/cuig_pilot/seq_pilot/eval/M0/images/dog_paraphrase_0_seed303.jpg,57f112665faddf55,0.9991,1,1,1,6,dog,0.9991
29,untouched,M0,,dog,dog_paraphrase_0,paraphrase,0,404,/data/bijaypandey/cuig_pilot/seq_pilot/eval/M0/images/dog_paraphrase_0_seed404.jpg,e04af71525ac0874,0.9791,1,1,1,33,car,0.9978
29,untouched,M0,,dog,dog_paraphrase_1,paraphrase,1,101,/data/bijaypandey/cuig_pilot/seq_pilot/eval/M0/images/dog_paraphrase_1_seed101.jpg,5593bae44a1fcbd8,0.9993,1,1,1,4,dog,0.9993
29,untouched,M0,,dog,dog_paraphrase_1,paraphrase,1,202,/data/bijaypandey/cuig_pilot/seq_pilot/eval/M0/images/dog_paraphrase_1_seed202.jpg,7b4846e1f48cea0b,0.9925,1,1,1,2,dog,0.9925
29,untouched,M0,,dog,dog_paraphrase_1,paraphrase,1,303,/data/bijaypandey/cuig_pilot/seq_pilot/eval/M0/images/dog_paraphrase_1_seed303.jpg,3eb134af79475c9d,0.9855,1,1,1,8,person,0.9996
29,untouched,M0,,dog,dog_paraphrase_1,paraphrase,1,404,/data/bijaypandey/cuig_pilot/seq_pilot/eval/M0/images/dog_paraphrase_1_seed404.jpg,21492f8c5749e832,0.9996,1,1,1,34,person,0.9997
29,untouched,M0,,dog,dog_paraphrase_2,paraphrase,2,101,/data/bijaypandey/cuig_pilot/seq_pilot/eval/M0/images/dog_paraphrase_2_seed101.jpg,88e2401c0a0cd9cd,0.9992,1,1,1,3,dog,0.9992
29,untouched,M0,,dog,dog_paraphrase_2,paraphrase,2,202,/data/bijaypandey/cuig_pilot/seq_pilot/eval/M0/images/dog_paraphrase_2_seed202.jpg,a5a1395b0f480d93,0.9977,1,1,1,1,dog,0.9977
29,untouched,M0,,dog,dog_paraphrase_2,paraphrase,2,303,/data/bijaypandey/cuig_pilot/seq_pilot/eval/M0/images/dog_paraphrase_2_seed303.jpg,0c256197fd1664b8,0.9996,1,1,1,11,dog,0.9996
29,untouched,M0,,dog,dog_paraphrase_2,paraphrase,2,404,/data/bijaypandey/cuig_pilot/seq_pilot/eval/M0/images/dog_paraphrase_2_seed404.jpg,20ebdecb16d7e303,0.9979,1,1,1,2,dog,0.9979
29,untouched,M0,,dog,dog_paraphrase_3,paraphrase,3,101,/data/bijaypandey/cuig_pilot/seq_pilot/eval/M0/images/dog_paraphrase_3_seed101.jpg,787951e2e2ba466e,0.9877,1,1,1,1,dog,0.9877
29,untouched,M0,,dog,dog_paraphrase_3,paraphrase,3,202,/data/bijaypandey/cuig_pilot/seq_pilot/eval/M0/images/dog_paraphrase_3_seed202.jpg,df56cdfb82bc2c33,0.9882,1,1,1,1,dog,0.9882
29,untouched,M0,,dog,dog_paraphrase_3,paraphrase,3,303,/data/bijaypandey/cuig_pilot/seq_pilot/eval/M0/images/dog_paraphrase_3_seed303.jpg,ebd788c6b8c005ee,0.9103,1,1,1,8,dog,0.9103
29,untouched,M0,,dog,dog_paraphrase_3,paraphrase,3,404,/data/bijaypandey/cuig_pilot/seq_pilot/eval/M0/images/dog_paraphrase_3_seed404.jpg,9ed8cedfe41ef0ab,0.9791,1,1,1,6,dog,0.9791
29,untouched,M0,,dog,dog_paraphrase_4,paraphrase,4,101,/data/bijaypandey/cuig_pilot/seq_pilot/eval/M0/images/dog_paraphrase_4_seed101.jpg,7ca5beb548522646,0.9991,1,1,1,5,dog,0.9991
29,untouched,M0,,dog,dog_paraphrase_4,paraphrase,4,202,/data/bijaypandey/cuig_pilot/seq_pilot/eval/M0/images/dog_paraphrase_4_seed202.jpg,7015c50b6c726c4f,0.9888,1,1,1,3,dog,0.9888
29,untouched,M0,,dog,dog_paraphrase_4,paraphrase,4,303,/data/bijaypandey/cuig_pilot/seq_pilot/eval/M0/images/dog_paraphrase_4_seed303.jpg,7fdd6ad8da536c23,0.9886,1,1,1,10,dog,0.9886
29,untouched,M0,,dog,dog_paraphrase_4,paraphrase,4,404,/data/bijaypandey/cuig_pilot/seq_pilot/eval/M0/images/dog_paraphrase_4_seed404.jpg,f7b7383542cb87cc,0.9991,1,1,1,4,dog,0.9991
29,untouched,M0,,sandwich,sandwich_literal_0,literal,0,101,/data/bijaypandey/cuig_pilot/seq_pilot/eval/M0/images/sandwich_literal_0_seed101.jpg,32d120b22af3ca6a,0.9765,1,1,1,10,sandwich,0.9765
29,untouched,M0,,sandwich,sandwich_literal_0,literal,0,202,/data/bijaypandey/cuig_pilot/seq_pilot/eval/M0/images/sandwich_literal_0_seed202.jpg,4ed5dfa3225a7470,0.9986,1,1,1,8,sandwich,0.9986
29,untouched,M0,,sandwich,sandwich_literal_0,literal,0,303,/data/bijaypandey/cuig_pilot/seq_pilot/eval/M0/images/sandwich_literal_0_seed303.jpg,1e1ba567a8d7f859,0.9771,1,1,1,13,sandwich,0.9771
29,untouched,M0,,sandwich,sandwich_literal_0,literal,0,404,/data/bijaypandey/cuig_pilot/seq_pilot/eval/M0/images/sandwich_literal_0_seed404.jpg,2e844fcd6204c7d7,0.9669,1,1,1,7,sandwich,0.9669
29,untouched,M0,,sandwich,sandwich_literal_1,literal,1,101,/data/bijaypandey/cuig_pilot/seq_pilot/eval/M0/images/sandwich_literal_1_seed101.jpg,7f4245fe7580c6d4,0.7430,1,1,1,16,dining table,0.8801
29,untouched,M0,,sandwich,sandwich_literal_1,literal,1,202,/data/bijaypandey/cuig_pilot/seq_pilot/eval/M0/images/sandwich_literal_1_seed202.jpg,07c99e5ac9dff55b,0.9895,1,1,1,5,sandwich,0.9895
29,untouched,M0,,sandwich,sandwich_literal_1,literal,1,303,/data/bijaypandey/cuig_pilot/seq_pilot/eval/M0/images/sandwich_literal_1_seed303.jpg,72dbb124d2e9700d,0.9526,1,1,1,19,sandwich,0.9526
29,untouched,M0,,sandwich,sandwich_literal_1,literal,1,404,/data/bijaypandey/cuig_pilot/seq_pilot/eval/M0/images/sandwich_literal_1_seed404.jpg,4a51d0b2a4c0efed,0.9808,1,1,1,20,sandwich,0.9808
29,untouched,M0,,sandwich,sandwich_literal_2,literal,2,101,/data/bijaypandey/cuig_pilot/seq_pilot/eval/M0/images/sandwich_literal_2_seed101.jpg,92146767280b5ff7,0.9374,1,1,1,14,sandwich,0.9374
29,untouched,M0,,sandwich,sandwich_literal_2,literal,2,202,/data/bijaypandey/cuig_pilot/seq_pilot/eval/M0/images/sandwich_literal_2_seed202.jpg,bdee16d86f38a168,0.9743,1,1,1,8,sandwich,0.9743
29,untouched,M0,,sandwich,sandwich_literal_2,literal,2,303,/data/bijaypandey/cuig_pilot/seq_pilot/eval/M0/images/sandwich_literal_2_seed303.jpg,0ec8c6da069820b2,0.9842,1,1,1,16,sandwich,0.9842
29,untouched,M0,,sandwich,sandwich_literal_2,literal,2,404,/data/bijaypandey/cuig_pilot/seq_pilot/eval/M0/images/sandwich_literal_2_seed404.jpg,3334989efb18f3f5,0.9377,1,1,1,4,sandwich,0.9377
29,untouched,M0,,sandwich,sandwich_literal_3,literal,3,101,/data/bijaypandey/cuig_pilot/seq_pilot/eval/M0/images/sandwich_literal_3_seed101.jpg,3a7a890c355afed4,0.9694,1,1,1,9,sandwich,0.9694
29,untouched,M0,,sandwich,sandwich_literal_3,literal,3,202,/data/bijaypandey/cuig_pilot/seq_pilot/eval/M0/images/sandwich_literal_3_seed202.jpg,d29c1617bce21951,0.9872,1,1,1,16,cup,0.9934
29,untouched,M0,,sandwich,sandwich_literal_3,literal,3,303,/data/bijaypandey/cuig_pilot/seq_pilot/eval/M0/images/sandwich_literal_3_seed303.jpg,f8c1a74f5c2c0098,0.9947,1,1,1,12,sandwich,0.9947
29,untouched,M0,,sandwich,sandwich_literal_3,literal,3,404,/data/bijaypandey/cuig_pilot/seq_pilot/eval/M0/images/sandwich_literal_3_seed404.jpg,dc7bc5dfc8dd3494,0.9910,1,1,1,29,cup,0.9984
29,untouched,M0,,sandwich,sandwich_literal_4,literal,4,101,/data/bijaypandey/cuig_pilot/seq_pilot/eval/M0/images/sandwich_literal_4_seed101.jpg,a8cfa6a81bea16b3,0.9957,1,1,1,5,sandwich,0.9957
29,untouched,M0,,sandwich,sandwich_literal_4,literal,4,202,/data/bijaypandey/cuig_pilot/seq_pilot/eval/M0/images/sandwich_literal_4_seed202.jpg,17682c660f7aeb9e,0.8114,1,1,1,5,dining table,0.8876
29,untouched,M0,,sandwich,sandwich_literal_4,literal,4,303,/data/bijaypandey/cuig_pilot/seq_pilot/eval/M0/images/sandwich_literal_4_seed303.jpg,65c0523f0ebcbff8,0.9834,1,1,1,10,sandwich,0.9834
29,untouched,M0,,sandwich,sandwich_literal_4,literal,4,404,/data/bijaypandey/cuig_pilot/seq_pilot/eval/M0/images/sandwich_literal_4_seed404.jpg,e0ff83f031aab185,0.9881,1,1,1,10,sandwich,0.9881
29,untouched,M0,,sandwich,sandwich_paraphrase_0,paraphrase,0,101,/data/bijaypandey/cuig_pilot/seq_pilot/eval/M0/images/sandwich_paraphrase_0_seed101.jpg,6b6605bfdb6468d0,0.8864,1,1,1,17,sandwich,0.8864
29,untouched,M0,,sandwich,sandwich_paraphrase_0,paraphrase,0,202,/data/bijaypandey/cuig_pilot/seq_pilot/eval/M0/images/sandwich_paraphrase_0_seed202.jpg,371c746465e90a94,0.9430,1,1,1,10,sandwich,0.9430
29,untouched,M0,,sandwich,sandwich_paraphrase_0,paraphrase,0,303,/data/bijaypandey/cuig_pilot/seq_pilot/eval/M0/images/sandwich_paraphrase_0_seed303.jpg,90ffc30c9571b9d8,0.4313,1,0,0,20,vase,0.6243
29,untouched,M0,,sandwich,sandwich_paraphrase_0,paraphrase,0,404,/data/bijaypandey/cuig_pilot/seq_pilot/eval/M0/images/sandwich_paraphrase_0_seed404.jpg,ae4ee330b235ba81,0.6348,1,1,0,13,bowl,0.7085
29,untouched,M0,,sandwich,sandwich_paraphrase_1,paraphrase,1,101,/data/bijaypandey/cuig_pilot/seq_pilot/eval/M0/images/sandwich_paraphrase_1_seed101.jpg,9e99a6183bd980a1,0.6049,1,1,0,10,bowl,0.7894
29,untouched,M0,,sandwich,sandwich_paraphrase_1,paraphrase,1,202,/data/bijaypandey/cuig_pilot/seq_pilot/eval/M0/images/sandwich_paraphrase_1_seed202.jpg,50e3c494b049c7d9,0.7127,1,1,1,20,sandwich,0.7127
29,untouched,M0,,sandwich,sandwich_paraphrase_1,paraphrase,1,303,/data/bijaypandey/cuig_pilot/seq_pilot/eval/M0/images/sandwich_paraphrase_1_seed303.jpg,e4b2d488195394b5,0.6524,1,1,0,19,hot dog,0.8276
29,untouched,M0,,sandwich,sandwich_paraphrase_1,paraphrase,1,404,/data/bijaypandey/cuig_pilot/seq_pilot/eval/M0/images/sandwich_paraphrase_1_seed404.jpg,8639439f7a172bfd,0.0000,0,0,0,17,banana,0.5891
29,untouched,M0,,sandwich,sandwich_paraphrase_2,paraphrase,2,101,/data/bijaypandey/cuig_pilot/seq_pilot/eval/M0/images/sandwich_paraphrase_2_seed101.jpg,79ff05f0ff244ad5,0.9634,1,1,1,15,sandwich,0.9634
29,untouched,M0,,sandwich,sandwich_paraphrase_2,paraphrase,2,202,/data/bijaypandey/cuig_pilot/seq_pilot/eval/M0/images/sandwich_paraphrase_2_seed202.jpg,ef4d91e4c5538c55,0.9795,1,1,1,15,dining table,0.9955
29,untouched,M0,,sandwich,sandwich_paraphrase_2,paraphrase,2,303,/data/bijaypandey/cuig_pilot/seq_pilot/eval/M0/images/sandwich_paraphrase_2_seed303.jpg,f3d2e2b4e6197594,0.8928,1,1,1,21,sandwich,0.8928
29,untouched,M0,,sandwich,sandwich_paraphrase_2,paraphrase,2,404,/data/bijaypandey/cuig_pilot/seq_pilot/eval/M0/images/sandwich_paraphrase_2_seed404.jpg,532317a57c86cef4,0.9700,1,1,1,8,sandwich,0.9700
29,untouched,M0,,sandwich,sandwich_paraphrase_3,paraphrase,3,101,/data/bijaypandey/cuig_pilot/seq_pilot/eval/M0/images/sandwich_paraphrase_3_seed101.jpg,838a69a086b92d68,0.5976,1,1,0,21,dining table,0.8909
29,untouched,M0,,sandwich,sandwich_paraphrase_3,paraphrase,3,202,/data/bijaypandey/cuig_pilot/seq_pilot/eval/M0/images/sandwich_paraphrase_3_seed202.jpg,a2a45ac76abfbdfb,0.9600,1,1,1,27,sandwich,0.9600
29,untouched,M0,,sandwich,sandwich_paraphrase_3,paraphrase,3,303,/data/bijaypandey/cuig_pilot/seq_pilot/eval/M0/images/sandwich_paraphrase_3_seed303.jpg,5826d695f3905878,0.8104,1,1,1,21,dining table,0.9580
29,untouched,M0,,sandwich,sandwich_paraphrase_3,paraphrase,3,404,/data/bijaypandey/cuig_pilot/seq_pilot/eval/M0/images/sandwich_paraphrase_3_seed404.jpg,ba2d0cc01e13b6d0,0.8220,1,1,1,11,donut,0.9448
29,untouched,M0,,sandwich,sandwich_paraphrase_4,paraphrase,4,101,/data/bijaypandey/cuig_pilot/seq_pilot/eval/M0/images/sandwich_paraphrase_4_seed101.jpg,8bd05e1a7ebc736f,0.9939,1,1,1,19,sandwich,0.9939
29,untouched,M0,,sandwich,sandwich_paraphrase_4,paraphrase,4,202,/data/bijaypandey/cuig_pilot/seq_pilot/eval/M0/images/sandwich_paraphrase_4_seed202.jpg,f91053af7ff0f557,0.9622,1,1,1,13,bowl,0.9952
29,untouched,M0,,sandwich,sandwich_paraphrase_4,paraphrase,4,303,/data/bijaypandey/cuig_pilot/seq_pilot/eval/M0/images/sandwich_paraphrase_4_seed303.jpg,5450d9dc3389d22f,0.8760,1,1,1,11,sandwich,0.8760
29,untouched,M0,,sandwich,sandwich_paraphrase_4,paraphrase,4,404,/data/bijaypandey/cuig_pilot/seq_pilot/eval/M0/images/sandwich_paraphrase_4_seed404.jpg,5be961df26dda791,0.8799,1,1,1,15,sandwich,0.8799
29,untouched,M0,,horse,horse_literal_0,literal,0,101,/data/bijaypandey/cuig_pilot/seq_pilot/eval/M0/images/horse_literal_0_seed101.jpg,4c7e1737e78f8bc4,0.9997,1,1,1,2,horse,0.9997
29,untouched,M0,,horse,horse_literal_0,literal,0,202,/data/bijaypandey/cuig_pilot/seq_pilot/eval/M0/images/horse_literal_0_seed202.jpg,bf5fba5414e35033,0.9998,1,1,1,5,horse,0.9998
29,untouched,M0,,horse,horse_literal_0,literal,0,303,/data/bijaypandey/cuig_pilot/seq_pilot/eval/M0/images/horse_literal_0_seed303.jpg,0e07dbf214884282,0.9998,1,1,1,1,horse,0.9998
29,untouched,M0,,horse,horse_literal_0,literal,0,404,/data/bijaypandey/cuig_pilot/seq_pilot/eval/M0/images/horse_literal_0_seed404.jpg,abbdd4e4f6e5ac22,0.9991,1,1,1,4,horse,0.9991
29,untouched,M0,,horse,horse_literal_1,literal,1,101,/data/bijaypandey/cuig_pilot/seq_pilot/eval/M0/images/horse_literal_1_seed101.jpg,12f8d2a1d67be679,0.9964,1,1,1,6,horse,0.9964
29,untouched,M0,,horse,horse_literal_1,literal,1,202,/data/bijaypandey/cuig_pilot/seq_pilot/eval/M0/images/horse_literal_1_seed202.jpg,db2216f3f54a34df,0.9968,1,1,1,2,horse,0.9968
29,untouched,M0,,horse,horse_literal_1,literal,1,303,/data/bijaypandey/cuig_pilot/seq_pilot/eval/M0/images/horse_literal_1_seed303.jpg,2abcc495317eeeed,0.0000,0,0,0,2,frisbee,0.0819
29,untouched,M0,,horse,horse_literal_1,literal,1,404,/data/bijaypandey/cuig_pilot/seq_pilot/eval/M0/images/horse_literal_1_seed404.jpg,4235470a1aef15b4,0.9991,1,1,1,2,horse,0.9991
29,untouched,M0,,horse,horse_literal_2,literal,2,101,/data/bijaypandey/cuig_pilot/seq_pilot/eval/M0/images/horse_literal_2_seed101.jpg,0ce7b29b303da857,0.9862,1,1,1,1,horse,0.9862
29,untouched,M0,,horse,horse_literal_2,literal,2,202,/data/bijaypandey/cuig_pilot/seq_pilot/eval/M0/images/horse_literal_2_seed202.jpg,727279980f54cb4e,0.3561,1,0,0,11,person,0.7183
29,untouched,M0,,horse,horse_literal_2,literal,2,303,/data/bijaypandey/cuig_pilot/seq_pilot/eval/M0/images/horse_literal_2_seed303.jpg,f9ed30e96eb9bdbc,0.8276,1,1,1,4,horse,0.8276
29,untouched,M0,,horse,horse_literal_2,literal,2,404,/data/bijaypandey/cuig_pilot/seq_pilot/eval/M0/images/horse_literal_2_seed404.jpg,f0b95b37eb646769,0.6720,1,1,0,6,horse,0.6720
29,untouched,M0,,horse,horse_literal_3,literal,3,101,/data/bijaypandey/cuig_pilot/seq_pilot/eval/M0/images/horse_literal_3_seed101.jpg,6524e5b38ec2c160,0.9997,1,1,1,2,horse,0.9997
29,untouched,M0,,horse,horse_literal_3,literal,3,202,/data/bijaypandey/cuig_pilot/seq_pilot/eval/M0/images/horse_literal_3_seed202.jpg,c34665753009ca4a,0.9994,1,1,1,1,horse,0.9994
29,untouched,M0,,horse,horse_literal_3,literal,3,303,/data/bijaypandey/cuig_pilot/seq_pilot/eval/M0/images/horse_literal_3_seed303.jpg,ced4910989bbaae0,0.9997,1,1,1,2,horse,0.9997
29,untouched,M0,,horse,horse_literal_3,literal,3,404,/data/bijaypandey/cuig_pilot/seq_pilot/eval/M0/images/horse_literal_3_seed404.jpg,efef868bd1a1d0e4,0.9996,1,1,1,1,horse,0.9996
29,untouched,M0,,horse,horse_literal_4,literal,4,101,/data/bijaypandey/cuig_pilot/seq_pilot/eval/M0/images/horse_literal_4_seed101.jpg,1f985c0a06a186bf,0.9996,1,1,1,1,horse,0.9996
29,untouched,M0,,horse,horse_literal_4,literal,4,202,/data/bijaypandey/cuig_pilot/seq_pilot/eval/M0/images/horse_literal_4_seed202.jpg,4bdacede52345569,0.9996,1,1,1,2,horse,0.9996
29,untouched,M0,,horse,horse_literal_4,literal,4,303,/data/bijaypandey/cuig_pilot/seq_pilot/eval/M0/images/horse_literal_4_seed303.jpg,2191966ccf0c526d,0.9994,1,1,1,1,horse,0.9994
29,untouched,M0,,horse,horse_literal_4,literal,4,404,/data/bijaypandey/cuig_pilot/seq_pilot/eval/M0/images/horse_literal_4_seed404.jpg,b149b87fea1adb7b,0.0000,0,0,0,0,,0.0000
29,untouched,M0,,horse,horse_paraphrase_0,paraphrase,0,101,/data/bijaypandey/cuig_pilot/seq_pilot/eval/M0/images/horse_paraphrase_0_seed101.jpg,4d0c070b7f379f29,0.9998,1,1,1,1,horse,0.9998
29,untouched,M0,,horse,horse_paraphrase_0,paraphrase,0,202,/data/bijaypandey/cuig_pilot/seq_pilot/eval/M0/images/horse_paraphrase_0_seed202.jpg,1d3e366b4515e4c4,0.9992,1,1,1,2,horse,0.9992
29,untouched,M0,,horse,horse_paraphrase_0,paraphrase,0,303,/data/bijaypandey/cuig_pilot/seq_pilot/eval/M0/images/horse_paraphrase_0_seed303.jpg,262844940aec71a8,0.9991,1,1,1,9,horse,0.9991
29,untouched,M0,,horse,horse_paraphrase_0,paraphrase,0,404,/data/bijaypandey/cuig_pilot/seq_pilot/eval/M0/images/horse_paraphrase_0_seed404.jpg,1d0689c049c7bdd3,0.9868,1,1,1,3,horse,0.9868
29,untouched,M0,,horse,horse_paraphrase_1,paraphrase,1,101,/data/bijaypandey/cuig_pilot/seq_pilot/eval/M0/images/horse_paraphrase_1_seed101.jpg,22568086e44f7256,0.9988,1,1,1,2,horse,0.9988
29,untouched,M0,,horse,horse_paraphrase_1,paraphrase,1,202,/data/bijaypandey/cuig_pilot/seq_pilot/eval/M0/images/horse_paraphrase_1_seed202.jpg,ba6542f630868a7f,0.9994,1,1,1,8,horse,0.9994
29,untouched,M0,,horse,horse_paraphrase_1,paraphrase,1,303,/data/bijaypandey/cuig_pilot/seq_pilot/eval/M0/images/horse_paraphrase_1_seed303.jpg,4507e057abab207c,0.9999,1,1,1,1,horse,0.9999
29,untouched,M0,,horse,horse_paraphrase_1,paraphrase,1,404,/data/bijaypandey/cuig_pilot/seq_pilot/eval/M0/images/horse_paraphrase_1_seed404.jpg,8c260a7ed89def6e,0.9996,1,1,1,3,horse,0.9996
29,untouched,M0,,horse,horse_paraphrase_2,paraphrase,2,101,/data/bijaypandey/cuig_pilot/seq_pilot/eval/M0/images/horse_paraphrase_2_seed101.jpg,8ad7414594250b00,0.9968,1,1,1,2,horse,0.9968
29,untouched,M0,,horse,horse_paraphrase_2,paraphrase,2,202,/data/bijaypandey/cuig_pilot/seq_pilot/eval/M0/images/horse_paraphrase_2_seed202.jpg,5b06d7d510b3281e,0.9935,1,1,1,1,horse,0.9935
29,untouched,M0,,horse,horse_paraphrase_2,paraphrase,2,303,/data/bijaypandey/cuig_pilot/seq_pilot/eval/M0/images/horse_paraphrase_2_seed303.jpg,425043cdfc3f1a2c,0.9990,1,1,1,4,horse,0.9990
29,untouched,M0,,horse,horse_paraphrase_2,paraphrase,2,404,/data/bijaypandey/cuig_pilot/seq_pilot/eval/M0/images/horse_paraphrase_2_seed404.jpg,28241b89d2e4bd8c,0.9534,1,1,1,3,horse,0.9534
29,untouched,M0,,horse,horse_paraphrase_3,paraphrase,3,101,/data/bijaypandey/cuig_pilot/seq_pilot/eval/M0/images/horse_paraphrase_3_seed101.jpg,9a0171906273e077,0.9953,1,1,1,2,horse,0.9953
29,untouched,M0,,horse,horse_paraphrase_3,paraphrase,3,202,/data/bijaypandey/cuig_pilot/seq_pilot/eval/M0/images/horse_paraphrase_3_seed202.jpg,7f71c5ae61221602,0.9985,1,1,1,1,horse,0.9985
29,untouched,M0,,horse,horse_paraphrase_3,paraphrase,3,303,/data/bijaypandey/cuig_pilot/seq_pilot/eval/M0/images/horse_paraphrase_3_seed303.jpg,ff9d69e30afb6f5d,0.9934,1,1,1,2,horse,0.9934
29,untouched,M0,,horse,horse_paraphrase_3,paraphrase,3,404,/data/bijaypandey/cuig_pilot/seq_pilot/eval/M0/images/horse_paraphrase_3_seed404.jpg,5c1dd8b2bb105b1c,0.9993,1,1,1,1,horse,0.9993
29,untouched,M0,,horse,horse_paraphrase_4,paraphrase,4,101,/data/bijaypandey/cuig_pilot/seq_pilot/eval/M0/images/horse_paraphrase_4_seed101.jpg,e1a4e4169af82904,0.9991,1,1,1,1,horse,0.9991
29,untouched,M0,,horse,horse_paraphrase_4,paraphrase,4,202,/data/bijaypandey/cuig_pilot/seq_pilot/eval/M0/images/horse_paraphrase_4_seed202.jpg,75610abe98a422e1,0.9966,1,1,1,2,horse,0.9966
29,untouched,M0,,horse,horse_paraphrase_4,paraphrase,4,303,/data/bijaypandey/cuig_pilot/seq_pilot/eval/M0/images/horse_paraphrase_4_seed303.jpg,a8efb108ffed0a02,0.9989,1,1,1,2,horse,0.9989
29,untouched,M0,,horse,horse_paraphrase_4,paraphrase,4,404,/data/bijaypandey/cuig_pilot/seq_pilot/eval/M0/images/horse_paraphrase_4_seed404.jpg,068fff48029fb3e8,0.9991,1,1,1,1,horse,0.9991
29,untouched,M0,,bird,bird_literal_0,literal,0,101,/data/bijaypandey/cuig_pilot/seq_pilot/eval/M0/images/bird_literal_0_seed101.jpg,e7ed943035da82c0,0.9991,1,1,1,8,bird,0.9991
29,untouched,M0,,bird,bird_literal_0,literal,0,202,/data/bijaypandey/cuig_pilot/seq_pilot/eval/M0/images/bird_literal_0_seed202.jpg,00c3b49e24e65572,0.9995,1,1,1,3,bird,0.9995
29,untouched,M0,,bird,bird_literal_0,literal,0,303,/data/bijaypandey/cuig_pilot/seq_pilot/eval/M0/images/bird_literal_0_seed303.jpg,7ab493ece4f4aeb7,0.9933,1,1,1,7,bird,0.9933
29,untouched,M0,,bird,bird_literal_0,literal,0,404,/data/bijaypandey/cuig_pilot/seq_pilot/eval/M0/images/bird_literal_0_seed404.jpg,61876dbfaac98b70,0.9993,1,1,1,1,bird,0.9993
29,untouched,M0,,bird,bird_literal_1,literal,1,101,/data/bijaypandey/cuig_pilot/seq_pilot/eval/M0/images/bird_literal_1_seed101.jpg,1fade15a635c3e49,0.9962,1,1,1,4,bird,0.9962
29,untouched,M0,,bird,bird_literal_1,literal,1,202,/data/bijaypandey/cuig_pilot/seq_pilot/eval/M0/images/bird_literal_1_seed202.jpg,160a02f3051bb9e8,0.9992,1,1,1,2,bird,0.9992
29,untouched,M0,,bird,bird_literal_1,literal,1,303,/data/bijaypandey/cuig_pilot/seq_pilot/eval/M0/images/bird_literal_1_seed303.jpg,0f34ca189ca8280c,0.9989,1,1,1,2,bird,0.9989
29,untouched,M0,,bird,bird_literal_1,literal,1,404,/data/bijaypandey/cuig_pilot/seq_pilot/eval/M0/images/bird_literal_1_seed404.jpg,c00ad38a3aa02602,0.9993,1,1,1,1,bird,0.9993
29,untouched,M0,,bird,bird_literal_2,literal,2,101,/data/bijaypandey/cuig_pilot/seq_pilot/eval/M0/images/bird_literal_2_seed101.jpg,b8b7ab106b6ef951,0.0000,0,0,0,0,,0.0000
29,untouched,M0,,bird,bird_literal_2,literal,2,202,/data/bijaypandey/cuig_pilot/seq_pilot/eval/M0/images/bird_literal_2_seed202.jpg,389795a4280cb14c,0.9983,1,1,1,4,bird,0.9983
29,untouched,M0,,bird,bird_literal_2,literal,2,303,/data/bijaypandey/cuig_pilot/seq_pilot/eval/M0/images/bird_literal_2_seed303.jpg,490c3ebfa5a06502,0.0000,0,0,0,3,vase,0.1188
29,untouched,M0,,bird,bird_literal_2,literal,2,404,/data/bijaypandey/cuig_pilot/seq_pilot/eval/M0/images/bird_literal_2_seed404.jpg,21bfb99d2eb5e23e,0.9942,1,1,1,3,bird,0.9942
29,untouched,M0,,bird,bird_literal_3,literal,3,101,/data/bijaypandey/cuig_pilot/seq_pilot/eval/M0/images/bird_literal_3_seed101.jpg,52c70dd40d31666d,0.9878,1,1,1,3,bird,0.9878
29,untouched,M0,,bird,bird_literal_3,literal,3,202,/data/bijaypandey/cuig_pilot/seq_pilot/eval/M0/images/bird_literal_3_seed202.jpg,98fdf34033f0aa4e,0.9984,1,1,1,1,bird,0.9984
29,untouched,M0,,bird,bird_literal_3,literal,3,303,/data/bijaypandey/cuig_pilot/seq_pilot/eval/M0/images/bird_literal_3_seed303.jpg,ecfde942f32f0d57,0.9923,1,1,1,3,bird,0.9923
29,untouched,M0,,bird,bird_literal_3,literal,3,404,/data/bijaypandey/cuig_pilot/seq_pilot/eval/M0/images/bird_literal_3_seed404.jpg,462dfc170805c1f1,0.9858,1,1,1,9,bird,0.9858
29,untouched,M0,,bird,bird_literal_4,literal,4,101,/data/bijaypandey/cuig_pilot/seq_pilot/eval/M0/images/bird_literal_4_seed101.jpg,d68a1d3d8b09f2f7,0.9971,1,1,1,7,bird,0.9971
29,untouched,M0,,bird,bird_literal_4,literal,4,202,/data/bijaypandey/cuig_pilot/seq_pilot/eval/M0/images/bird_literal_4_seed202.jpg,d50d725116e5abfd,0.9992,1,1,1,4,bird,0.9992
29,untouched,M0,,bird,bird_literal_4,literal,4,303,/data/bijaypandey/cuig_pilot/seq_pilot/eval/M0/images/bird_literal_4_seed303.jpg,d4534df43af6006f,0.9940,1,1,1,2,bird,0.9940
29,untouched,M0,,bird,bird_literal_4,literal,4,404,/data/bijaypandey/cuig_pilot/seq_pilot/eval/M0/images/bird_literal_4_seed404.jpg,2e074f9c0a3a200c,0.9867,1,1,1,3,bird,0.9867
29,untouched,M0,,bird,bird_paraphrase_0,paraphrase,0,101,/data/bijaypandey/cuig_pilot/seq_pilot/eval/M0/images/bird_paraphrase_0_seed101.jpg,a9c50c5eb3f88063,0.9309,1,1,1,9,bird,0.9309
29,untouched,M0,,bird,bird_paraphrase_0,paraphrase,0,202,/data/bijaypandey/cuig_pilot/seq_pilot/eval/M0/images/bird_paraphrase_0_seed202.jpg,ce02dbab862fa023,0.9960,1,1,1,6,bird,0.9960
29,untouched,M0,,bird,bird_paraphrase_0,paraphrase,0,303,/data/bijaypandey/cuig_pilot/seq_pilot/eval/M0/images/bird_paraphrase_0_seed303.jpg,92566955b9b231b2,0.9994,1,1,1,2,bird,0.9994
29,untouched,M0,,bird,bird_paraphrase_0,paraphrase,0,404,/data/bijaypandey/cuig_pilot/seq_pilot/eval/M0/images/bird_paraphrase_0_seed404.jpg,a79849ae42bbecb5,0.9613,1,1,1,8,bird,0.9613
29,untouched,M0,,bird,bird_paraphrase_1,paraphrase,1,101,/data/bijaypandey/cuig_pilot/seq_pilot/eval/M0/images/bird_paraphrase_1_seed101.jpg,25e4e7b5d2460f9c,0.9982,1,1,1,6,bird,0.9982
29,untouched,M0,,bird,bird_paraphrase_1,paraphrase,1,202,/data/bijaypandey/cuig_pilot/seq_pilot/eval/M0/images/bird_paraphrase_1_seed202.jpg,98f3c54da18d4a74,0.9987,1,1,1,8,bird,0.9987
29,untouched,M0,,bird,bird_paraphrase_1,paraphrase,1,303,/data/bijaypandey/cuig_pilot/seq_pilot/eval/M0/images/bird_paraphrase_1_seed303.jpg,44c285cdfaf40085,0.9993,1,1,1,11,bird,0.9993
29,untouched,M0,,bird,bird_paraphrase_1,paraphrase,1,404,/data/bijaypandey/cuig_pilot/seq_pilot/eval/M0/images/bird_paraphrase_1_seed404.jpg,5ad787aff3043877,0.9994,1,1,1,1,bird,0.9994
29,untouched,M0,,bird,bird_paraphrase_2,paraphrase,2,101,/data/bijaypandey/cuig_pilot/seq_pilot/eval/M0/images/bird_paraphrase_2_seed101.jpg,3c2557085f0051dc,0.9962,1,1,1,1,bird,0.9962
29,untouched,M0,,bird,bird_paraphrase_2,paraphrase,2,202,/data/bijaypandey/cuig_pilot/seq_pilot/eval/M0/images/bird_paraphrase_2_seed202.jpg,73f297877efae703,0.9502,1,1,1,9,bird,0.9502
29,untouched,M0,,bird,bird_paraphrase_2,paraphrase,2,303,/data/bijaypandey/cuig_pilot/seq_pilot/eval/M0/images/bird_paraphrase_2_seed303.jpg,9cb21f94f13c8b60,0.9974,1,1,1,5,bird,0.9974
29,untouched,M0,,bird,bird_paraphrase_2,paraphrase,2,404,/data/bijaypandey/cuig_pilot/seq_pilot/eval/M0/images/bird_paraphrase_2_seed404.jpg,bb6819f8b70ec9c2,0.2207,0,0,0,6,elephant,0.4109
29,untouched,M0,,bird,bird_paraphrase_3,paraphrase,3,101,/data/bijaypandey/cuig_pilot/seq_pilot/eval/M0/images/bird_paraphrase_3_seed101.jpg,c0773ee64a9c3445,0.9985,1,1,1,100,bird,0.9985
29,untouched,M0,,bird,bird_paraphrase_3,paraphrase,3,202,/data/bijaypandey/cuig_pilot/seq_pilot/eval/M0/images/bird_paraphrase_3_seed202.jpg,8e5a6a8ccc553834,0.9981,1,1,1,11,bird,0.9981
29,untouched,M0,,bird,bird_paraphrase_3,paraphrase,3,303,/data/bijaypandey/cuig_pilot/seq_pilot/eval/M0/images/bird_paraphrase_3_seed303.jpg,97f713640895cd66,0.9731,1,1,1,9,bird,0.9731
29,untouched,M0,,bird,bird_paraphrase_3,paraphrase,3,404,/data/bijaypandey/cuig_pilot/seq_pilot/eval/M0/images/bird_paraphrase_3_seed404.jpg,189721a8adf9f08e,0.9958,1,1,1,16,bird,0.9958
29,untouched,M0,,bird,bird_paraphrase_4,paraphrase,4,101,/data/bijaypandey/cuig_pilot/seq_pilot/eval/M0/images/bird_paraphrase_4_seed101.jpg,5a04b3391c0ad00e,0.9287,1,1,1,7,bird,0.9287
29,untouched,M0,,bird,bird_paraphrase_4,paraphrase,4,202,/data/bijaypandey/cuig_pilot/seq_pilot/eval/M0/images/bird_paraphrase_4_seed202.jpg,001ff5492ceeec39,0.8732,1,1,1,17,bird,0.8732
29,untouched,M0,,bird,bird_paraphrase_4,paraphrase,4,303,/data/bijaypandey/cuig_pilot/seq_pilot/eval/M0/images/bird_paraphrase_4_seed303.jpg,0710b692bab398af,0.5406,1,1,0,5,potted plant,0.7703
29,untouched,M0,,bird,bird_paraphrase_4,paraphrase,4,404,/data/bijaypandey/cuig_pilot/seq_pilot/eval/M0/images/bird_paraphrase_4_seed404.jpg,cb1ee5461503c11f,0.9323,1,1,1,4,bird,0.9323
29,untouched,M0,,chair,chair_literal_0,literal,0,101,/data/bijaypandey/cuig_pilot/seq_pilot/eval/M0/images/chair_literal_0_seed101.jpg,e4d7b9277557e531,0.9940,1,1,1,7,chair,0.9940
29,untouched,M0,,chair,chair_literal_0,literal,0,202,/data/bijaypandey/cuig_pilot/seq_pilot/eval/M0/images/chair_literal_0_seed202.jpg,806d49e2286fe819,0.9992,1,1,1,1,chair,0.9992
29,untouched,M0,,chair,chair_literal_0,literal,0,303,/data/bijaypandey/cuig_pilot/seq_pilot/eval/M0/images/chair_literal_0_seed303.jpg,5756a2ef5d1a9d3d,0.9991,1,1,1,3,chair,0.9991
29,untouched,M0,,chair,chair_literal_0,literal,0,404,/data/bijaypandey/cuig_pilot/seq_pilot/eval/M0/images/chair_literal_0_seed404.jpg,f8be676ff9a29599,0.9673,1,1,1,6,chair,0.9673
29,untouched,M0,,chair,chair_literal_1,literal,1,101,/data/bijaypandey/cuig_pilot/seq_pilot/eval/M0/images/chair_literal_1_seed101.jpg,415af8fc737d3251,0.8216,1,1,1,11,chair,0.8216
29,untouched,M0,,chair,chair_literal_1,literal,1,202,/data/bijaypandey/cuig_pilot/seq_pilot/eval/M0/images/chair_literal_1_seed202.jpg,46541e2849d069c3,0.9538,1,1,1,6,chair,0.9538
29,untouched,M0,,chair,chair_literal_1,literal,1,303,/data/bijaypandey/cuig_pilot/seq_pilot/eval/M0/images/chair_literal_1_seed303.jpg,b7d55eb7e4b45a4c,0.9891,1,1,1,5,chair,0.9891
29,untouched,M0,,chair,chair_literal_1,literal,1,404,/data/bijaypandey/cuig_pilot/seq_pilot/eval/M0/images/chair_literal_1_seed404.jpg,184015490ee10545,0.9697,1,1,1,12,chair,0.9697
29,untouched,M0,,chair,chair_literal_2,literal,2,101,/data/bijaypandey/cuig_pilot/seq_pilot/eval/M0/images/chair_literal_2_seed101.jpg,e15cd12f481a5193,0.9388,1,1,1,26,chair,0.9388
29,untouched,M0,,chair,chair_literal_2,literal,2,202,/data/bijaypandey/cuig_pilot/seq_pilot/eval/M0/images/chair_literal_2_seed202.jpg,42f3fa427d019403,0.9816,1,1,1,25,chair,0.9816
29,untouched,M0,,chair,chair_literal_2,literal,2,303,/data/bijaypandey/cuig_pilot/seq_pilot/eval/M0/images/chair_literal_2_seed303.jpg,48d13bcc18c7079e,0.9888,1,1,1,19,chair,0.9888
29,untouched,M0,,chair,chair_literal_2,literal,2,404,/data/bijaypandey/cuig_pilot/seq_pilot/eval/M0/images/chair_literal_2_seed404.jpg,8c08c400eed29b4b,0.9967,1,1,1,11,chair,0.9967
29,untouched,M0,,chair,chair_literal_3,literal,3,101,/data/bijaypandey/cuig_pilot/seq_pilot/eval/M0/images/chair_literal_3_seed101.jpg,2d67a591322fd2c9,0.9970,1,1,1,7,chair,0.9970
29,untouched,M0,,chair,chair_literal_3,literal,3,202,/data/bijaypandey/cuig_pilot/seq_pilot/eval/M0/images/chair_literal_3_seed202.jpg,46558887013a40cf,0.9958,1,1,1,24,chair,0.9958
29,untouched,M0,,chair,chair_literal_3,literal,3,303,/data/bijaypandey/cuig_pilot/seq_pilot/eval/M0/images/chair_literal_3_seed303.jpg,bce1c3bc0b11c532,0.8940,1,1,1,5,chair,0.8940
29,untouched,M0,,chair,chair_literal_3,literal,3,404,/data/bijaypandey/cuig_pilot/seq_pilot/eval/M0/images/chair_literal_3_seed404.jpg,296841d1c9a39588,0.0993,0,0,0,3,couch,0.9592
29,untouched,M0,,chair,chair_literal_4,literal,4,101,/data/bijaypandey/cuig_pilot/seq_pilot/eval/M0/images/chair_literal_4_seed101.jpg,5aec22e0fd7e6104,0.9980,1,1,1,1,chair,0.9980
29,untouched,M0,,chair,chair_literal_4,literal,4,202,/data/bijaypandey/cuig_pilot/seq_pilot/eval/M0/images/chair_literal_4_seed202.jpg,728c5a0179ca0faf,0.9939,1,1,1,5,chair,0.9939
29,untouched,M0,,chair,chair_literal_4,literal,4,303,/data/bijaypandey/cuig_pilot/seq_pilot/eval/M0/images/chair_literal_4_seed303.jpg,d93e13c00cbde8d3,0.9903,1,1,1,3,chair,0.9903
29,untouched,M0,,chair,chair_literal_4,literal,4,404,/data/bijaypandey/cuig_pilot/seq_pilot/eval/M0/images/chair_literal_4_seed404.jpg,8154249eb8566c1f,0.9977,1,1,1,3,chair,0.9977
29,untouched,M0,,chair,chair_paraphrase_0,paraphrase,0,101,/data/bijaypandey/cuig_pilot/seq_pilot/eval/M0/images/chair_paraphrase_0_seed101.jpg,c17d8e2df64ff96a,0.7823,1,1,1,7,chair,0.7823
29,untouched,M0,,chair,chair_paraphrase_0,paraphrase,0,202,/data/bijaypandey/cuig_pilot/seq_pilot/eval/M0/images/chair_paraphrase_0_seed202.jpg,41d96cfad499c6c5,0.9746,1,1,1,13,chair,0.9746
29,untouched,M0,,chair,chair_paraphrase_0,paraphrase,0,303,/data/bijaypandey/cuig_pilot/seq_pilot/eval/M0/images/chair_paraphrase_0_seed303.jpg,8cc7922b239430d6,0.9119,1,1,1,11,chair,0.9119
29,untouched,M0,,chair,chair_paraphrase_0,paraphrase,0,404,/data/bijaypandey/cuig_pilot/seq_pilot/eval/M0/images/chair_paraphrase_0_seed404.jpg,ad94ab7d83d81425,0.9963,1,1,1,11,chair,0.9963
29,untouched,M0,,chair,chair_paraphrase_1,paraphrase,1,101,/data/bijaypandey/cuig_pilot/seq_pilot/eval/M0/images/chair_paraphrase_1_seed101.jpg,af9047eb51e2d679,0.9396,1,1,1,10,chair,0.9396
29,untouched,M0,,chair,chair_paraphrase_1,paraphrase,1,202,/data/bijaypandey/cuig_pilot/seq_pilot/eval/M0/images/chair_paraphrase_1_seed202.jpg,f7db9c660795475f,0.8875,1,1,1,10,bench,0.9173
29,untouched,M0,,chair,chair_paraphrase_1,paraphrase,1,303,/data/bijaypandey/cuig_pilot/seq_pilot/eval/M0/images/chair_paraphrase_1_seed303.jpg,7ec3666fb3d3a997,0.9108,1,1,1,10,chair,0.9108
29,untouched,M0,,chair,chair_paraphrase_1,paraphrase,1,404,/data/bijaypandey/cuig_pilot/seq_pilot/eval/M0/images/chair_paraphrase_1_seed404.jpg,e2245f407810fe2e,0.8894,1,1,1,8,chair,0.8894
29,untouched,M0,,chair,chair_paraphrase_2,paraphrase,2,101,/data/bijaypandey/cuig_pilot/seq_pilot/eval/M0/images/chair_paraphrase_2_seed101.jpg,94ff3f6b8f951c79,0.9924,1,1,1,11,chair,0.9924
29,untouched,M0,,chair,chair_paraphrase_2,paraphrase,2,202,/data/bijaypandey/cuig_pilot/seq_pilot/eval/M0/images/chair_paraphrase_2_seed202.jpg,cf5b1c5f4daf1e5c,0.9063,1,1,1,9,chair,0.9063
29,untouched,M0,,chair,chair_paraphrase_2,paraphrase,2,303,/data/bijaypandey/cuig_pilot/seq_pilot/eval/M0/images/chair_paraphrase_2_seed303.jpg,e2aaaa307738b71a,0.9773,1,1,1,47,chair,0.9773
29,untouched,M0,,chair,chair_paraphrase_2,paraphrase,2,404,/data/bijaypandey/cuig_pilot/seq_pilot/eval/M0/images/chair_paraphrase_2_seed404.jpg,6e30aa6a99d84c2a,0.9877,1,1,1,7,chair,0.9877
29,untouched,M0,,chair,chair_paraphrase_3,paraphrase,3,101,/data/bijaypandey/cuig_pilot/seq_pilot/eval/M0/images/chair_paraphrase_3_seed101.jpg,caf1aec2dd58f8eb,0.3250,1,0,0,17,book,0.9015
29,untouched,M0,,chair,chair_paraphrase_3,paraphrase,3,202,/data/bijaypandey/cuig_pilot/seq_pilot/eval/M0/images/chair_paraphrase_3_seed202.jpg,94cf6b448978d35c,0.4550,1,0,0,3,bench,0.8811
29,untouched,M0,,chair,chair_paraphrase_3,paraphrase,3,303,/data/bijaypandey/cuig_pilot/seq_pilot/eval/M0/images/chair_paraphrase_3_seed303.jpg,f51494b0b8c6b9bb,0.9834,1,1,1,25,dining table,0.9883
29,untouched,M0,,chair,chair_paraphrase_3,paraphrase,3,404,/data/bijaypandey/cuig_pilot/seq_pilot/eval/M0/images/chair_paraphrase_3_seed404.jpg,acd6136ffd1f935a,0.0000,0,0,0,4,bench,0.7183
29,untouched,M0,,chair,chair_paraphrase_4,paraphrase,4,101,/data/bijaypandey/cuig_pilot/seq_pilot/eval/M0/images/chair_paraphrase_4_seed101.jpg,99ef57adaac89a5c,0.9977,1,1,1,7,chair,0.9977
29,untouched,M0,,chair,chair_paraphrase_4,paraphrase,4,202,/data/bijaypandey/cuig_pilot/seq_pilot/eval/M0/images/chair_paraphrase_4_seed202.jpg,7e8c477cc91af9a3,0.9935,1,1,1,14,chair,0.9935
29,untouched,M0,,chair,chair_paraphrase_4,paraphrase,4,303,/data/bijaypandey/cuig_pilot/seq_pilot/eval/M0/images/chair_paraphrase_4_seed303.jpg,ae820a38bcb458fb,0.9989,1,1,1,12,chair,0.9989
29,untouched,M0,,chair,chair_paraphrase_4,paraphrase,4,404,/data/bijaypandey/cuig_pilot/seq_pilot/eval/M0/images/chair_paraphrase_4_seed404.jpg,cf4140d70b47dfe2,0.9826,1,1,1,2,chair,0.9826
29,untouched,M0,,bicycle,bicycle_literal_0,literal,0,101,/data/bijaypandey/cuig_pilot/seq_pilot/eval/M0/images/bicycle_literal_0_seed101.jpg,2f50e8edea8641e2,0.9983,1,1,1,2,bicycle,0.9983
29,untouched,M0,,bicycle,bicycle_literal_0,literal,0,202,/data/bijaypandey/cuig_pilot/seq_pilot/eval/M0/images/bicycle_literal_0_seed202.jpg,c31f2b23fb834ba9,0.9929,1,1,1,5,bicycle,0.9929
29,untouched,M0,,bicycle,bicycle_literal_0,literal,0,303,/data/bijaypandey/cuig_pilot/seq_pilot/eval/M0/images/bicycle_literal_0_seed303.jpg,270e7aa8dfebd697,0.9931,1,1,1,1,bicycle,0.9931
29,untouched,M0,,bicycle,bicycle_literal_0,literal,0,404,/data/bijaypandey/cuig_pilot/seq_pilot/eval/M0/images/bicycle_literal_0_seed404.jpg,14bb814c7366649c,0.9977,1,1,1,3,bicycle,0.9977
29,untouched,M0,,bicycle,bicycle_literal_1,literal,1,101,/data/bijaypandey/cuig_pilot/seq_pilot/eval/M0/images/bicycle_literal_1_seed101.jpg,975f12bd6cd6c7a0,0.9886,1,1,1,17,bicycle,0.9886
29,untouched,M0,,bicycle,bicycle_literal_1,literal,1,202,/data/bijaypandey/cuig_pilot/seq_pilot/eval/M0/images/bicycle_literal_1_seed202.jpg,5b9c3da99557a93c,0.9980,1,1,1,7,bicycle,0.9980
29,untouched,M0,,bicycle,bicycle_literal_1,literal,1,303,/data/bijaypandey/cuig_pilot/seq_pilot/eval/M0/images/bicycle_literal_1_seed303.jpg,3cf330c1c58e6851,0.9990,1,1,1,9,bicycle,0.9990
29,untouched,M0,,bicycle,bicycle_literal_1,literal,1,404,/data/bijaypandey/cuig_pilot/seq_pilot/eval/M0/images/bicycle_literal_1_seed404.jpg,c0e87c3a30af84cb,0.9995,1,1,1,2,bicycle,0.9995
29,untouched,M0,,bicycle,bicycle_literal_2,literal,2,101,/data/bijaypandey/cuig_pilot/seq_pilot/eval/M0/images/bicycle_literal_2_seed101.jpg,e8573303430f608e,0.9970,1,1,1,2,bicycle,0.9970
29,untouched,M0,,bicycle,bicycle_literal_2,literal,2,202,/data/bijaypandey/cuig_pilot/seq_pilot/eval/M0/images/bicycle_literal_2_seed202.jpg,a5c41d0d4bc39065,0.9919,1,1,1,6,bicycle,0.9919
29,untouched,M0,,bicycle,bicycle_literal_2,literal,2,303,/data/bijaypandey/cuig_pilot/seq_pilot/eval/M0/images/bicycle_literal_2_seed303.jpg,6de8025ac9eca68f,0.9996,1,1,1,3,bicycle,0.9996
29,untouched,M0,,bicycle,bicycle_literal_2,literal,2,404,/data/bijaypandey/cuig_pilot/seq_pilot/eval/M0/images/bicycle_literal_2_seed404.jpg,d53545fce965bb11,0.9931,1,1,1,4,bicycle,0.9931
29,untouched,M0,,bicycle,bicycle_literal_3,literal,3,101,/data/bijaypandey/cuig_pilot/seq_pilot/eval/M0/images/bicycle_literal_3_seed101.jpg,e962dc3b465e3eff,0.3676,1,0,0,21,bench,0.9593
29,untouched,M0,,bicycle,bicycle_literal_3,literal,3,202,/data/bijaypandey/cuig_pilot/seq_pilot/eval/M0/images/bicycle_literal_3_seed202.jpg,aa0c423932a4a5b0,0.9893,1,1,1,17,bicycle,0.9893
29,untouched,M0,,bicycle,bicycle_literal_3,literal,3,303,/data/bijaypandey/cuig_pilot/seq_pilot/eval/M0/images/bicycle_literal_3_seed303.jpg,d1e2ba587f1a5714,0.1316,0,0,0,26,person,0.9096
29,untouched,M0,,bicycle,bicycle_literal_3,literal,3,404,/data/bijaypandey/cuig_pilot/seq_pilot/eval/M0/images/bicycle_literal_3_seed404.jpg,5f0e1d032196f94d,0.0629,0,0,0,6,chair,0.8918
29,untouched,M0,,bicycle,bicycle_literal_4,literal,4,101,/data/bijaypandey/cuig_pilot/seq_pilot/eval/M0/images/bicycle_literal_4_seed101.jpg,4cb25107ae4a8699,0.9962,1,1,1,6,bicycle,0.9962
29,untouched,M0,,bicycle,bicycle_literal_4,literal,4,202,/data/bijaypandey/cuig_pilot/seq_pilot/eval/M0/images/bicycle_literal_4_seed202.jpg,0471b62853a1c2be,0.9993,1,1,1,5,bicycle,0.9993
29,untouched,M0,,bicycle,bicycle_literal_4,literal,4,303,/data/bijaypandey/cuig_pilot/seq_pilot/eval/M0/images/bicycle_literal_4_seed303.jpg,203be190c2d41222,0.9990,1,1,1,1,bicycle,0.9990
29,untouched,M0,,bicycle,bicycle_literal_4,literal,4,404,/data/bijaypandey/cuig_pilot/seq_pilot/eval/M0/images/bicycle_literal_4_seed404.jpg,d955f3d92b66ec9d,0.9943,1,1,1,17,bicycle,0.9943
29,untouched,M0,,bicycle,bicycle_paraphrase_0,paraphrase,0,101,/data/bijaypandey/cuig_pilot/seq_pilot/eval/M0/images/bicycle_paraphrase_0_seed101.jpg,49eac306f7876f98,0.9970,1,1,1,5,bicycle,0.9970
29,untouched,M0,,bicycle,bicycle_paraphrase_0,paraphrase,0,202,/data/bijaypandey/cuig_pilot/seq_pilot/eval/M0/images/bicycle_paraphrase_0_seed202.jpg,53676478cb53f168,0.9963,1,1,1,10,bicycle,0.9963
29,untouched,M0,,bicycle,bicycle_paraphrase_0,paraphrase,0,303,/data/bijaypandey/cuig_pilot/seq_pilot/eval/M0/images/bicycle_paraphrase_0_seed303.jpg,f137752153b9c592,0.9980,1,1,1,5,bicycle,0.9980
29,untouched,M0,,bicycle,bicycle_paraphrase_0,paraphrase,0,404,/data/bijaypandey/cuig_pilot/seq_pilot/eval/M0/images/bicycle_paraphrase_0_seed404.jpg,fe6d433193f5e721,0.9837,1,1,1,10,person,0.9997
29,untouched,M0,,bicycle,bicycle_paraphrase_1,paraphrase,1,101,/data/bijaypandey/cuig_pilot/seq_pilot/eval/M0/images/bicycle_paraphrase_1_seed101.jpg,e1ac23cbf4bc4e33,0.9969,1,1,1,13,bicycle,0.9969
29,untouched,M0,,bicycle,bicycle_paraphrase_1,paraphrase,1,202,/data/bijaypandey/cuig_pilot/seq_pilot/eval/M0/images/bicycle_paraphrase_1_seed202.jpg,781585850957ae6a,0.9937,1,1,1,18,bicycle,0.9937
29,untouched,M0,,bicycle,bicycle_paraphrase_1,paraphrase,1,303,/data/bijaypandey/cuig_pilot/seq_pilot/eval/M0/images/bicycle_paraphrase_1_seed303.jpg,b67a88e9dc0f430d,0.9973,1,1,1,3,bicycle,0.9973
29,untouched,M0,,bicycle,bicycle_paraphrase_1,paraphrase,1,404,/data/bijaypandey/cuig_pilot/seq_pilot/eval/M0/images/bicycle_paraphrase_1_seed404.jpg,25f6412ddf142bde,0.9988,1,1,1,4,bicycle,0.9988
29,untouched,M0,,bicycle,bicycle_paraphrase_2,paraphrase,2,101,/data/bijaypandey/cuig_pilot/seq_pilot/eval/M0/images/bicycle_paraphrase_2_seed101.jpg,c2848426e16aabc7,0.9895,1,1,1,15,bicycle,0.9895
29,untouched,M0,,bicycle,bicycle_paraphrase_2,paraphrase,2,202,/data/bijaypandey/cuig_pilot/seq_pilot/eval/M0/images/bicycle_paraphrase_2_seed202.jpg,8578bfae547beb74,0.9944,1,1,1,7,person,0.9995
29,untouched,M0,,bicycle,bicycle_paraphrase_2,paraphrase,2,303,/data/bijaypandey/cuig_pilot/seq_pilot/eval/M0/images/bicycle_paraphrase_2_seed303.jpg,1fd03870b3487f5b,0.9660,1,1,1,4,bicycle,0.9660
29,untouched,M0,,bicycle,bicycle_paraphrase_2,paraphrase,2,404,/data/bijaypandey/cuig_pilot/seq_pilot/eval/M0/images/bicycle_paraphrase_2_seed404.jpg,b232a50dbe3a8e62,0.9948,1,1,1,5,bicycle,0.9948
29,untouched,M0,,bicycle,bicycle_paraphrase_3,paraphrase,3,101,/data/bijaypandey/cuig_pilot/seq_pilot/eval/M0/images/bicycle_paraphrase_3_seed101.jpg,9bcf8cdbcdfddaa7,0.9957,1,1,1,7,bicycle,0.9957
29,untouched,M0,,bicycle,bicycle_paraphrase_3,paraphrase,3,202,/data/bijaypandey/cuig_pilot/seq_pilot/eval/M0/images/bicycle_paraphrase_3_seed202.jpg,705d7e1f07532ff9,0.9969,1,1,1,7,bicycle,0.9969
29,untouched,M0,,bicycle,bicycle_paraphrase_3,paraphrase,3,303,/data/bijaypandey/cuig_pilot/seq_pilot/eval/M0/images/bicycle_paraphrase_3_seed303.jpg,212e4c5b8d7cff27,0.9962,1,1,1,6,bicycle,0.9962
29,untouched,M0,,bicycle,bicycle_paraphrase_3,paraphrase,3,404,/data/bijaypandey/cuig_pilot/seq_pilot/eval/M0/images/bicycle_paraphrase_3_seed404.jpg,df68a921a545d704,0.9977,1,1,1,23,bicycle,0.9977
29,untouched,M0,,bicycle,bicycle_paraphrase_4,paraphrase,4,101,/data/bijaypandey/cuig_pilot/seq_pilot/eval/M0/images/bicycle_paraphrase_4_seed101.jpg,4db836b01f1ca9c7,0.9582,1,1,1,7,bicycle,0.9582
29,untouched,M0,,bicycle,bicycle_paraphrase_4,paraphrase,4,202,/data/bijaypandey/cuig_pilot/seq_pilot/eval/M0/images/bicycle_paraphrase_4_seed202.jpg,bacf5a0367f7d101,0.1563,0,0,0,24,handbag,0.2623
29,untouched,M0,,bicycle,bicycle_paraphrase_4,paraphrase,4,303,/data/bijaypandey/cuig_pilot/seq_pilot/eval/M0/images/bicycle_paraphrase_4_seed303.jpg,4860d2446b47675a,0.5232,1,1,0,6,bicycle,0.5232
29,untouched,M0,,bicycle,bicycle_paraphrase_4,paraphrase,4,404,/data/bijaypandey/cuig_pilot/seq_pilot/eval/M0/images/bicycle_paraphrase_4_seed404.jpg,6d45735c9f45b253,0.9895,1,1,1,2,bicycle,0.9895
29,ConAbl,MA,M0,cat,cat_literal_0,literal,0,101,/data/bijaypandey/cuig_pilot/seq_pilot/eval_seed29/MA/images/cat_literal_0_seed101.jpg,6f4d16ef937c9bd0,0.0000,0,0,0,3,horse,0.9767
29,ConAbl,MA,M0,cat,cat_literal_0,literal,0,202,/data/bijaypandey/cuig_pilot/seq_pilot/eval_seed29/MA/images/cat_literal_0_seed202.jpg,60405586bb54f8ce,0.0000,0,0,0,6,dog,0.9337
29,ConAbl,MA,M0,cat,cat_literal_0,literal,0,303,/data/bijaypandey/cuig_pilot/seq_pilot/eval_seed29/MA/images/cat_literal_0_seed303.jpg,1813cdd4380d2f8e,0.0000,0,0,0,2,horse,0.9997
29,ConAbl,MA,M0,cat,cat_literal_0,literal,0,404,/data/bijaypandey/cuig_pilot/seq_pilot/eval_seed29/MA/images/cat_literal_0_seed404.jpg,8657c04c4d9710fd,0.0000,0,0,0,5,bench,0.5283
29,ConAbl,MA,M0,cat,cat_literal_1,literal,1,101,/data/bijaypandey/cuig_pilot/seq_pilot/eval_seed29/MA/images/cat_literal_1_seed101.jpg,22a140d8ac9d1f5a,0.0686,0,0,0,4,dog,0.6839
29,ConAbl,MA,M0,cat,cat_literal_1,literal,1,202,/data/bijaypandey/cuig_pilot/seq_pilot/eval_seed29/MA/images/cat_literal_1_seed202.jpg,a5cccb50e76e454d,0.0000,0,0,0,2,horse,0.9971
29,ConAbl,MA,M0,cat,cat_literal_1,literal,1,303,/data/bijaypandey/cuig_pilot/seq_pilot/eval_seed29/MA/images/cat_literal_1_seed303.jpg,0289aa7b7bb250ab,0.7604,1,1,1,13,cat,0.7604
29,ConAbl,MA,M0,cat,cat_literal_1,literal,1,404,/data/bijaypandey/cuig_pilot/seq_pilot/eval_seed29/MA/images/cat_literal_1_seed404.jpg,45be1e7a8ae39ff6,0.0000,0,0,0,5,horse,0.8376
29,ConAbl,MA,M0,cat,cat_literal_2,literal,2,101,/data/bijaypandey/cuig_pilot/seq_pilot/eval_seed29/MA/images/cat_literal_2_seed101.jpg,81e047a88ed3463e,0.0722,0,0,0,6,horse,0.9679
29,ConAbl,MA,M0,cat,cat_literal_2,literal,2,202,/data/bijaypandey/cuig_pilot/seq_pilot/eval_seed29/MA/images/cat_literal_2_seed202.jpg,54a1f3267a499936,0.0000,0,0,0,7,horse,0.7501
29,ConAbl,MA,M0,cat,cat_literal_2,literal,2,303,/data/bijaypandey/cuig_pilot/seq_pilot/eval_seed29/MA/images/cat_literal_2_seed303.jpg,759c9619f08602f0,0.0000,0,0,0,7,horse,0.9925
29,ConAbl,MA,M0,cat,cat_literal_2,literal,2,404,/data/bijaypandey/cuig_pilot/seq_pilot/eval_seed29/MA/images/cat_literal_2_seed404.jpg,4aea9048bd970158,0.0000,0,0,0,5,horse,0.9923
29,ConAbl,MA,M0,cat,cat_literal_3,literal,3,101,/data/bijaypandey/cuig_pilot/seq_pilot/eval_seed29/MA/images/cat_literal_3_seed101.jpg,5f403c6e191d6921,0.9884,1,1,1,18,cat,0.9884
29,ConAbl,MA,M0,cat,cat_literal_3,literal,3,202,/data/bijaypandey/cuig_pilot/seq_pilot/eval_seed29/MA/images/cat_literal_3_seed202.jpg,e7af6f50e56f7841,0.1145,0,0,0,13,dog,0.7849
29,ConAbl,MA,M0,cat,cat_literal_3,literal,3,303,/data/bijaypandey/cuig_pilot/seq_pilot/eval_seed29/MA/images/cat_literal_3_seed303.jpg,fbc031dca08e8182,0.8199,1,1,1,9,cat,0.8199
29,ConAbl,MA,M0,cat,cat_literal_3,literal,3,404,/data/bijaypandey/cuig_pilot/seq_pilot/eval_seed29/MA/images/cat_literal_3_seed404.jpg,b087b0f7234926b8,0.0000,0,0,0,15,horse,0.8150
29,ConAbl,MA,M0,cat,cat_literal_4,literal,4,101,/data/bijaypandey/cuig_pilot/seq_pilot/eval_seed29/MA/images/cat_literal_4_seed101.jpg,2899154d4a7d1b7c,0.0000,0,0,0,1,horse,0.9997
29,ConAbl,MA,M0,cat,cat_literal_4,literal,4,202,/data/bijaypandey/cuig_pilot/seq_pilot/eval_seed29/MA/images/cat_literal_4_seed202.jpg,2f135950305a2174,0.0000,0,0,0,2,horse,0.9984
29,ConAbl,MA,M0,cat,cat_literal_4,literal,4,303,/data/bijaypandey/cuig_pilot/seq_pilot/eval_seed29/MA/images/cat_literal_4_seed303.jpg,8c2dba0495f77914,0.0000,0,0,0,2,horse,0.9992
29,ConAbl,MA,M0,cat,cat_literal_4,literal,4,404,/data/bijaypandey/cuig_pilot/seq_pilot/eval_seed29/MA/images/cat_literal_4_seed404.jpg,02fd591ff54229b8,0.0000,0,0,0,1,horse,0.9996
29,ConAbl,MA,M0,cat,cat_paraphrase_0,paraphrase,0,101,/data/bijaypandey/cuig_pilot/seq_pilot/eval_seed29/MA/images/cat_paraphrase_0_seed101.jpg,ed239923a5d59d30,0.0000,0,0,0,2,horse,0.9990
29,ConAbl,MA,M0,cat,cat_paraphrase_0,paraphrase,0,202,/data/bijaypandey/cuig_pilot/seq_pilot/eval_seed29/MA/images/cat_paraphrase_0_seed202.jpg,fedc57af6bf22e44,0.0000,0,0,0,4,horse,0.9897
29,ConAbl,MA,M0,cat,cat_paraphrase_0,paraphrase,0,303,/data/bijaypandey/cuig_pilot/seq_pilot/eval_seed29/MA/images/cat_paraphrase_0_seed303.jpg,222c87700c8f5eb1,0.0000,0,0,0,4,horse,0.9866
29,ConAbl,MA,M0,cat,cat_paraphrase_0,paraphrase,0,404,/data/bijaypandey/cuig_pilot/seq_pilot/eval_seed29/MA/images/cat_paraphrase_0_seed404.jpg,e7a162d7c31e4c88,0.0000,0,0,0,3,horse,0.9884
29,ConAbl,MA,M0,cat,cat_paraphrase_1,paraphrase,1,101,/data/bijaypandey/cuig_pilot/seq_pilot/eval_seed29/MA/images/cat_paraphrase_1_seed101.jpg,5302f5832a2fc065,0.9800,1,1,1,4,cat,0.9800
29,ConAbl,MA,M0,cat,cat_paraphrase_1,paraphrase,1,202,/data/bijaypandey/cuig_pilot/seq_pilot/eval_seed29/MA/images/cat_paraphrase_1_seed202.jpg,ae932fdc63550814,0.9972,1,1,1,4,cat,0.9972
29,ConAbl,MA,M0,cat,cat_paraphrase_1,paraphrase,1,303,/data/bijaypandey/cuig_pilot/seq_pilot/eval_seed29/MA/images/cat_paraphrase_1_seed303.jpg,474a90d8caed0bf7,0.5364,1,1,0,2,dog,0.8592
29,ConAbl,MA,M0,cat,cat_paraphrase_1,paraphrase,1,404,/data/bijaypandey/cuig_pilot/seq_pilot/eval_seed29/MA/images/cat_paraphrase_1_seed404.jpg,7b5f5954616f31d0,0.7143,1,1,1,6,cat,0.7143
29,ConAbl,MA,M0,cat,cat_paraphrase_2,paraphrase,2,101,/data/bijaypandey/cuig_pilot/seq_pilot/eval_seed29/MA/images/cat_paraphrase_2_seed101.jpg,d694a2705c9ddf7e,0.9987,1,1,1,11,cat,0.9987
29,ConAbl,MA,M0,cat,cat_paraphrase_2,paraphrase,2,202,/data/bijaypandey/cuig_pilot/seq_pilot/eval_seed29/MA/images/cat_paraphrase_2_seed202.jpg,8e65113f0141417c,0.9956,1,1,1,5,cat,0.9956
29,ConAbl,MA,M0,cat,cat_paraphrase_2,paraphrase,2,303,/data/bijaypandey/cuig_pilot/seq_pilot/eval_seed29/MA/images/cat_paraphrase_2_seed303.jpg,37acadfadd05e109,0.0000,0,0,0,8,horse,0.9938
29,ConAbl,MA,M0,cat,cat_paraphrase_2,paraphrase,2,404,/data/bijaypandey/cuig_pilot/seq_pilot/eval_seed29/MA/images/cat_paraphrase_2_seed404.jpg,60cb0edcc5a516a3,0.1674,0,0,0,10,horse,0.7748
29,ConAbl,MA,M0,cat,cat_paraphrase_3,paraphrase,3,101,/data/bijaypandey/cuig_pilot/seq_pilot/eval_seed29/MA/images/cat_paraphrase_3_seed101.jpg,b4457888d35309c0,0.0000,0,0,0,6,horse,0.9916
29,ConAbl,MA,M0,cat,cat_paraphrase_3,paraphrase,3,202,/data/bijaypandey/cuig_pilot/seq_pilot/eval_seed29/MA/images/cat_paraphrase_3_seed202.jpg,725bdacb0ec84ecc,0.0000,0,0,0,4,horse,0.9755
29,ConAbl,MA,M0,cat,cat_paraphrase_3,paraphrase,3,303,/data/bijaypandey/cuig_pilot/seq_pilot/eval_seed29/MA/images/cat_paraphrase_3_seed303.jpg,d17dc9ad28388e70,0.0000,0,0,0,2,horse,0.9996
29,ConAbl,MA,M0,cat,cat_paraphrase_3,paraphrase,3,404,/data/bijaypandey/cuig_pilot/seq_pilot/eval_seed29/MA/images/cat_paraphrase_3_seed404.jpg,b8e602b681ecec28,0.0000,0,0,0,1,horse,0.9987
29,ConAbl,MA,M0,cat,cat_paraphrase_4,paraphrase,4,101,/data/bijaypandey/cuig_pilot/seq_pilot/eval_seed29/MA/images/cat_paraphrase_4_seed101.jpg,adc6ee6dbbfbc802,0.8386,1,1,1,5,cat,0.8386
29,ConAbl,MA,M0,cat,cat_paraphrase_4,paraphrase,4,202,/data/bijaypandey/cuig_pilot/seq_pilot/eval_seed29/MA/images/cat_paraphrase_4_seed202.jpg,66f996af5ffbb814,0.0000,0,0,0,3,horse,0.9940
29,ConAbl,MA,M0,cat,cat_paraphrase_4,paraphrase,4,303,/data/bijaypandey/cuig_pilot/seq_pilot/eval_seed29/MA/images/cat_paraphrase_4_seed303.jpg,119ddc19c5b6dc38,0.0000,0,0,0,3,horse,0.9976
29,ConAbl,MA,M0,cat,cat_paraphrase_4,paraphrase,4,404,/data/bijaypandey/cuig_pilot/seq_pilot/eval_seed29/MA/images/cat_paraphrase_4_seed404.jpg,a239c846fa41e1ce,0.9969,1,1,1,16,cat,0.9969
29,ConAbl,MA,M0,dog,dog_literal_0,literal,0,101,/data/bijaypandey/cuig_pilot/seq_pilot/eval_seed29/MA/images/dog_literal_0_seed101.jpg,db6d5f3babb7e29c,0.9997,1,1,1,1,dog,0.9997
29,ConAbl,MA,M0,dog,dog_literal_0,literal,0,202,/data/bijaypandey/cuig_pilot/seq_pilot/eval_seed29/MA/images/dog_literal_0_seed202.jpg,17a5ffbe3af707bf,0.9988,1,1,1,1,dog,0.9988
29,ConAbl,MA,M0,dog,dog_literal_0,literal,0,303,/data/bijaypandey/cuig_pilot/seq_pilot/eval_seed29/MA/images/dog_literal_0_seed303.jpg,62254cdf2d92b053,0.8666,1,1,1,3,dog,0.8666
29,ConAbl,MA,M0,dog,dog_literal_0,literal,0,404,/data/bijaypandey/cuig_pilot/seq_pilot/eval_seed29/MA/images/dog_literal_0_seed404.jpg,732118c80c9428c7,0.0000,0,0,0,0,,0.0000
29,ConAbl,MA,M0,dog,dog_literal_1,literal,1,101,/data/bijaypandey/cuig_pilot/seq_pilot/eval_seed29/MA/images/dog_literal_1_seed101.jpg,461e51d7a182a513,0.9874,1,1,1,6,dog,0.9874
29,ConAbl,MA,M0,dog,dog_literal_1,literal,1,202,/data/bijaypandey/cuig_pilot/seq_pilot/eval_seed29/MA/images/dog_literal_1_seed202.jpg,a69ac0cedaa581ac,0.9980,1,1,1,3,dog,0.9980
29,ConAbl,MA,M0,dog,dog_literal_1,literal,1,303,/data/bijaypandey/cuig_pilot/seq_pilot/eval_seed29/MA/images/dog_literal_1_seed303.jpg,6bab6ad04c53f895,0.9957,1,1,1,8,dog,0.9957
29,ConAbl,MA,M0,dog,dog_literal_1,literal,1,404,/data/bijaypandey/cuig_pilot/seq_pilot/eval_seed29/MA/images/dog_literal_1_seed404.jpg,b1d4fe3334c9b049,0.9991,1,1,1,17,dog,0.9991
29,ConAbl,MA,M0,dog,dog_literal_2,literal,2,101,/data/bijaypandey/cuig_pilot/seq_pilot/eval_seed29/MA/images/dog_literal_2_seed101.jpg,cd10f53574051cf0,0.3712,1,0,0,9,dog,0.3712
29,ConAbl,MA,M0,dog,dog_literal_2,literal,2,202,/data/bijaypandey/cuig_pilot/seq_pilot/eval_seed29/MA/images/dog_literal_2_seed202.jpg,e96c5a02ad878cbd,0.9870,1,1,1,1,dog,0.9870
29,ConAbl,MA,M0,dog,dog_literal_2,literal,2,303,/data/bijaypandey/cuig_pilot/seq_pilot/eval_seed29/MA/images/dog_literal_2_seed303.jpg,a3bea5b8e37d3e65,0.9708,1,1,1,2,dog,0.9708
29,ConAbl,MA,M0,dog,dog_literal_2,literal,2,404,/data/bijaypandey/cuig_pilot/seq_pilot/eval_seed29/MA/images/dog_literal_2_seed404.jpg,d5a01cf60deafc98,0.8864,1,1,1,6,dog,0.8864
29,ConAbl,MA,M0,dog,dog_literal_3,literal,3,101,/data/bijaypandey/cuig_pilot/seq_pilot/eval_seed29/MA/images/dog_literal_3_seed101.jpg,7e174b8faa216f40,0.9994,1,1,1,3,dog,0.9994
29,ConAbl,MA,M0,dog,dog_literal_3,literal,3,202,/data/bijaypandey/cuig_pilot/seq_pilot/eval_seed29/MA/images/dog_literal_3_seed202.jpg,931422ec905e4c31,0.9995,1,1,1,4,dog,0.9995
29,ConAbl,MA,M0,dog,dog_literal_3,literal,3,303,/data/bijaypandey/cuig_pilot/seq_pilot/eval_seed29/MA/images/dog_literal_3_seed303.jpg,e4aa5e5642766567,0.9987,1,1,1,2,dog,0.9987
29,ConAbl,MA,M0,dog,dog_literal_3,literal,3,404,/data/bijaypandey/cuig_pilot/seq_pilot/eval_seed29/MA/images/dog_literal_3_seed404.jpg,6ac08ef529563898,0.9989,1,1,1,1,dog,0.9989
29,ConAbl,MA,M0,dog,dog_literal_4,literal,4,101,/data/bijaypandey/cuig_pilot/seq_pilot/eval_seed29/MA/images/dog_literal_4_seed101.jpg,9ea8f2764030301f,0.9994,1,1,1,2,dog,0.9994
29,ConAbl,MA,M0,dog,dog_literal_4,literal,4,202,/data/bijaypandey/cuig_pilot/seq_pilot/eval_seed29/MA/images/dog_literal_4_seed202.jpg,37b0ee820b114fa0,0.9971,1,1,1,4,dog,0.9971
29,ConAbl,MA,M0,dog,dog_literal_4,literal,4,303,/data/bijaypandey/cuig_pilot/seq_pilot/eval_seed29/MA/images/dog_literal_4_seed303.jpg,0f2e218df3560a33,0.9991,1,1,1,7,dog,0.9991
29,ConAbl,MA,M0,dog,dog_literal_4,literal,4,404,/data/bijaypandey/cuig_pilot/seq_pilot/eval_seed29/MA/images/dog_literal_4_seed404.jpg,bd823fd7623a4627,0.9990,1,1,1,4,dog,0.9990
29,ConAbl,MA,M0,dog,dog_paraphrase_0,paraphrase,0,101,/data/bijaypandey/cuig_pilot/seq_pilot/eval_seed29/MA/images/dog_paraphrase_0_seed101.jpg,de6bdcf498595f5c,0.9987,1,1,1,15,dog,0.9987
29,ConAbl,MA,M0,dog,dog_paraphrase_0,paraphrase,0,202,/data/bijaypandey/cuig_pilot/seq_pilot/eval_seed29/MA/images/dog_paraphrase_0_seed202.jpg,9185df6665cd8acd,0.9913,1,1,1,18,person,0.9998
29,ConAbl,MA,M0,dog,dog_paraphrase_0,paraphrase,0,303,/data/bijaypandey/cuig_pilot/seq_pilot/eval_seed29/MA/images/dog_paraphrase_0_seed303.jpg,682d023642ab865e,0.9996,1,1,1,5,dog,0.9996
29,ConAbl,MA,M0,dog,dog_paraphrase_0,paraphrase,0,404,/data/bijaypandey/cuig_pilot/seq_pilot/eval_seed29/MA/images/dog_paraphrase_0_seed404.jpg,ed5a743fbcf86725,0.9987,1,1,1,55,dog,0.9987
29,ConAbl,MA,M0,dog,dog_paraphrase_1,paraphrase,1,101,/data/bijaypandey/cuig_pilot/seq_pilot/eval_seed29/MA/images/dog_paraphrase_1_seed101.jpg,cb7f149b26e2f4cf,0.9972,1,1,1,5,person,0.9989
29,ConAbl,MA,M0,dog,dog_paraphrase_1,paraphrase,1,202,/data/bijaypandey/cuig_pilot/seq_pilot/eval_seed29/MA/images/dog_paraphrase_1_seed202.jpg,65494047808168a8,0.9981,1,1,1,5,dog,0.9981
29,ConAbl,MA,M0,dog,dog_paraphrase_1,paraphrase,1,303,/data/bijaypandey/cuig_pilot/seq_pilot/eval_seed29/MA/images/dog_paraphrase_1_seed303.jpg,661ceec5133050ba,0.9308,1,1,1,11,person,0.9936
29,ConAbl,MA,M0,dog,dog_paraphrase_1,paraphrase,1,404,/data/bijaypandey/cuig_pilot/seq_pilot/eval_seed29/MA/images/dog_paraphrase_1_seed404.jpg,2f52b597388d0ff7,0.1879,0,0,0,10,person,0.9998
29,ConAbl,MA,M0,dog,dog_paraphrase_2,paraphrase,2,101,/data/bijaypandey/cuig_pilot/seq_pilot/eval_seed29/MA/images/dog_paraphrase_2_seed101.jpg,168726b493797944,0.9772,1,1,1,5,dog,0.9772
29,ConAbl,MA,M0,dog,dog_paraphrase_2,paraphrase,2,202,/data/bijaypandey/cuig_pilot/seq_pilot/eval_seed29/MA/images/dog_paraphrase_2_seed202.jpg,edde9770216a39cf,0.9956,1,1,1,2,dog,0.9956
29,ConAbl,MA,M0,dog,dog_paraphrase_2,paraphrase,2,303,/data/bijaypandey/cuig_pilot/seq_pilot/eval_seed29/MA/images/dog_paraphrase_2_seed303.jpg,58b90d51c4fd2d87,0.9980,1,1,1,2,dog,0.9980
29,ConAbl,MA,M0,dog,dog_paraphrase_2,paraphrase,2,404,/data/bijaypandey/cuig_pilot/seq_pilot/eval_seed29/MA/images/dog_paraphrase_2_seed404.jpg,9b38be82e1f57c38,0.9968,1,1,1,2,dog,0.9968
29,ConAbl,MA,M0,dog,dog_paraphrase_3,paraphrase,3,101,/data/bijaypandey/cuig_pilot/seq_pilot/eval_seed29/MA/images/dog_paraphrase_3_seed101.jpg,9e958441e16aabb7,0.9534,1,1,1,8,dog,0.9534
29,ConAbl,MA,M0,dog,dog_paraphrase_3,paraphrase,3,202,/data/bijaypandey/cuig_pilot/seq_pilot/eval_seed29/MA/images/dog_paraphrase_3_seed202.jpg,dd8bdcebd43ae6ed,0.9922,1,1,1,6,dog,0.9922
29,ConAbl,MA,M0,dog,dog_paraphrase_3,paraphrase,3,303,/data/bijaypandey/cuig_pilot/seq_pilot/eval_seed29/MA/images/dog_paraphrase_3_seed303.jpg,b21d814b3e8690a9,0.9738,1,1,1,5,dog,0.9738
29,ConAbl,MA,M0,dog,dog_paraphrase_3,paraphrase,3,404,/data/bijaypandey/cuig_pilot/seq_pilot/eval_seed29/MA/images/dog_paraphrase_3_seed404.jpg,a15e2d8c74218ce4,0.9957,1,1,1,5,dog,0.9957
29,ConAbl,MA,M0,dog,dog_paraphrase_4,paraphrase,4,101,/data/bijaypandey/cuig_pilot/seq_pilot/eval_seed29/MA/images/dog_paraphrase_4_seed101.jpg,7d98fcbf04ecfb2a,0.9986,1,1,1,5,dog,0.9986
29,ConAbl,MA,M0,dog,dog_paraphrase_4,paraphrase,4,202,/data/bijaypandey/cuig_pilot/seq_pilot/eval_seed29/MA/images/dog_paraphrase_4_seed202.jpg,ae6d48033b7103ab,0.5660,1,1,0,4,horse,0.8706
29,ConAbl,MA,M0,dog,dog_paraphrase_4,paraphrase,4,303,/data/bijaypandey/cuig_pilot/seq_pilot/eval_seed29/MA/images/dog_paraphrase_4_seed303.jpg,863e71a574691f36,0.9946,1,1,1,1,dog,0.9946
29,ConAbl,MA,M0,dog,dog_paraphrase_4,paraphrase,4,404,/data/bijaypandey/cuig_pilot/seq_pilot/eval_seed29/MA/images/dog_paraphrase_4_seed404.jpg,cd150d5c7bba6f7c,0.9992,1,1,1,12,dog,0.9992
29,ConAbl,MA,M0,sandwich,sandwich_literal_0,literal,0,101,/data/bijaypandey/cuig_pilot/seq_pilot/eval_seed29/MA/images/sandwich_literal_0_seed101.jpg,0937996f95c37dec,0.9889,1,1,1,13,dining table,0.9916
29,ConAbl,MA,M0,sandwich,sandwich_literal_0,literal,0,202,/data/bijaypandey/cuig_pilot/seq_pilot/eval_seed29/MA/images/sandwich_literal_0_seed202.jpg,49dd29bf6ff54672,0.9967,1,1,1,5,sandwich,0.9967
29,ConAbl,MA,M0,sandwich,sandwich_literal_0,literal,0,303,/data/bijaypandey/cuig_pilot/seq_pilot/eval_seed29/MA/images/sandwich_literal_0_seed303.jpg,e1f04adb6df274fb,0.9761,1,1,1,11,sandwich,0.9761
29,ConAbl,MA,M0,sandwich,sandwich_literal_0,literal,0,404,/data/bijaypandey/cuig_pilot/seq_pilot/eval_seed29/MA/images/sandwich_literal_0_seed404.jpg,27df01c752705e7e,0.9868,1,1,1,15,sandwich,0.9868
29,ConAbl,MA,M0,sandwich,sandwich_literal_1,literal,1,101,/data/bijaypandey/cuig_pilot/seq_pilot/eval_seed29/MA/images/sandwich_literal_1_seed101.jpg,a86f02a9ecce495f,0.8710,1,1,1,11,dining table,0.9207
29,ConAbl,MA,M0,sandwich,sandwich_literal_1,literal,1,202,/data/bijaypandey/cuig_pilot/seq_pilot/eval_seed29/MA/images/sandwich_literal_1_seed202.jpg,6ed39dccf6328fe6,0.9933,1,1,1,8,sandwich,0.9933
29,ConAbl,MA,M0,sandwich,sandwich_literal_1,literal,1,303,/data/bijaypandey/cuig_pilot/seq_pilot/eval_seed29/MA/images/sandwich_literal_1_seed303.jpg,f10b01a7991e483f,0.8089,1,1,1,22,cup,0.9613
29,ConAbl,MA,M0,sandwich,sandwich_literal_1,literal,1,404,/data/bijaypandey/cuig_pilot/seq_pilot/eval_seed29/MA/images/sandwich_literal_1_seed404.jpg,f45f977ecf8ca68b,0.9942,1,1,1,10,sandwich,0.9942
29,ConAbl,MA,M0,sandwich,sandwich_literal_2,literal,2,101,/data/bijaypandey/cuig_pilot/seq_pilot/eval_seed29/MA/images/sandwich_literal_2_seed101.jpg,4eea6248c82c7fbd,0.7808,1,1,1,17,person,0.9812
29,ConAbl,MA,M0,sandwich,sandwich_literal_2,literal,2,202,/data/bijaypandey/cuig_pilot/seq_pilot/eval_seed29/MA/images/sandwich_literal_2_seed202.jpg,361dd04d8be72d68,0.9778,1,1,1,5,sandwich,0.9778
29,ConAbl,MA,M0,sandwich,sandwich_literal_2,literal,2,303,/data/bijaypandey/cuig_pilot/seq_pilot/eval_seed29/MA/images/sandwich_literal_2_seed303.jpg,5e7041968f757b44,0.9827,1,1,1,10,sandwich,0.9827
29,ConAbl,MA,M0,sandwich,sandwich_literal_2,literal,2,404,/data/bijaypandey/cuig_pilot/seq_pilot/eval_seed29/MA/images/sandwich_literal_2_seed404.jpg,9b7f4c52ef3eafd2,0.9437,1,1,1,2,sandwich,0.9437
29,ConAbl,MA,M0,sandwich,sandwich_literal_3,literal,3,101,/data/bijaypandey/cuig_pilot/seq_pilot/eval_seed29/MA/images/sandwich_literal_3_seed101.jpg,23594c9817bd01c1,0.8629,1,1,1,14,dining table,0.9116
29,ConAbl,MA,M0,sandwich,sandwich_literal_3,literal,3,202,/data/bijaypandey/cuig_pilot/seq_pilot/eval_seed29/MA/images/sandwich_literal_3_seed202.jpg,89508a52ee0b22d7,0.9894,1,1,1,12,sandwich,0.9894
29,ConAbl,MA,M0,sandwich,sandwich_literal_3,literal,3,303,/data/bijaypandey/cuig_pilot/seq_pilot/eval_seed29/MA/images/sandwich_literal_3_seed303.jpg,23958b0b831282ae,0.9950,1,1,1,8,cup,0.9985
29,ConAbl,MA,M0,sandwich,sandwich_literal_3,literal,3,404,/data/bijaypandey/cuig_pilot/seq_pilot/eval_seed29/MA/images/sandwich_literal_3_seed404.jpg,921f50b31d9f6111,0.9869,1,1,1,17,cup,0.9984
29,ConAbl,MA,M0,sandwich,sandwich_literal_4,literal,4,101,/data/bijaypandey/cuig_pilot/seq_pilot/eval_seed29/MA/images/sandwich_literal_4_seed101.jpg,73ceb19aa42eb98b,0.9910,1,1,1,6,sandwich,0.9910
29,ConAbl,MA,M0,sandwich,sandwich_literal_4,literal,4,202,/data/bijaypandey/cuig_pilot/seq_pilot/eval_seed29/MA/images/sandwich_literal_4_seed202.jpg,dea4400a69e50fd7,0.5487,1,1,0,8,dining table,0.6792
29,ConAbl,MA,M0,sandwich,sandwich_literal_4,literal,4,303,/data/bijaypandey/cuig_pilot/seq_pilot/eval_seed29/MA/images/sandwich_literal_4_seed303.jpg,5897e45182e480db,0.9956,1,1,1,11,sandwich,0.9956
29,ConAbl,MA,M0,sandwich,sandwich_literal_4,literal,4,404,/data/bijaypandey/cuig_pilot/seq_pilot/eval_seed29/MA/images/sandwich_literal_4_seed404.jpg,307d891478156edf,0.9893,1,1,1,7,sandwich,0.9893
29,ConAbl,MA,M0,sandwich,sandwich_paraphrase_0,paraphrase,0,101,/data/bijaypandey/cuig_pilot/seq_pilot/eval_seed29/MA/images/sandwich_paraphrase_0_seed101.jpg,490f0f3bedcb904a,0.4348,1,0,0,13,sandwich,0.4348
29,ConAbl,MA,M0,sandwich,sandwich_paraphrase_0,paraphrase,0,202,/data/bijaypandey/cuig_pilot/seq_pilot/eval_seed29/MA/images/sandwich_paraphrase_0_seed202.jpg,60e8a62b102aaa12,0.9227,1,1,1,11,sandwich,0.9227
29,ConAbl,MA,M0,sandwich,sandwich_paraphrase_0,paraphrase,0,303,/data/bijaypandey/cuig_pilot/seq_pilot/eval_seed29/MA/images/sandwich_paraphrase_0_seed303.jpg,64ced37881984434,0.7677,1,1,1,26,sandwich,0.7677
29,ConAbl,MA,M0,sandwich,sandwich_paraphrase_0,paraphrase,0,404,/data/bijaypandey/cuig_pilot/seq_pilot/eval_seed29/MA/images/sandwich_paraphrase_0_seed404.jpg,6f12c0c6fc97d1b8,0.7227,1,1,1,14,sandwich,0.7227
29,ConAbl,MA,M0,sandwich,sandwich_paraphrase_1,paraphrase,1,101,/data/bijaypandey/cuig_pilot/seq_pilot/eval_seed29/MA/images/sandwich_paraphrase_1_seed101.jpg,eb11e45778336ea9,0.4831,1,0,0,10,bowl,0.8055
29,ConAbl,MA,M0,sandwich,sandwich_paraphrase_1,paraphrase,1,202,/data/bijaypandey/cuig_pilot/seq_pilot/eval_seed29/MA/images/sandwich_paraphrase_1_seed202.jpg,850f788265ca78e4,0.7640,1,1,1,13,sandwich,0.7640
29,ConAbl,MA,M0,sandwich,sandwich_paraphrase_1,paraphrase,1,303,/data/bijaypandey/cuig_pilot/seq_pilot/eval_seed29/MA/images/sandwich_paraphrase_1_seed303.jpg,4c2f694af5fc4816,0.8867,1,1,1,20,dining table,0.9312
29,ConAbl,MA,M0,sandwich,sandwich_paraphrase_1,paraphrase,1,404,/data/bijaypandey/cuig_pilot/seq_pilot/eval_seed29/MA/images/sandwich_paraphrase_1_seed404.jpg,850e30736d8647a7,0.1389,0,0,0,17,hot dog,0.4517
29,ConAbl,MA,M0,sandwich,sandwich_paraphrase_2,paraphrase,2,101,/data/bijaypandey/cuig_pilot/seq_pilot/eval_seed29/MA/images/sandwich_paraphrase_2_seed101.jpg,3a2b1a7be0882877,0.9669,1,1,1,13,sandwich,0.9669
29,ConAbl,MA,M0,sandwich,sandwich_paraphrase_2,paraphrase,2,202,/data/bijaypandey/cuig_pilot/seq_pilot/eval_seed29/MA/images/sandwich_paraphrase_2_seed202.jpg,f6016525152cf6b4,0.9658,1,1,1,7,sandwich,0.9658
29,ConAbl,MA,M0,sandwich,sandwich_paraphrase_2,paraphrase,2,303,/data/bijaypandey/cuig_pilot/seq_pilot/eval_seed29/MA/images/sandwich_paraphrase_2_seed303.jpg,d598e837f3728448,0.8485,1,1,1,27,sandwich,0.8485
29,ConAbl,MA,M0,sandwich,sandwich_paraphrase_2,paraphrase,2,404,/data/bijaypandey/cuig_pilot/seq_pilot/eval_seed29/MA/images/sandwich_paraphrase_2_seed404.jpg,d6175fe871e4f6b7,0.9707,1,1,1,13,sandwich,0.9707
29,ConAbl,MA,M0,sandwich,sandwich_paraphrase_3,paraphrase,3,101,/data/bijaypandey/cuig_pilot/seq_pilot/eval_seed29/MA/images/sandwich_paraphrase_3_seed101.jpg,e7b76377b0addc2f,0.1063,0,0,0,17,dining table,0.9367
29,ConAbl,MA,M0,sandwich,sandwich_paraphrase_3,paraphrase,3,202,/data/bijaypandey/cuig_pilot/seq_pilot/eval_seed29/MA/images/sandwich_paraphrase_3_seed202.jpg,dd55367f5418c26f,0.9022,1,1,1,29,sandwich,0.9022
29,ConAbl,MA,M0,sandwich,sandwich_paraphrase_3,paraphrase,3,303,/data/bijaypandey/cuig_pilot/seq_pilot/eval_seed29/MA/images/sandwich_paraphrase_3_seed303.jpg,bb106761eb6d67bd,0.0000,0,0,0,17,dining table,0.9632
29,ConAbl,MA,M0,sandwich,sandwich_paraphrase_3,paraphrase,3,404,/data/bijaypandey/cuig_pilot/seq_pilot/eval_seed29/MA/images/sandwich_paraphrase_3_seed404.jpg,de2c2acfc6229c1a,0.9031,1,1,1,13,donut,0.9105
29,ConAbl,MA,M0,sandwich,sandwich_paraphrase_4,paraphrase,4,101,/data/bijaypandey/cuig_pilot/seq_pilot/eval_seed29/MA/images/sandwich_paraphrase_4_seed101.jpg,0dfc77d67fb8ccd6,0.8763,1,1,1,27,bowl,0.9959
29,ConAbl,MA,M0,sandwich,sandwich_paraphrase_4,paraphrase,4,202,/data/bijaypandey/cuig_pilot/seq_pilot/eval_seed29/MA/images/sandwich_paraphrase_4_seed202.jpg,1ac8540701324c4d,0.8851,1,1,1,24,bowl,0.9897
29,ConAbl,MA,M0,sandwich,sandwich_paraphrase_4,paraphrase,4,303,/data/bijaypandey/cuig_pilot/seq_pilot/eval_seed29/MA/images/sandwich_paraphrase_4_seed303.jpg,64dde1cb7fdbac00,0.7388,1,1,1,20,sandwich,0.7388
29,ConAbl,MA,M0,sandwich,sandwich_paraphrase_4,paraphrase,4,404,/data/bijaypandey/cuig_pilot/seq_pilot/eval_seed29/MA/images/sandwich_paraphrase_4_seed404.jpg,ab5b2013d823fad2,0.9648,1,1,1,12,sandwich,0.9648
29,ConAbl,MA,M0,horse,horse_literal_0,literal,0,101,/data/bijaypandey/cuig_pilot/seq_pilot/eval_seed29/MA/images/horse_literal_0_seed101.jpg,58c4621dddfcaf02,0.9997,1,1,1,1,horse,0.9997
29,ConAbl,MA,M0,horse,horse_literal_0,literal,0,202,/data/bijaypandey/cuig_pilot/seq_pilot/eval_seed29/MA/images/horse_literal_0_seed202.jpg,b0125f3d6849d8a9,0.9997,1,1,1,2,horse,0.9997
29,ConAbl,MA,M0,horse,horse_literal_0,literal,0,303,/data/bijaypandey/cuig_pilot/seq_pilot/eval_seed29/MA/images/horse_literal_0_seed303.jpg,d97aa6b8518abe23,0.9995,1,1,1,1,horse,0.9995
29,ConAbl,MA,M0,horse,horse_literal_0,literal,0,404,/data/bijaypandey/cuig_pilot/seq_pilot/eval_seed29/MA/images/horse_literal_0_seed404.jpg,f77a83992a10fa50,0.9943,1,1,1,4,horse,0.9943
29,ConAbl,MA,M0,horse,horse_literal_1,literal,1,101,/data/bijaypandey/cuig_pilot/seq_pilot/eval_seed29/MA/images/horse_literal_1_seed101.jpg,49d99282bce8c228,0.9975,1,1,1,1,horse,0.9975
29,ConAbl,MA,M0,horse,horse_literal_1,literal,1,202,/data/bijaypandey/cuig_pilot/seq_pilot/eval_seed29/MA/images/horse_literal_1_seed202.jpg,76fcd5435220d585,0.9996,1,1,1,3,horse,0.9996
29,ConAbl,MA,M0,horse,horse_literal_1,literal,1,303,/data/bijaypandey/cuig_pilot/seq_pilot/eval_seed29/MA/images/horse_literal_1_seed303.jpg,35e5bd8843a82299,0.9496,1,1,1,4,horse,0.9496
29,ConAbl,MA,M0,horse,horse_literal_1,literal,1,404,/data/bijaypandey/cuig_pilot/seq_pilot/eval_seed29/MA/images/horse_literal_1_seed404.jpg,912df80ac50b6219,0.9954,1,1,1,12,horse,0.9954
29,ConAbl,MA,M0,horse,horse_literal_2,literal,2,101,/data/bijaypandey/cuig_pilot/seq_pilot/eval_seed29/MA/images/horse_literal_2_seed101.jpg,42697cbe1034f97c,0.9894,1,1,1,2,horse,0.9894
29,ConAbl,MA,M0,horse,horse_literal_2,literal,2,202,/data/bijaypandey/cuig_pilot/seq_pilot/eval_seed29/MA/images/horse_literal_2_seed202.jpg,7c336875f24076fa,0.9011,1,1,1,11,horse,0.9011
29,ConAbl,MA,M0,horse,horse_literal_2,literal,2,303,/data/bijaypandey/cuig_pilot/seq_pilot/eval_seed29/MA/images/horse_literal_2_seed303.jpg,88cda490124b1bf3,0.9832,1,1,1,3,horse,0.9832
29,ConAbl,MA,M0,horse,horse_literal_2,literal,2,404,/data/bijaypandey/cuig_pilot/seq_pilot/eval_seed29/MA/images/horse_literal_2_seed404.jpg,b025c3dd0d3708a6,0.9975,1,1,1,2,horse,0.9975
29,ConAbl,MA,M0,horse,horse_literal_3,literal,3,101,/data/bijaypandey/cuig_pilot/seq_pilot/eval_seed29/MA/images/horse_literal_3_seed101.jpg,d7525176c94a5d61,0.9997,1,1,1,2,horse,0.9997
29,ConAbl,MA,M0,horse,horse_literal_3,literal,3,202,/data/bijaypandey/cuig_pilot/seq_pilot/eval_seed29/MA/images/horse_literal_3_seed202.jpg,b02b05b672bc3946,0.9997,1,1,1,2,horse,0.9997
29,ConAbl,MA,M0,horse,horse_literal_3,literal,3,303,/data/bijaypandey/cuig_pilot/seq_pilot/eval_seed29/MA/images/horse_literal_3_seed303.jpg,bc60e4d981749ce3,0.9996,1,1,1,2,horse,0.9996
29,ConAbl,MA,M0,horse,horse_literal_3,literal,3,404,/data/bijaypandey/cuig_pilot/seq_pilot/eval_seed29/MA/images/horse_literal_3_seed404.jpg,da8f63166ed23e0d,0.9993,1,1,1,9,horse,0.9993
29,ConAbl,MA,M0,horse,horse_literal_4,literal,4,101,/data/bijaypandey/cuig_pilot/seq_pilot/eval_seed29/MA/images/horse_literal_4_seed101.jpg,4b8a0a5d663b8465,0.9998,1,1,1,1,horse,0.9998
29,ConAbl,MA,M0,horse,horse_literal_4,literal,4,202,/data/bijaypandey/cuig_pilot/seq_pilot/eval_seed29/MA/images/horse_literal_4_seed202.jpg,282dd8628925b048,0.9999,1,1,1,2,horse,0.9999
29,ConAbl,MA,M0,horse,horse_literal_4,literal,4,303,/data/bijaypandey/cuig_pilot/seq_pilot/eval_seed29/MA/images/horse_literal_4_seed303.jpg,4627ccd1c430d478,0.9984,1,1,1,3,horse,0.9984
29,ConAbl,MA,M0,horse,horse_literal_4,literal,4,404,/data/bijaypandey/cuig_pilot/seq_pilot/eval_seed29/MA/images/horse_literal_4_seed404.jpg,848c149083689a92,0.9999,1,1,1,1,horse,0.9999
29,ConAbl,MA,M0,horse,horse_paraphrase_0,paraphrase,0,101,/data/bijaypandey/cuig_pilot/seq_pilot/eval_seed29/MA/images/horse_paraphrase_0_seed101.jpg,52729da5e667c1c8,0.9993,1,1,1,1,horse,0.9993
29,ConAbl,MA,M0,horse,horse_paraphrase_0,paraphrase,0,202,/data/bijaypandey/cuig_pilot/seq_pilot/eval_seed29/MA/images/horse_paraphrase_0_seed202.jpg,41dec7a02f333578,0.9989,1,1,1,1,horse,0.9989
29,ConAbl,MA,M0,horse,horse_paraphrase_0,paraphrase,0,303,/data/bijaypandey/cuig_pilot/seq_pilot/eval_seed29/MA/images/horse_paraphrase_0_seed303.jpg,f75c7ec2ac55a362,0.9973,1,1,1,1,horse,0.9973
29,ConAbl,MA,M0,horse,horse_paraphrase_0,paraphrase,0,404,/data/bijaypandey/cuig_pilot/seq_pilot/eval_seed29/MA/images/horse_paraphrase_0_seed404.jpg,afaa5931c26d9268,0.9978,1,1,1,2,horse,0.9978
29,ConAbl,MA,M0,horse,horse_paraphrase_1,paraphrase,1,101,/data/bijaypandey/cuig_pilot/seq_pilot/eval_seed29/MA/images/horse_paraphrase_1_seed101.jpg,fbb802c503a203c3,0.9996,1,1,1,3,horse,0.9996
29,ConAbl,MA,M0,horse,horse_paraphrase_1,paraphrase,1,202,/data/bijaypandey/cuig_pilot/seq_pilot/eval_seed29/MA/images/horse_paraphrase_1_seed202.jpg,5bc89f9f3a9bdde4,0.9996,1,1,1,1,horse,0.9996
29,ConAbl,MA,M0,horse,horse_paraphrase_1,paraphrase,1,303,/data/bijaypandey/cuig_pilot/seq_pilot/eval_seed29/MA/images/horse_paraphrase_1_seed303.jpg,ef0ba15ad21a1717,0.9984,1,1,1,7,person,0.9990
29,ConAbl,MA,M0,horse,horse_paraphrase_1,paraphrase,1,404,/data/bijaypandey/cuig_pilot/seq_pilot/eval_seed29/MA/images/horse_paraphrase_1_seed404.jpg,b6da215b8fc89146,0.9995,1,1,1,4,horse,0.9995
29,ConAbl,MA,M0,horse,horse_paraphrase_2,paraphrase,2,101,/data/bijaypandey/cuig_pilot/seq_pilot/eval_seed29/MA/images/horse_paraphrase_2_seed101.jpg,75316eee86e5a264,0.9985,1,1,1,2,horse,0.9985
29,ConAbl,MA,M0,horse,horse_paraphrase_2,paraphrase,2,202,/data/bijaypandey/cuig_pilot/seq_pilot/eval_seed29/MA/images/horse_paraphrase_2_seed202.jpg,e3b922db7c6f6925,0.9992,1,1,1,1,horse,0.9992
29,ConAbl,MA,M0,horse,horse_paraphrase_2,paraphrase,2,303,/data/bijaypandey/cuig_pilot/seq_pilot/eval_seed29/MA/images/horse_paraphrase_2_seed303.jpg,4f9909c456154f61,0.9995,1,1,1,1,horse,0.9995
29,ConAbl,MA,M0,horse,horse_paraphrase_2,paraphrase,2,404,/data/bijaypandey/cuig_pilot/seq_pilot/eval_seed29/MA/images/horse_paraphrase_2_seed404.jpg,bfeb6a933a1566ef,0.9254,1,1,1,3,horse,0.9254
29,ConAbl,MA,M0,horse,horse_paraphrase_3,paraphrase,3,101,/data/bijaypandey/cuig_pilot/seq_pilot/eval_seed29/MA/images/horse_paraphrase_3_seed101.jpg,333c0f3aac01d59f,0.9840,1,1,1,4,horse,0.9840
29,ConAbl,MA,M0,horse,horse_paraphrase_3,paraphrase,3,202,/data/bijaypandey/cuig_pilot/seq_pilot/eval_seed29/MA/images/horse_paraphrase_3_seed202.jpg,92f6140ccb7edcf6,0.9746,1,1,1,3,horse,0.9746
29,ConAbl,MA,M0,horse,horse_paraphrase_3,paraphrase,3,303,/data/bijaypandey/cuig_pilot/seq_pilot/eval_seed29/MA/images/horse_paraphrase_3_seed303.jpg,9c516959dc18bc7c,0.9994,1,1,1,4,horse,0.9994
29,ConAbl,MA,M0,horse,horse_paraphrase_3,paraphrase,3,404,/data/bijaypandey/cuig_pilot/seq_pilot/eval_seed29/MA/images/horse_paraphrase_3_seed404.jpg,8d554570f938c8b9,0.9970,1,1,1,3,horse,0.9970
29,ConAbl,MA,M0,horse,horse_paraphrase_4,paraphrase,4,101,/data/bijaypandey/cuig_pilot/seq_pilot/eval_seed29/MA/images/horse_paraphrase_4_seed101.jpg,c6cdd66bf49fd64a,0.9971,1,1,1,1,horse,0.9971
29,ConAbl,MA,M0,horse,horse_paraphrase_4,paraphrase,4,202,/data/bijaypandey/cuig_pilot/seq_pilot/eval_seed29/MA/images/horse_paraphrase_4_seed202.jpg,4b7db871ede1d996,0.9732,1,1,1,7,horse,0.9732
29,ConAbl,MA,M0,horse,horse_paraphrase_4,paraphrase,4,303,/data/bijaypandey/cuig_pilot/seq_pilot/eval_seed29/MA/images/horse_paraphrase_4_seed303.jpg,89d7fa4dc446dfa3,0.9992,1,1,1,5,horse,0.9992
29,ConAbl,MA,M0,horse,horse_paraphrase_4,paraphrase,4,404,/data/bijaypandey/cuig_pilot/seq_pilot/eval_seed29/MA/images/horse_paraphrase_4_seed404.jpg,59bd3447175d8f3b,0.9996,1,1,1,1,horse,0.9996
29,ConAbl,MA,M0,bird,bird_literal_0,literal,0,101,/data/bijaypandey/cuig_pilot/seq_pilot/eval_seed29/MA/images/bird_literal_0_seed101.jpg,89a316f04d136286,0.9940,1,1,1,2,bird,0.9940
29,ConAbl,MA,M0,bird,bird_literal_0,literal,0,202,/data/bijaypandey/cuig_pilot/seq_pilot/eval_seed29/MA/images/bird_literal_0_seed202.jpg,a8ce2d21216a0580,0.9972,1,1,1,1,bird,0.9972
29,ConAbl,MA,M0,bird,bird_literal_0,literal,0,303,/data/bijaypandey/cuig_pilot/seq_pilot/eval_seed29/MA/images/bird_literal_0_seed303.jpg,d05ed3f0fa8abdd4,0.9984,1,1,1,3,bird,0.9984
29,ConAbl,MA,M0,bird,bird_literal_0,literal,0,404,/data/bijaypandey/cuig_pilot/seq_pilot/eval_seed29/MA/images/bird_literal_0_seed404.jpg,b42800ee01376b60,0.9973,1,1,1,1,bird,0.9973
29,ConAbl,MA,M0,bird,bird_literal_1,literal,1,101,/data/bijaypandey/cuig_pilot/seq_pilot/eval_seed29/MA/images/bird_literal_1_seed101.jpg,398a9d6a019e9c48,0.9927,1,1,1,7,bird,0.9927
29,ConAbl,MA,M0,bird,bird_literal_1,literal,1,202,/data/bijaypandey/cuig_pilot/seq_pilot/eval_seed29/MA/images/bird_literal_1_seed202.jpg,6e2d04bce5a662ce,0.9993,1,1,1,1,bird,0.9993
29,ConAbl,MA,M0,bird,bird_literal_1,literal,1,303,/data/bijaypandey/cuig_pilot/seq_pilot/eval_seed29/MA/images/bird_literal_1_seed303.jpg,da490aaa94a53638,0.9960,1,1,1,2,bird,0.9960
29,ConAbl,MA,M0,bird,bird_literal_1,literal,1,404,/data/bijaypandey/cuig_pilot/seq_pilot/eval_seed29/MA/images/bird_literal_1_seed404.jpg,e1c4e1332147f5a4,0.9990,1,1,1,3,bird,0.9990
29,ConAbl,MA,M0,bird,bird_literal_2,literal,2,101,/data/bijaypandey/cuig_pilot/seq_pilot/eval_seed29/MA/images/bird_literal_2_seed101.jpg,0d252b04964111b0,0.0000,0,0,0,0,,0.0000
29,ConAbl,MA,M0,bird,bird_literal_2,literal,2,202,/data/bijaypandey/cuig_pilot/seq_pilot/eval_seed29/MA/images/bird_literal_2_seed202.jpg,16afcf7e43fc504b,0.9994,1,1,1,4,bird,0.9994
29,ConAbl,MA,M0,bird,bird_literal_2,literal,2,303,/data/bijaypandey/cuig_pilot/seq_pilot/eval_seed29/MA/images/bird_literal_2_seed303.jpg,b47e74e078d89262,0.0000,0,0,0,1,vase,0.4365
29,ConAbl,MA,M0,bird,bird_literal_2,literal,2,404,/data/bijaypandey/cuig_pilot/seq_pilot/eval_seed29/MA/images/bird_literal_2_seed404.jpg,5953b975dc6877c5,0.9955,1,1,1,3,bird,0.9955
29,ConAbl,MA,M0,bird,bird_literal_3,literal,3,101,/data/bijaypandey/cuig_pilot/seq_pilot/eval_seed29/MA/images/bird_literal_3_seed101.jpg,6c0cabc3a5b1d240,0.9954,1,1,1,4,bird,0.9954
29,ConAbl,MA,M0,bird,bird_literal_3,literal,3,202,/data/bijaypandey/cuig_pilot/seq_pilot/eval_seed29/MA/images/bird_literal_3_seed202.jpg,f5051aa70a8c0490,0.9983,1,1,1,1,bird,0.9983
29,ConAbl,MA,M0,bird,bird_literal_3,literal,3,303,/data/bijaypandey/cuig_pilot/seq_pilot/eval_seed29/MA/images/bird_literal_3_seed303.jpg,ca0c936291ae241a,0.9942,1,1,1,4,bird,0.9942
29,ConAbl,MA,M0,bird,bird_literal_3,literal,3,404,/data/bijaypandey/cuig_pilot/seq_pilot/eval_seed29/MA/images/bird_literal_3_seed404.jpg,e1716fde3f5c67c0,0.9955,1,1,1,4,bird,0.9955
29,ConAbl,MA,M0,bird,bird_literal_4,literal,4,101,/data/bijaypandey/cuig_pilot/seq_pilot/eval_seed29/MA/images/bird_literal_4_seed101.jpg,89c13183f7d56ca3,0.9985,1,1,1,4,bird,0.9985
29,ConAbl,MA,M0,bird,bird_literal_4,literal,4,202,/data/bijaypandey/cuig_pilot/seq_pilot/eval_seed29/MA/images/bird_literal_4_seed202.jpg,de3158d419516826,0.9972,1,1,1,2,bird,0.9972
29,ConAbl,MA,M0,bird,bird_literal_4,literal,4,303,/data/bijaypandey/cuig_pilot/seq_pilot/eval_seed29/MA/images/bird_literal_4_seed303.jpg,580d1b00a2d2fe45,0.9963,1,1,1,3,bird,0.9963
29,ConAbl,MA,M0,bird,bird_literal_4,literal,4,404,/data/bijaypandey/cuig_pilot/seq_pilot/eval_seed29/MA/images/bird_literal_4_seed404.jpg,66be8fb2831817de,0.9942,1,1,1,2,bird,0.9942
29,ConAbl,MA,M0,bird,bird_paraphrase_0,paraphrase,0,101,/data/bijaypandey/cuig_pilot/seq_pilot/eval_seed29/MA/images/bird_paraphrase_0_seed101.jpg,a0029151601159fe,0.9981,1,1,1,4,bird,0.9981
29,ConAbl,MA,M0,bird,bird_paraphrase_0,paraphrase,0,202,/data/bijaypandey/cuig_pilot/seq_pilot/eval_seed29/MA/images/bird_paraphrase_0_seed202.jpg,e755fbdf3c26a2b3,0.9997,1,1,1,3,bird,0.9997
29,ConAbl,MA,M0,bird,bird_paraphrase_0,paraphrase,0,303,/data/bijaypandey/cuig_pilot/seq_pilot/eval_seed29/MA/images/bird_paraphrase_0_seed303.jpg,7df358dad6d193ad,0.9992,1,1,1,2,bird,0.9992
29,ConAbl,MA,M0,bird,bird_paraphrase_0,paraphrase,0,404,/data/bijaypandey/cuig_pilot/seq_pilot/eval_seed29/MA/images/bird_paraphrase_0_seed404.jpg,58ca452b997be0b4,0.9954,1,1,1,3,bird,0.9954
29,ConAbl,MA,M0,bird,bird_paraphrase_1,paraphrase,1,101,/data/bijaypandey/cuig_pilot/seq_pilot/eval_seed29/MA/images/bird_paraphrase_1_seed101.jpg,15a3787c13d02afe,0.9983,1,1,1,2,bird,0.9983
29,ConAbl,MA,M0,bird,bird_paraphrase_1,paraphrase,1,202,/data/bijaypandey/cuig_pilot/seq_pilot/eval_seed29/MA/images/bird_paraphrase_1_seed202.jpg,c0ab948bdeec9216,0.9996,1,1,1,8,bird,0.9996
29,ConAbl,MA,M0,bird,bird_paraphrase_1,paraphrase,1,303,/data/bijaypandey/cuig_pilot/seq_pilot/eval_seed29/MA/images/bird_paraphrase_1_seed303.jpg,f0828a4c64a37e7a,0.9966,1,1,1,2,bird,0.9966
29,ConAbl,MA,M0,bird,bird_paraphrase_1,paraphrase,1,404,/data/bijaypandey/cuig_pilot/seq_pilot/eval_seed29/MA/images/bird_paraphrase_1_seed404.jpg,3e1581aa1a95dbcd,0.9993,1,1,1,1,bird,0.9993
29,ConAbl,MA,M0,bird,bird_paraphrase_2,paraphrase,2,101,/data/bijaypandey/cuig_pilot/seq_pilot/eval_seed29/MA/images/bird_paraphrase_2_seed101.jpg,612f45cd6b4466fb,0.9983,1,1,1,1,bird,0.9983
29,ConAbl,MA,M0,bird,bird_paraphrase_2,paraphrase,2,202,/data/bijaypandey/cuig_pilot/seq_pilot/eval_seed29/MA/images/bird_paraphrase_2_seed202.jpg,14793f4d57b2a790,0.8150,1,1,1,17,bird,0.8150
29,ConAbl,MA,M0,bird,bird_paraphrase_2,paraphrase,2,303,/data/bijaypandey/cuig_pilot/seq_pilot/eval_seed29/MA/images/bird_paraphrase_2_seed303.jpg,a509f04fa6a2a8f4,0.9992,1,1,1,6,bird,0.9992
29,ConAbl,MA,M0,bird,bird_paraphrase_2,paraphrase,2,404,/data/bijaypandey/cuig_pilot/seq_pilot/eval_seed29/MA/images/bird_paraphrase_2_seed404.jpg,63a2e542160ec620,0.9885,1,1,1,10,bird,0.9885
29,ConAbl,MA,M0,bird,bird_paraphrase_3,paraphrase,3,101,/data/bijaypandey/cuig_pilot/seq_pilot/eval_seed29/MA/images/bird_paraphrase_3_seed101.jpg,ed1b33e4696fea38,0.9973,1,1,1,79,bird,0.9973
29,ConAbl,MA,M0,bird,bird_paraphrase_3,paraphrase,3,202,/data/bijaypandey/cuig_pilot/seq_pilot/eval_seed29/MA/images/bird_paraphrase_3_seed202.jpg,7d2ebaffaf58284d,0.9983,1,1,1,12,bird,0.9983
29,ConAbl,MA,M0,bird,bird_paraphrase_3,paraphrase,3,303,/data/bijaypandey/cuig_pilot/seq_pilot/eval_seed29/MA/images/bird_paraphrase_3_seed303.jpg,d76ae84eba360795,0.9985,1,1,1,6,bird,0.9985
29,ConAbl,MA,M0,bird,bird_paraphrase_3,paraphrase,3,404,/data/bijaypandey/cuig_pilot/seq_pilot/eval_seed29/MA/images/bird_paraphrase_3_seed404.jpg,635868f40a81d254,0.9969,1,1,1,10,bird,0.9969
29,ConAbl,MA,M0,bird,bird_paraphrase_4,paraphrase,4,101,/data/bijaypandey/cuig_pilot/seq_pilot/eval_seed29/MA/images/bird_paraphrase_4_seed101.jpg,a179fa3a03e86be1,0.9973,1,1,1,9,bird,0.9973
29,ConAbl,MA,M0,bird,bird_paraphrase_4,paraphrase,4,202,/data/bijaypandey/cuig_pilot/seq_pilot/eval_seed29/MA/images/bird_paraphrase_4_seed202.jpg,9cf840a7d5371a3b,0.9868,1,1,1,8,bird,0.9868
29,ConAbl,MA,M0,bird,bird_paraphrase_4,paraphrase,4,303,/data/bijaypandey/cuig_pilot/seq_pilot/eval_seed29/MA/images/bird_paraphrase_4_seed303.jpg,3af615f258241613,0.7284,1,1,1,8,bird,0.7284
29,ConAbl,MA,M0,bird,bird_paraphrase_4,paraphrase,4,404,/data/bijaypandey/cuig_pilot/seq_pilot/eval_seed29/MA/images/bird_paraphrase_4_seed404.jpg,e52a83d063482ad6,0.9498,1,1,1,6,bird,0.9498
29,ConAbl,MA,M0,chair,chair_literal_0,literal,0,101,/data/bijaypandey/cuig_pilot/seq_pilot/eval_seed29/MA/images/chair_literal_0_seed101.jpg,2e8faf94856f4a1d,0.9947,1,1,1,4,chair,0.9947
29,ConAbl,MA,M0,chair,chair_literal_0,literal,0,202,/data/bijaypandey/cuig_pilot/seq_pilot/eval_seed29/MA/images/chair_literal_0_seed202.jpg,2a71180c1069ea47,0.9971,1,1,1,2,chair,0.9971
29,ConAbl,MA,M0,chair,chair_literal_0,literal,0,303,/data/bijaypandey/cuig_pilot/seq_pilot/eval_seed29/MA/images/chair_literal_0_seed303.jpg,e7baf034ae5ecaaf,0.9992,1,1,1,1,chair,0.9992
29,ConAbl,MA,M0,chair,chair_literal_0,literal,0,404,/data/bijaypandey/cuig_pilot/seq_pilot/eval_seed29/MA/images/chair_literal_0_seed404.jpg,aa9ef7c7437bf690,0.4801,1,0,0,5,bench,0.8868
29,ConAbl,MA,M0,chair,chair_literal_1,literal,1,101,/data/bijaypandey/cuig_pilot/seq_pilot/eval_seed29/MA/images/chair_literal_1_seed101.jpg,24e6f548d2ecbbbe,0.9910,1,1,1,9,chair,0.9910
29,ConAbl,MA,M0,chair,chair_literal_1,literal,1,202,/data/bijaypandey/cuig_pilot/seq_pilot/eval_seed29/MA/images/chair_literal_1_seed202.jpg,ced0199e69d1b2c3,0.9864,1,1,1,5,chair,0.9864
29,ConAbl,MA,M0,chair,chair_literal_1,literal,1,303,/data/bijaypandey/cuig_pilot/seq_pilot/eval_seed29/MA/images/chair_literal_1_seed303.jpg,bcc3246b4e84024f,0.3380,1,0,0,2,chair,0.3380
29,ConAbl,MA,M0,chair,chair_literal_1,literal,1,404,/data/bijaypandey/cuig_pilot/seq_pilot/eval_seed29/MA/images/chair_literal_1_seed404.jpg,6bb16e39a2065a0a,0.9899,1,1,1,8,chair,0.9899
29,ConAbl,MA,M0,chair,chair_literal_2,literal,2,101,/data/bijaypandey/cuig_pilot/seq_pilot/eval_seed29/MA/images/chair_literal_2_seed101.jpg,3b5cff50ba93eac1,0.9972,1,1,1,10,chair,0.9972
29,ConAbl,MA,M0,chair,chair_literal_2,literal,2,202,/data/bijaypandey/cuig_pilot/seq_pilot/eval_seed29/MA/images/chair_literal_2_seed202.jpg,a78735f78eb80a02,0.9518,1,1,1,5,chair,0.9518
29,ConAbl,MA,M0,chair,chair_literal_2,literal,2,303,/data/bijaypandey/cuig_pilot/seq_pilot/eval_seed29/MA/images/chair_literal_2_seed303.jpg,7c998fba66fc6c6c,0.9957,1,1,1,31,chair,0.9957
29,ConAbl,MA,M0,chair,chair_literal_2,literal,2,404,/data/bijaypandey/cuig_pilot/seq_pilot/eval_seed29/MA/images/chair_literal_2_seed404.jpg,79cf177854122487,0.9953,1,1,1,9,chair,0.9953
29,ConAbl,MA,M0,chair,chair_literal_3,literal,3,101,/data/bijaypandey/cuig_pilot/seq_pilot/eval_seed29/MA/images/chair_literal_3_seed101.jpg,eb263907fef88513,0.9813,1,1,1,16,chair,0.9813
29,ConAbl,MA,M0,chair,chair_literal_3,literal,3,202,/data/bijaypandey/cuig_pilot/seq_pilot/eval_seed29/MA/images/chair_literal_3_seed202.jpg,8c6b1a6dcd87514f,0.9860,1,1,1,6,chair,0.9860
29,ConAbl,MA,M0,chair,chair_literal_3,literal,3,303,/data/bijaypandey/cuig_pilot/seq_pilot/eval_seed29/MA/images/chair_literal_3_seed303.jpg,89770b9c87fd2cac,0.9730,1,1,1,5,chair,0.9730
29,ConAbl,MA,M0,chair,chair_literal_3,literal,3,404,/data/bijaypandey/cuig_pilot/seq_pilot/eval_seed29/MA/images/chair_literal_3_seed404.jpg,5aaf3ed65c4ac26d,0.1547,0,0,0,4,couch,0.9637
29,ConAbl,MA,M0,chair,chair_literal_4,literal,4,101,/data/bijaypandey/cuig_pilot/seq_pilot/eval_seed29/MA/images/chair_literal_4_seed101.jpg,6c68de66d7e272fe,0.9859,1,1,1,2,chair,0.9859
29,ConAbl,MA,M0,chair,chair_literal_4,literal,4,202,/data/bijaypandey/cuig_pilot/seq_pilot/eval_seed29/MA/images/chair_literal_4_seed202.jpg,0b7f833b243fb9da,0.9975,1,1,1,5,chair,0.9975
29,ConAbl,MA,M0,chair,chair_literal_4,literal,4,303,/data/bijaypandey/cuig_pilot/seq_pilot/eval_seed29/MA/images/chair_literal_4_seed303.jpg,d888d4d9229ed737,0.9986,1,1,1,1,chair,0.9986
29,ConAbl,MA,M0,chair,chair_literal_4,literal,4,404,/data/bijaypandey/cuig_pilot/seq_pilot/eval_seed29/MA/images/chair_literal_4_seed404.jpg,135c66425d4cfd8e,0.9979,1,1,1,2,chair,0.9979
29,ConAbl,MA,M0,chair,chair_paraphrase_0,paraphrase,0,101,/data/bijaypandey/cuig_pilot/seq_pilot/eval_seed29/MA/images/chair_paraphrase_0_seed101.jpg,530b74104116e7a9,0.9240,1,1,1,12,chair,0.9240
29,ConAbl,MA,M0,chair,chair_paraphrase_0,paraphrase,0,202,/data/bijaypandey/cuig_pilot/seq_pilot/eval_seed29/MA/images/chair_paraphrase_0_seed202.jpg,aca7a0de680673ec,0.9978,1,1,1,3,chair,0.9978
29,ConAbl,MA,M0,chair,chair_paraphrase_0,paraphrase,0,303,/data/bijaypandey/cuig_pilot/seq_pilot/eval_seed29/MA/images/chair_paraphrase_0_seed303.jpg,3c46e3a1af4eab59,0.5406,1,1,0,13,chair,0.5406
29,ConAbl,MA,M0,chair,chair_paraphrase_0,paraphrase,0,404,/data/bijaypandey/cuig_pilot/seq_pilot/eval_seed29/MA/images/chair_paraphrase_0_seed404.jpg,c1ab89330cfb654a,0.9996,1,1,1,5,chair,0.9996
29,ConAbl,MA,M0,chair,chair_paraphrase_1,paraphrase,1,101,/data/bijaypandey/cuig_pilot/seq_pilot/eval_seed29/MA/images/chair_paraphrase_1_seed101.jpg,d8eaa19de8b8dc47,0.9815,1,1,1,13,chair,0.9815
29,ConAbl,MA,M0,chair,chair_paraphrase_1,paraphrase,1,202,/data/bijaypandey/cuig_pilot/seq_pilot/eval_seed29/MA/images/chair_paraphrase_1_seed202.jpg,40163790127ff170,0.8962,1,1,1,12,chair,0.8962
29,ConAbl,MA,M0,chair,chair_paraphrase_1,paraphrase,1,303,/data/bijaypandey/cuig_pilot/seq_pilot/eval_seed29/MA/images/chair_paraphrase_1_seed303.jpg,91696c8b3a257f79,0.8373,1,1,1,12,chair,0.8373
29,ConAbl,MA,M0,chair,chair_paraphrase_1,paraphrase,1,404,/data/bijaypandey/cuig_pilot/seq_pilot/eval_seed29/MA/images/chair_paraphrase_1_seed404.jpg,2ee7e2c2574d97df,0.9252,1,1,1,7,chair,0.9252
29,ConAbl,MA,M0,chair,chair_paraphrase_2,paraphrase,2,101,/data/bijaypandey/cuig_pilot/seq_pilot/eval_seed29/MA/images/chair_paraphrase_2_seed101.jpg,74e70be15a105a0e,0.9857,1,1,1,5,chair,0.9857
29,ConAbl,MA,M0,chair,chair_paraphrase_2,paraphrase,2,202,/data/bijaypandey/cuig_pilot/seq_pilot/eval_seed29/MA/images/chair_paraphrase_2_seed202.jpg,9af5eb72478a4648,0.9961,1,1,1,8,chair,0.9961
29,ConAbl,MA,M0,chair,chair_paraphrase_2,paraphrase,2,303,/data/bijaypandey/cuig_pilot/seq_pilot/eval_seed29/MA/images/chair_paraphrase_2_seed303.jpg,34a8488ba74b603c,0.9562,1,1,1,20,bottle,0.9886
29,ConAbl,MA,M0,chair,chair_paraphrase_2,paraphrase,2,404,/data/bijaypandey/cuig_pilot/seq_pilot/eval_seed29/MA/images/chair_paraphrase_2_seed404.jpg,126c729c87a6911c,0.9899,1,1,1,8,chair,0.9899
29,ConAbl,MA,M0,chair,chair_paraphrase_3,paraphrase,3,101,/data/bijaypandey/cuig_pilot/seq_pilot/eval_seed29/MA/images/chair_paraphrase_3_seed101.jpg,697daa1d6cc678eb,0.0000,0,0,0,9,dining table,0.6390
29,ConAbl,MA,M0,chair,chair_paraphrase_3,paraphrase,3,202,/data/bijaypandey/cuig_pilot/seq_pilot/eval_seed29/MA/images/chair_paraphrase_3_seed202.jpg,54e051c6d1444187,0.2614,0,0,0,4,bench,0.6173
29,ConAbl,MA,M0,chair,chair_paraphrase_3,paraphrase,3,303,/data/bijaypandey/cuig_pilot/seq_pilot/eval_seed29/MA/images/chair_paraphrase_3_seed303.jpg,845087817cee3f43,0.9865,1,1,1,28,chair,0.9865
29,ConAbl,MA,M0,chair,chair_paraphrase_3,paraphrase,3,404,/data/bijaypandey/cuig_pilot/seq_pilot/eval_seed29/MA/images/chair_paraphrase_3_seed404.jpg,26935acdbdf4118a,0.0000,0,0,0,5,bench,0.3694
29,ConAbl,MA,M0,chair,chair_paraphrase_4,paraphrase,4,101,/data/bijaypandey/cuig_pilot/seq_pilot/eval_seed29/MA/images/chair_paraphrase_4_seed101.jpg,de1861afb8f8943e,0.9974,1,1,1,5,chair,0.9974
29,ConAbl,MA,M0,chair,chair_paraphrase_4,paraphrase,4,202,/data/bijaypandey/cuig_pilot/seq_pilot/eval_seed29/MA/images/chair_paraphrase_4_seed202.jpg,e9e3c0bab77df6cb,0.9893,1,1,1,9,chair,0.9893
29,ConAbl,MA,M0,chair,chair_paraphrase_4,paraphrase,4,303,/data/bijaypandey/cuig_pilot/seq_pilot/eval_seed29/MA/images/chair_paraphrase_4_seed303.jpg,23fbe75b00efa3ef,0.9980,1,1,1,9,chair,0.9980
29,ConAbl,MA,M0,chair,chair_paraphrase_4,paraphrase,4,404,/data/bijaypandey/cuig_pilot/seq_pilot/eval_seed29/MA/images/chair_paraphrase_4_seed404.jpg,e5a9a63004c2e9bc,0.6949,1,1,0,6,chair,0.6949
29,ConAbl,MA,M0,bicycle,bicycle_literal_0,literal,0,101,/data/bijaypandey/cuig_pilot/seq_pilot/eval_seed29/MA/images/bicycle_literal_0_seed101.jpg,76fe1f023a79416d,0.9870,1,1,1,8,bicycle,0.9870
29,ConAbl,MA,M0,bicycle,bicycle_literal_0,literal,0,202,/data/bijaypandey/cuig_pilot/seq_pilot/eval_seed29/MA/images/bicycle_literal_0_seed202.jpg,78b53cfd9b66d679,0.9958,1,1,1,5,bicycle,0.9958
29,ConAbl,MA,M0,bicycle,bicycle_literal_0,literal,0,303,/data/bijaypandey/cuig_pilot/seq_pilot/eval_seed29/MA/images/bicycle_literal_0_seed303.jpg,a317f085c3ebc947,0.9955,1,1,1,1,bicycle,0.9955
29,ConAbl,MA,M0,bicycle,bicycle_literal_0,literal,0,404,/data/bijaypandey/cuig_pilot/seq_pilot/eval_seed29/MA/images/bicycle_literal_0_seed404.jpg,a5fd1ef08a57d050,0.9946,1,1,1,2,bicycle,0.9946
29,ConAbl,MA,M0,bicycle,bicycle_literal_1,literal,1,101,/data/bijaypandey/cuig_pilot/seq_pilot/eval_seed29/MA/images/bicycle_literal_1_seed101.jpg,0609daf040810c8e,0.9985,1,1,1,20,bicycle,0.9985
29,ConAbl,MA,M0,bicycle,bicycle_literal_1,literal,1,202,/data/bijaypandey/cuig_pilot/seq_pilot/eval_seed29/MA/images/bicycle_literal_1_seed202.jpg,d7f1fe4744d918c4,0.9991,1,1,1,5,bicycle,0.9991
29,ConAbl,MA,M0,bicycle,bicycle_literal_1,literal,1,303,/data/bijaypandey/cuig_pilot/seq_pilot/eval_seed29/MA/images/bicycle_literal_1_seed303.jpg,49bae7314df70e38,0.9979,1,1,1,10,bicycle,0.9979
29,ConAbl,MA,M0,bicycle,bicycle_literal_1,literal,1,404,/data/bijaypandey/cuig_pilot/seq_pilot/eval_seed29/MA/images/bicycle_literal_1_seed404.jpg,2add9b29ef4d371b,0.9987,1,1,1,3,bicycle,0.9987
29,ConAbl,MA,M0,bicycle,bicycle_literal_2,literal,2,101,/data/bijaypandey/cuig_pilot/seq_pilot/eval_seed29/MA/images/bicycle_literal_2_seed101.jpg,9a2d974933de81b0,0.9948,1,1,1,1,bicycle,0.9948
29,ConAbl,MA,M0,bicycle,bicycle_literal_2,literal,2,202,/data/bijaypandey/cuig_pilot/seq_pilot/eval_seed29/MA/images/bicycle_literal_2_seed202.jpg,83d8fd0ed7f9536b,0.9973,1,1,1,3,bicycle,0.9973
29,ConAbl,MA,M0,bicycle,bicycle_literal_2,literal,2,303,/data/bijaypandey/cuig_pilot/seq_pilot/eval_seed29/MA/images/bicycle_literal_2_seed303.jpg,1a51f95bb9b780b0,0.9993,1,1,1,1,bicycle,0.9993
29,ConAbl,MA,M0,bicycle,bicycle_literal_2,literal,2,404,/data/bijaypandey/cuig_pilot/seq_pilot/eval_seed29/MA/images/bicycle_literal_2_seed404.jpg,378262d0b10abd8c,0.9196,1,1,1,3,bicycle,0.9196
29,ConAbl,MA,M0,bicycle,bicycle_literal_3,literal,3,101,/data/bijaypandey/cuig_pilot/seq_pilot/eval_seed29/MA/images/bicycle_literal_3_seed101.jpg,e1924091d8fc20e6,0.9023,1,1,1,26,bicycle,0.9023
29,ConAbl,MA,M0,bicycle,bicycle_literal_3,literal,3,202,/data/bijaypandey/cuig_pilot/seq_pilot/eval_seed29/MA/images/bicycle_literal_3_seed202.jpg,8cddc8e81feb4c47,0.9797,1,1,1,6,bicycle,0.9797
29,ConAbl,MA,M0,bicycle,bicycle_literal_3,literal,3,303,/data/bijaypandey/cuig_pilot/seq_pilot/eval_seed29/MA/images/bicycle_literal_3_seed303.jpg,b53cc4cc58a93309,0.9846,1,1,1,19,bicycle,0.9846
29,ConAbl,MA,M0,bicycle,bicycle_literal_3,literal,3,404,/data/bijaypandey/cuig_pilot/seq_pilot/eval_seed29/MA/images/bicycle_literal_3_seed404.jpg,badb97b801762e65,0.4574,1,0,0,4,bicycle,0.4574
29,ConAbl,MA,M0,bicycle,bicycle_literal_4,literal,4,101,/data/bijaypandey/cuig_pilot/seq_pilot/eval_seed29/MA/images/bicycle_literal_4_seed101.jpg,dbea7bba9015de1e,0.9985,1,1,1,3,bicycle,0.9985
29,ConAbl,MA,M0,bicycle,bicycle_literal_4,literal,4,202,/data/bijaypandey/cuig_pilot/seq_pilot/eval_seed29/MA/images/bicycle_literal_4_seed202.jpg,9b5f142aa96bdafe,0.9982,1,1,1,4,bicycle,0.9982
29,ConAbl,MA,M0,bicycle,bicycle_literal_4,literal,4,303,/data/bijaypandey/cuig_pilot/seq_pilot/eval_seed29/MA/images/bicycle_literal_4_seed303.jpg,769f6f4fd7c2cfa9,0.9942,1,1,1,8,bicycle,0.9942
29,ConAbl,MA,M0,bicycle,bicycle_literal_4,literal,4,404,/data/bijaypandey/cuig_pilot/seq_pilot/eval_seed29/MA/images/bicycle_literal_4_seed404.jpg,1c37f4499323c4ea,0.9988,1,1,1,12,bicycle,0.9988
29,ConAbl,MA,M0,bicycle,bicycle_paraphrase_0,paraphrase,0,101,/data/bijaypandey/cuig_pilot/seq_pilot/eval_seed29/MA/images/bicycle_paraphrase_0_seed101.jpg,aaa36570bf60f1de,0.9769,1,1,1,6,person,0.9984
29,ConAbl,MA,M0,bicycle,bicycle_paraphrase_0,paraphrase,0,202,/data/bijaypandey/cuig_pilot/seq_pilot/eval_seed29/MA/images/bicycle_paraphrase_0_seed202.jpg,34bfa4097d04f14a,0.9956,1,1,1,7,bicycle,0.9956
29,ConAbl,MA,M0,bicycle,bicycle_paraphrase_0,paraphrase,0,303,/data/bijaypandey/cuig_pilot/seq_pilot/eval_seed29/MA/images/bicycle_paraphrase_0_seed303.jpg,42617b5ee32e6271,0.9817,1,1,1,8,bicycle,0.9817
29,ConAbl,MA,M0,bicycle,bicycle_paraphrase_0,paraphrase,0,404,/data/bijaypandey/cuig_pilot/seq_pilot/eval_seed29/MA/images/bicycle_paraphrase_0_seed404.jpg,0ccae3a0452e607c,0.9742,1,1,1,10,person,0.9987
29,ConAbl,MA,M0,bicycle,bicycle_paraphrase_1,paraphrase,1,101,/data/bijaypandey/cuig_pilot/seq_pilot/eval_seed29/MA/images/bicycle_paraphrase_1_seed101.jpg,d1b071e49bed45f7,0.9986,1,1,1,20,bicycle,0.9986
29,ConAbl,MA,M0,bicycle,bicycle_paraphrase_1,paraphrase,1,202,/data/bijaypandey/cuig_pilot/seq_pilot/eval_seed29/MA/images/bicycle_paraphrase_1_seed202.jpg,932930fbfc9f7ff0,0.9975,1,1,1,13,bicycle,0.9975
29,ConAbl,MA,M0,bicycle,bicycle_paraphrase_1,paraphrase,1,303,/data/bijaypandey/cuig_pilot/seq_pilot/eval_seed29/MA/images/bicycle_paraphrase_1_seed303.jpg,26ca843bbb43c2f1,0.9986,1,1,1,5,bicycle,0.9986
29,ConAbl,MA,M0,bicycle,bicycle_paraphrase_1,paraphrase,1,404,/data/bijaypandey/cuig_pilot/seq_pilot/eval_seed29/MA/images/bicycle_paraphrase_1_seed404.jpg,c204cfdc89a9348d,0.9980,1,1,1,8,bicycle,0.9980
29,ConAbl,MA,M0,bicycle,bicycle_paraphrase_2,paraphrase,2,101,/data/bijaypandey/cuig_pilot/seq_pilot/eval_seed29/MA/images/bicycle_paraphrase_2_seed101.jpg,b54b8beb48dab0f1,0.9890,1,1,1,19,bicycle,0.9890
29,ConAbl,MA,M0,bicycle,bicycle_paraphrase_2,paraphrase,2,202,/data/bijaypandey/cuig_pilot/seq_pilot/eval_seed29/MA/images/bicycle_paraphrase_2_seed202.jpg,59ec6ed77ed86378,0.9943,1,1,1,3,person,0.9999
29,ConAbl,MA,M0,bicycle,bicycle_paraphrase_2,paraphrase,2,303,/data/bijaypandey/cuig_pilot/seq_pilot/eval_seed29/MA/images/bicycle_paraphrase_2_seed303.jpg,0742200b7516d734,0.9691,1,1,1,7,bicycle,0.9691
29,ConAbl,MA,M0,bicycle,bicycle_paraphrase_2,paraphrase,2,404,/data/bijaypandey/cuig_pilot/seq_pilot/eval_seed29/MA/images/bicycle_paraphrase_2_seed404.jpg,1769c33d07c2c973,0.9857,1,1,1,10,person,0.9990
29,ConAbl,MA,M0,bicycle,bicycle_paraphrase_3,paraphrase,3,101,/data/bijaypandey/cuig_pilot/seq_pilot/eval_seed29/MA/images/bicycle_paraphrase_3_seed101.jpg,6bfc3b52a8743045,0.9951,1,1,1,5,bicycle,0.9951
29,ConAbl,MA,M0,bicycle,bicycle_paraphrase_3,paraphrase,3,202,/data/bijaypandey/cuig_pilot/seq_pilot/eval_seed29/MA/images/bicycle_paraphrase_3_seed202.jpg,bb3f33696a445af2,0.9961,1,1,1,11,bicycle,0.9961
29,ConAbl,MA,M0,bicycle,bicycle_paraphrase_3,paraphrase,3,303,/data/bijaypandey/cuig_pilot/seq_pilot/eval_seed29/MA/images/bicycle_paraphrase_3_seed303.jpg,37e21675c353ee5d,0.9966,1,1,1,4,bicycle,0.9966
29,ConAbl,MA,M0,bicycle,bicycle_paraphrase_3,paraphrase,3,404,/data/bijaypandey/cuig_pilot/seq_pilot/eval_seed29/MA/images/bicycle_paraphrase_3_seed404.jpg,6a07e4f4dd9328e6,0.9972,1,1,1,5,bicycle,0.9972
29,ConAbl,MA,M0,bicycle,bicycle_paraphrase_4,paraphrase,4,101,/data/bijaypandey/cuig_pilot/seq_pilot/eval_seed29/MA/images/bicycle_paraphrase_4_seed101.jpg,2812bf4686c436e6,0.8984,1,1,1,6,bicycle,0.8984
29,ConAbl,MA,M0,bicycle,bicycle_paraphrase_4,paraphrase,4,202,/data/bijaypandey/cuig_pilot/seq_pilot/eval_seed29/MA/images/bicycle_paraphrase_4_seed202.jpg,6195ddc48fe028e4,0.0000,0,0,0,20,umbrella,0.2999
29,ConAbl,MA,M0,bicycle,bicycle_paraphrase_4,paraphrase,4,303,/data/bijaypandey/cuig_pilot/seq_pilot/eval_seed29/MA/images/bicycle_paraphrase_4_seed303.jpg,d8292b4b6d561181,0.1927,0,0,0,5,umbrella,0.4389
29,ConAbl,MA,M0,bicycle,bicycle_paraphrase_4,paraphrase,4,404,/data/bijaypandey/cuig_pilot/seq_pilot/eval_seed29/MA/images/bicycle_paraphrase_4_seed404.jpg,6d8b5014196632cd,0.9957,1,1,1,1,bicycle,0.9957
29,ConAbl,MAB,MA,cat,cat_literal_0,literal,0,101,/data/bijaypandey/cuig_pilot/seq_pilot/eval_seed29/MAB/images/cat_literal_0_seed101.jpg,0d7e1260522cc7c2,0.0000,0,0,0,4,horse,0.9975
29,ConAbl,MAB,MA,cat,cat_literal_0,literal,0,202,/data/bijaypandey/cuig_pilot/seq_pilot/eval_seed29/MAB/images/cat_literal_0_seed202.jpg,60f44f9e288801c9,0.0000,0,0,0,3,horse,0.9970
29,ConAbl,MAB,MA,cat,cat_literal_0,literal,0,303,/data/bijaypandey/cuig_pilot/seq_pilot/eval_seed29/MAB/images/cat_literal_0_seed303.jpg,c9490d49431582b6,0.0000,0,0,0,2,horse,0.9955
29,ConAbl,MAB,MA,cat,cat_literal_0,literal,0,404,/data/bijaypandey/cuig_pilot/seq_pilot/eval_seed29/MAB/images/cat_literal_0_seed404.jpg,9c22e3b04d3f81b2,0.0000,0,0,0,9,horse,0.7462
29,ConAbl,MAB,MA,cat,cat_literal_1,literal,1,101,/data/bijaypandey/cuig_pilot/seq_pilot/eval_seed29/MAB/images/cat_literal_1_seed101.jpg,1b70cfbc8a024688,0.0000,0,0,0,4,horse,0.9955
29,ConAbl,MAB,MA,cat,cat_literal_1,literal,1,202,/data/bijaypandey/cuig_pilot/seq_pilot/eval_seed29/MAB/images/cat_literal_1_seed202.jpg,1ec1b791e0d6261c,0.0000,0,0,0,1,horse,0.9981
29,ConAbl,MAB,MA,cat,cat_literal_1,literal,1,303,/data/bijaypandey/cuig_pilot/seq_pilot/eval_seed29/MAB/images/cat_literal_1_seed303.jpg,aec8e74762ffc626,0.0000,0,0,0,3,horse,0.9987
29,ConAbl,MAB,MA,cat,cat_literal_1,literal,1,404,/data/bijaypandey/cuig_pilot/seq_pilot/eval_seed29/MAB/images/cat_literal_1_seed404.jpg,0aab4f054846784c,0.0000,0,0,0,9,horse,0.9879
29,ConAbl,MAB,MA,cat,cat_literal_2,literal,2,101,/data/bijaypandey/cuig_pilot/seq_pilot/eval_seed29/MAB/images/cat_literal_2_seed101.jpg,1b5976f73f754b57,0.0559,0,0,0,9,horse,0.9253
29,ConAbl,MAB,MA,cat,cat_literal_2,literal,2,202,/data/bijaypandey/cuig_pilot/seq_pilot/eval_seed29/MAB/images/cat_literal_2_seed202.jpg,289a67b4c5560ee9,0.0000,0,0,0,5,dog,0.7679
29,ConAbl,MAB,MA,cat,cat_literal_2,literal,2,303,/data/bijaypandey/cuig_pilot/seq_pilot/eval_seed29/MAB/images/cat_literal_2_seed303.jpg,407e0fb22171b2fa,0.0000,0,0,0,3,horse,0.9817
29,ConAbl,MAB,MA,cat,cat_literal_2,literal,2,404,/data/bijaypandey/cuig_pilot/seq_pilot/eval_seed29/MAB/images/cat_literal_2_seed404.jpg,83d649bfc86a136b,0.0000,0,0,0,6,horse,0.8714
29,ConAbl,MAB,MA,cat,cat_literal_3,literal,3,101,/data/bijaypandey/cuig_pilot/seq_pilot/eval_seed29/MAB/images/cat_literal_3_seed101.jpg,39c2aab206ad32cb,0.0000,0,0,0,14,horse,0.6552
29,ConAbl,MAB,MA,cat,cat_literal_3,literal,3,202,/data/bijaypandey/cuig_pilot/seq_pilot/eval_seed29/MAB/images/cat_literal_3_seed202.jpg,ed83809ccf1d28ad,0.0000,0,0,0,4,person,0.7474
29,ConAbl,MAB,MA,cat,cat_literal_3,literal,3,303,/data/bijaypandey/cuig_pilot/seq_pilot/eval_seed29/MAB/images/cat_literal_3_seed303.jpg,a0b1785ff82b1ea5,0.0000,0,0,0,13,horse,0.7341
29,ConAbl,MAB,MA,cat,cat_literal_3,literal,3,404,/data/bijaypandey/cuig_pilot/seq_pilot/eval_seed29/MAB/images/cat_literal_3_seed404.jpg,fff7636a6fd576dd,0.1233,0,0,0,12,horse,0.8845
29,ConAbl,MAB,MA,cat,cat_literal_4,literal,4,101,/data/bijaypandey/cuig_pilot/seq_pilot/eval_seed29/MAB/images/cat_literal_4_seed101.jpg,2c38b3d7e8c12856,0.0000,0,0,0,3,horse,0.9998
29,ConAbl,MAB,MA,cat,cat_literal_4,literal,4,202,/data/bijaypandey/cuig_pilot/seq_pilot/eval_seed29/MAB/images/cat_literal_4_seed202.jpg,ee39f96f220345ff,0.0000,0,0,0,3,horse,0.9997
29,ConAbl,MAB,MA,cat,cat_literal_4,literal,4,303,/data/bijaypandey/cuig_pilot/seq_pilot/eval_seed29/MAB/images/cat_literal_4_seed303.jpg,66f385b09411c5a6,0.0000,0,0,0,5,horse,0.9898
29,ConAbl,MAB,MA,cat,cat_literal_4,literal,4,404,/data/bijaypandey/cuig_pilot/seq_pilot/eval_seed29/MAB/images/cat_literal_4_seed404.jpg,db1b17c1cce877b6,0.0000,0,0,0,9,horse,0.9988
29,ConAbl,MAB,MA,cat,cat_paraphrase_0,paraphrase,0,101,/data/bijaypandey/cuig_pilot/seq_pilot/eval_seed29/MAB/images/cat_paraphrase_0_seed101.jpg,d7a0491f1a24d377,0.0000,0,0,0,2,horse,0.9979
29,ConAbl,MAB,MA,cat,cat_paraphrase_0,paraphrase,0,202,/data/bijaypandey/cuig_pilot/seq_pilot/eval_seed29/MAB/images/cat_paraphrase_0_seed202.jpg,c97621ce3b8356bd,0.0000,0,0,0,3,horse,0.9526
29,ConAbl,MAB,MA,cat,cat_paraphrase_0,paraphrase,0,303,/data/bijaypandey/cuig_pilot/seq_pilot/eval_seed29/MAB/images/cat_paraphrase_0_seed303.jpg,530a31f1f7da4689,0.0000,0,0,0,3,horse,0.9417
29,ConAbl,MAB,MA,cat,cat_paraphrase_0,paraphrase,0,404,/data/bijaypandey/cuig_pilot/seq_pilot/eval_seed29/MAB/images/cat_paraphrase_0_seed404.jpg,a3481bb1d36f029b,0.0000,0,0,0,8,horse,0.9883
29,ConAbl,MAB,MA,cat,cat_paraphrase_1,paraphrase,1,101,/data/bijaypandey/cuig_pilot/seq_pilot/eval_seed29/MAB/images/cat_paraphrase_1_seed101.jpg,9d13360b23513f2a,0.0000,0,0,0,4,horse,0.9996
29,ConAbl,MAB,MA,cat,cat_paraphrase_1,paraphrase,1,202,/data/bijaypandey/cuig_pilot/seq_pilot/eval_seed29/MAB/images/cat_paraphrase_1_seed202.jpg,d1a65bd0731c6a5e,0.0000,0,0,0,24,horse,0.9960
29,ConAbl,MAB,MA,cat,cat_paraphrase_1,paraphrase,1,303,/data/bijaypandey/cuig_pilot/seq_pilot/eval_seed29/MAB/images/cat_paraphrase_1_seed303.jpg,146110c8657cef29,0.2719,0,0,0,11,horse,0.9946
29,ConAbl,MAB,MA,cat,cat_paraphrase_1,paraphrase,1,404,/data/bijaypandey/cuig_pilot/seq_pilot/eval_seed29/MAB/images/cat_paraphrase_1_seed404.jpg,f4297794c6077546,0.0000,0,0,0,3,horse,0.9936
29,ConAbl,MAB,MA,cat,cat_paraphrase_2,paraphrase,2,101,/data/bijaypandey/cuig_pilot/seq_pilot/eval_seed29/MAB/images/cat_paraphrase_2_seed101.jpg,1f3fdff680ec3bcc,0.0000,0,0,0,9,horse,0.9760
29,ConAbl,MAB,MA,cat,cat_paraphrase_2,paraphrase,2,202,/data/bijaypandey/cuig_pilot/seq_pilot/eval_seed29/MAB/images/cat_paraphrase_2_seed202.jpg,323518fd50b94fd0,0.0000,0,0,0,5,horse,0.9960
29,ConAbl,MAB,MA,cat,cat_paraphrase_2,paraphrase,2,303,/data/bijaypandey/cuig_pilot/seq_pilot/eval_seed29/MAB/images/cat_paraphrase_2_seed303.jpg,5d2162c2a6e70570,0.0000,0,0,0,5,horse,0.9845
29,ConAbl,MAB,MA,cat,cat_paraphrase_2,paraphrase,2,404,/data/bijaypandey/cuig_pilot/seq_pilot/eval_seed29/MAB/images/cat_paraphrase_2_seed404.jpg,adda05efdea08e6e,0.0000,0,0,0,16,horse,0.9828
29,ConAbl,MAB,MA,cat,cat_paraphrase_3,paraphrase,3,101,/data/bijaypandey/cuig_pilot/seq_pilot/eval_seed29/MAB/images/cat_paraphrase_3_seed101.jpg,61e91ee341361535,0.0000,0,0,0,6,horse,0.9910
29,ConAbl,MAB,MA,cat,cat_paraphrase_3,paraphrase,3,202,/data/bijaypandey/cuig_pilot/seq_pilot/eval_seed29/MAB/images/cat_paraphrase_3_seed202.jpg,424d8e5cc5c11718,0.0000,0,0,0,8,horse,0.8870
29,ConAbl,MAB,MA,cat,cat_paraphrase_3,paraphrase,3,303,/data/bijaypandey/cuig_pilot/seq_pilot/eval_seed29/MAB/images/cat_paraphrase_3_seed303.jpg,c5c49c855aa365e1,0.0000,0,0,0,4,horse,0.9937
29,ConAbl,MAB,MA,cat,cat_paraphrase_3,paraphrase,3,404,/data/bijaypandey/cuig_pilot/seq_pilot/eval_seed29/MAB/images/cat_paraphrase_3_seed404.jpg,b6d09b9b717005a4,0.0000,0,0,0,2,horse,0.9997
29,ConAbl,MAB,MA,cat,cat_paraphrase_4,paraphrase,4,101,/data/bijaypandey/cuig_pilot/seq_pilot/eval_seed29/MAB/images/cat_paraphrase_4_seed101.jpg,64c737d464cb6d9b,0.0000,0,0,0,9,horse,0.9961
29,ConAbl,MAB,MA,cat,cat_paraphrase_4,paraphrase,4,202,/data/bijaypandey/cuig_pilot/seq_pilot/eval_seed29/MAB/images/cat_paraphrase_4_seed202.jpg,93c147d61c9dd635,0.0000,0,0,0,7,horse,0.9986
29,ConAbl,MAB,MA,cat,cat_paraphrase_4,paraphrase,4,303,/data/bijaypandey/cuig_pilot/seq_pilot/eval_seed29/MAB/images/cat_paraphrase_4_seed303.jpg,5dedb9eed8804c45,0.0000,0,0,0,3,horse,0.9982
29,ConAbl,MAB,MA,cat,cat_paraphrase_4,paraphrase,4,404,/data/bijaypandey/cuig_pilot/seq_pilot/eval_seed29/MAB/images/cat_paraphrase_4_seed404.jpg,06a4186662f0e28e,0.0000,0,0,0,3,horse,0.9993
29,ConAbl,MAB,MA,dog,dog_literal_0,literal,0,101,/data/bijaypandey/cuig_pilot/seq_pilot/eval_seed29/MAB/images/dog_literal_0_seed101.jpg,03d8e454037e9fe2,0.0000,0,0,0,1,horse,0.9992
29,ConAbl,MAB,MA,dog,dog_literal_0,literal,0,202,/data/bijaypandey/cuig_pilot/seq_pilot/eval_seed29/MAB/images/dog_literal_0_seed202.jpg,415a896f9302b7ac,0.0000,0,0,0,3,horse,0.9929
29,ConAbl,MAB,MA,dog,dog_literal_0,literal,0,303,/data/bijaypandey/cuig_pilot/seq_pilot/eval_seed29/MAB/images/dog_literal_0_seed303.jpg,cbc72660225e2cac,0.0000,0,0,0,1,horse,0.9990
29,ConAbl,MAB,MA,dog,dog_literal_0,literal,0,404,/data/bijaypandey/cuig_pilot/seq_pilot/eval_seed29/MAB/images/dog_literal_0_seed404.jpg,d0fb4d11353c67ae,0.0000,0,0,0,2,horse,0.9993
29,ConAbl,MAB,MA,dog,dog_literal_1,literal,1,101,/data/bijaypandey/cuig_pilot/seq_pilot/eval_seed29/MAB/images/dog_literal_1_seed101.jpg,ac78731e7e313141,0.0000,0,0,0,2,horse,0.9993
29,ConAbl,MAB,MA,dog,dog_literal_1,literal,1,202,/data/bijaypandey/cuig_pilot/seq_pilot/eval_seed29/MAB/images/dog_literal_1_seed202.jpg,7021434abb955fd2,0.5164,1,1,0,3,horse,0.9791
29,ConAbl,MAB,MA,dog,dog_literal_1,literal,1,303,/data/bijaypandey/cuig_pilot/seq_pilot/eval_seed29/MAB/images/dog_literal_1_seed303.jpg,d14c44673a1bfe85,0.3142,1,0,0,2,horse,0.9764
29,ConAbl,MAB,MA,dog,dog_literal_1,literal,1,404,/data/bijaypandey/cuig_pilot/seq_pilot/eval_seed29/MAB/images/dog_literal_1_seed404.jpg,1a1bbfd16b419893,0.0556,0,0,0,6,horse,0.9996
29,ConAbl,MAB,MA,dog,dog_literal_2,literal,2,101,/data/bijaypandey/cuig_pilot/seq_pilot/eval_seed29/MAB/images/dog_literal_2_seed101.jpg,4c9bc3464d5b3f8c,0.0000,0,0,0,3,horse,0.9599
29,ConAbl,MAB,MA,dog,dog_literal_2,literal,2,202,/data/bijaypandey/cuig_pilot/seq_pilot/eval_seed29/MAB/images/dog_literal_2_seed202.jpg,f24b5fe4430b2d15,0.6337,1,1,0,5,dog,0.6337
29,ConAbl,MAB,MA,dog,dog_literal_2,literal,2,303,/data/bijaypandey/cuig_pilot/seq_pilot/eval_seed29/MAB/images/dog_literal_2_seed303.jpg,b9e6dd227f8c51bd,0.4953,1,0,0,4,person,0.6409
29,ConAbl,MAB,MA,dog,dog_literal_2,literal,2,404,/data/bijaypandey/cuig_pilot/seq_pilot/eval_seed29/MAB/images/dog_literal_2_seed404.jpg,b8e4f7ec82d1627e,0.6500,1,1,0,7,horse,0.9033
29,ConAbl,MAB,MA,dog,dog_literal_3,literal,3,101,/data/bijaypandey/cuig_pilot/seq_pilot/eval_seed29/MAB/images/dog_literal_3_seed101.jpg,d00eac2f54130386,0.0000,0,0,0,2,horse,0.9986
29,ConAbl,MAB,MA,dog,dog_literal_3,literal,3,202,/data/bijaypandey/cuig_pilot/seq_pilot/eval_seed29/MAB/images/dog_literal_3_seed202.jpg,5c56dc04a20e0da5,0.1112,0,0,0,8,person,0.8144
29,ConAbl,MAB,MA,dog,dog_literal_3,literal,3,303,/data/bijaypandey/cuig_pilot/seq_pilot/eval_seed29/MAB/images/dog_literal_3_seed303.jpg,fc5ea1c0ee27f427,0.5836,1,1,0,3,horse,0.9764
29,ConAbl,MAB,MA,dog,dog_literal_3,literal,3,404,/data/bijaypandey/cuig_pilot/seq_pilot/eval_seed29/MAB/images/dog_literal_3_seed404.jpg,095939625eb7a2be,0.0000,0,0,0,12,horse,0.9923
29,ConAbl,MAB,MA,dog,dog_literal_4,literal,4,101,/data/bijaypandey/cuig_pilot/seq_pilot/eval_seed29/MAB/images/dog_literal_4_seed101.jpg,4ace2a955dfd0842,0.0000,0,0,0,3,horse,0.9993
29,ConAbl,MAB,MA,dog,dog_literal_4,literal,4,202,/data/bijaypandey/cuig_pilot/seq_pilot/eval_seed29/MAB/images/dog_literal_4_seed202.jpg,9f9e25f323fc6d75,0.0000,0,0,0,6,horse,0.9986
29,ConAbl,MAB,MA,dog,dog_literal_4,literal,4,303,/data/bijaypandey/cuig_pilot/seq_pilot/eval_seed29/MAB/images/dog_literal_4_seed303.jpg,7dca5eaad398c6d1,0.0534,0,0,0,7,horse,0.9302
29,ConAbl,MAB,MA,dog,dog_literal_4,literal,4,404,/data/bijaypandey/cuig_pilot/seq_pilot/eval_seed29/MAB/images/dog_literal_4_seed404.jpg,8f97f51365a109b4,0.0000,0,0,0,2,horse,0.9992
29,ConAbl,MAB,MA,dog,dog_paraphrase_0,paraphrase,0,101,/data/bijaypandey/cuig_pilot/seq_pilot/eval_seed29/MAB/images/dog_paraphrase_0_seed101.jpg,3e0065d88d2535cc,0.2291,0,0,0,14,horse,0.9072
29,ConAbl,MAB,MA,dog,dog_paraphrase_0,paraphrase,0,202,/data/bijaypandey/cuig_pilot/seq_pilot/eval_seed29/MAB/images/dog_paraphrase_0_seed202.jpg,97a1965e7e7c326f,0.0000,0,0,0,5,horse,0.9880
29,ConAbl,MAB,MA,dog,dog_paraphrase_0,paraphrase,0,303,/data/bijaypandey/cuig_pilot/seq_pilot/eval_seed29/MAB/images/dog_paraphrase_0_seed303.jpg,13b96b8a2eea02dd,0.0000,0,0,0,27,horse,0.9989
29,ConAbl,MAB,MA,dog,dog_paraphrase_0,paraphrase,0,404,/data/bijaypandey/cuig_pilot/seq_pilot/eval_seed29/MAB/images/dog_paraphrase_0_seed404.jpg,d7ee68743ed7e678,0.0000,0,0,0,4,horse,0.9965
29,ConAbl,MAB,MA,dog,dog_paraphrase_1,paraphrase,1,101,/data/bijaypandey/cuig_pilot/seq_pilot/eval_seed29/MAB/images/dog_paraphrase_1_seed101.jpg,697bed21ddb720ad,0.0000,0,0,0,4,horse,0.9990
29,ConAbl,MAB,MA,dog,dog_paraphrase_1,paraphrase,1,202,/data/bijaypandey/cuig_pilot/seq_pilot/eval_seed29/MAB/images/dog_paraphrase_1_seed202.jpg,b979174a21284c20,0.0000,0,0,0,5,horse,0.9993
29,ConAbl,MAB,MA,dog,dog_paraphrase_1,paraphrase,1,303,/data/bijaypandey/cuig_pilot/seq_pilot/eval_seed29/MAB/images/dog_paraphrase_1_seed303.jpg,5dbc860de0ad5831,0.1987,0,0,0,8,horse,0.9183
29,ConAbl,MAB,MA,dog,dog_paraphrase_1,paraphrase,1,404,/data/bijaypandey/cuig_pilot/seq_pilot/eval_seed29/MAB/images/dog_paraphrase_1_seed404.jpg,341fb3d457444749,0.0000,0,0,0,3,horse,0.9997
29,ConAbl,MAB,MA,dog,dog_paraphrase_2,paraphrase,2,101,/data/bijaypandey/cuig_pilot/seq_pilot/eval_seed29/MAB/images/dog_paraphrase_2_seed101.jpg,c93decc2af1e864f,0.0000,0,0,0,7,horse,0.9989
29,ConAbl,MAB,MA,dog,dog_paraphrase_2,paraphrase,2,202,/data/bijaypandey/cuig_pilot/seq_pilot/eval_seed29/MAB/images/dog_paraphrase_2_seed202.jpg,6d4aae8b41384b88,0.0000,0,0,0,3,horse,0.9997
29,ConAbl,MAB,MA,dog,dog_paraphrase_2,paraphrase,2,303,/data/bijaypandey/cuig_pilot/seq_pilot/eval_seed29/MAB/images/dog_paraphrase_2_seed303.jpg,576610bb18c1744f,0.0000,0,0,0,4,horse,0.9993
29,ConAbl,MAB,MA,dog,dog_paraphrase_2,paraphrase,2,404,/data/bijaypandey/cuig_pilot/seq_pilot/eval_seed29/MAB/images/dog_paraphrase_2_seed404.jpg,7422e4d66db51900,0.0000,0,0,0,4,horse,0.9992
29,ConAbl,MAB,MA,dog,dog_paraphrase_3,paraphrase,3,101,/data/bijaypandey/cuig_pilot/seq_pilot/eval_seed29/MAB/images/dog_paraphrase_3_seed101.jpg,2a9c08f545a1536a,0.0000,0,0,0,4,horse,0.9703
29,ConAbl,MAB,MA,dog,dog_paraphrase_3,paraphrase,3,202,/data/bijaypandey/cuig_pilot/seq_pilot/eval_seed29/MAB/images/dog_paraphrase_3_seed202.jpg,8973d2b64744bdfa,0.0000,0,0,0,4,horse,0.9376
29,ConAbl,MAB,MA,dog,dog_paraphrase_3,paraphrase,3,303,/data/bijaypandey/cuig_pilot/seq_pilot/eval_seed29/MAB/images/dog_paraphrase_3_seed303.jpg,d086b293dd57e20d,0.0587,0,0,0,4,horse,0.9954
29,ConAbl,MAB,MA,dog,dog_paraphrase_3,paraphrase,3,404,/data/bijaypandey/cuig_pilot/seq_pilot/eval_seed29/MAB/images/dog_paraphrase_3_seed404.jpg,87d6791fa2ade6f1,0.0000,0,0,0,3,giraffe,0.8593
29,ConAbl,MAB,MA,dog,dog_paraphrase_4,paraphrase,4,101,/data/bijaypandey/cuig_pilot/seq_pilot/eval_seed29/MAB/images/dog_paraphrase_4_seed101.jpg,e7de1d249323e75d,0.0000,0,0,0,5,horse,0.9968
29,ConAbl,MAB,MA,dog,dog_paraphrase_4,paraphrase,4,202,/data/bijaypandey/cuig_pilot/seq_pilot/eval_seed29/MAB/images/dog_paraphrase_4_seed202.jpg,621d408397394b01,0.0000,0,0,0,3,horse,0.9994
29,ConAbl,MAB,MA,dog,dog_paraphrase_4,paraphrase,4,303,/data/bijaypandey/cuig_pilot/seq_pilot/eval_seed29/MAB/images/dog_paraphrase_4_seed303.jpg,0089f63f051a33b0,0.0000,0,0,0,3,horse,0.9927
29,ConAbl,MAB,MA,dog,dog_paraphrase_4,paraphrase,4,404,/data/bijaypandey/cuig_pilot/seq_pilot/eval_seed29/MAB/images/dog_paraphrase_4_seed404.jpg,7dc76ab9c93b5d52,0.0000,0,0,0,4,horse,0.9991
29,ConAbl,MAB,MA,sandwich,sandwich_literal_0,literal,0,101,/data/bijaypandey/cuig_pilot/seq_pilot/eval_seed29/MAB/images/sandwich_literal_0_seed101.jpg,6c8abdeb9ae51181,0.9903,1,1,1,17,sandwich,0.9903
29,ConAbl,MAB,MA,sandwich,sandwich_literal_0,literal,0,202,/data/bijaypandey/cuig_pilot/seq_pilot/eval_seed29/MAB/images/sandwich_literal_0_seed202.jpg,b6f71ad0a4e17088,0.9976,1,1,1,7,sandwich,0.9976
29,ConAbl,MAB,MA,sandwich,sandwich_literal_0,literal,0,303,/data/bijaypandey/cuig_pilot/seq_pilot/eval_seed29/MAB/images/sandwich_literal_0_seed303.jpg,b04148697ee143be,0.9383,1,1,1,15,sandwich,0.9383
29,ConAbl,MAB,MA,sandwich,sandwich_literal_0,literal,0,404,/data/bijaypandey/cuig_pilot/seq_pilot/eval_seed29/MAB/images/sandwich_literal_0_seed404.jpg,47472d377e2664fc,0.9224,1,1,1,16,dining table,0.9230
29,ConAbl,MAB,MA,sandwich,sandwich_literal_1,literal,1,101,/data/bijaypandey/cuig_pilot/seq_pilot/eval_seed29/MAB/images/sandwich_literal_1_seed101.jpg,308c1c102fa3c2cd,0.8690,1,1,1,5,dining table,0.9960
29,ConAbl,MAB,MA,sandwich,sandwich_literal_1,literal,1,202,/data/bijaypandey/cuig_pilot/seq_pilot/eval_seed29/MAB/images/sandwich_literal_1_seed202.jpg,81d3bb41f2f21db1,0.9768,1,1,1,3,sandwich,0.9768
29,ConAbl,MAB,MA,sandwich,sandwich_literal_1,literal,1,303,/data/bijaypandey/cuig_pilot/seq_pilot/eval_seed29/MAB/images/sandwich_literal_1_seed303.jpg,b2191ee7da150902,0.5854,1,1,0,22,cup,0.9733
29,ConAbl,MAB,MA,sandwich,sandwich_literal_1,literal,1,404,/data/bijaypandey/cuig_pilot/seq_pilot/eval_seed29/MAB/images/sandwich_literal_1_seed404.jpg,7b48d07a2209b03f,0.9894,1,1,1,13,sandwich,0.9894
29,ConAbl,MAB,MA,sandwich,sandwich_literal_2,literal,2,101,/data/bijaypandey/cuig_pilot/seq_pilot/eval_seed29/MAB/images/sandwich_literal_2_seed101.jpg,0fda7ea097aab9d2,0.1778,0,0,0,7,hot dog,0.8496
29,ConAbl,MAB,MA,sandwich,sandwich_literal_2,literal,2,202,/data/bijaypandey/cuig_pilot/seq_pilot/eval_seed29/MAB/images/sandwich_literal_2_seed202.jpg,ec4f432a4bd31aed,0.9204,1,1,1,10,sandwich,0.9204
29,ConAbl,MAB,MA,sandwich,sandwich_literal_2,literal,2,303,/data/bijaypandey/cuig_pilot/seq_pilot/eval_seed29/MAB/images/sandwich_literal_2_seed303.jpg,40a9a42709a4edf9,0.9773,1,1,1,7,sandwich,0.9773
29,ConAbl,MAB,MA,sandwich,sandwich_literal_2,literal,2,404,/data/bijaypandey/cuig_pilot/seq_pilot/eval_seed29/MAB/images/sandwich_literal_2_seed404.jpg,eae8e592c84ae610,0.9445,1,1,1,3,sandwich,0.9445
29,ConAbl,MAB,MA,sandwich,sandwich_literal_3,literal,3,101,/data/bijaypandey/cuig_pilot/seq_pilot/eval_seed29/MAB/images/sandwich_literal_3_seed101.jpg,2d3ae0cf68ea0e9e,0.9257,1,1,1,17,dining table,0.9389
29,ConAbl,MAB,MA,sandwich,sandwich_literal_3,literal,3,202,/data/bijaypandey/cuig_pilot/seq_pilot/eval_seed29/MAB/images/sandwich_literal_3_seed202.jpg,886b392c0ba2faa1,0.9831,1,1,1,19,dining table,0.9880
29,ConAbl,MAB,MA,sandwich,sandwich_literal_3,literal,3,303,/data/bijaypandey/cuig_pilot/seq_pilot/eval_seed29/MAB/images/sandwich_literal_3_seed303.jpg,6772ba62bbc51b80,0.9856,1,1,1,16,sandwich,0.9856
29,ConAbl,MAB,MA,sandwich,sandwich_literal_3,literal,3,404,/data/bijaypandey/cuig_pilot/seq_pilot/eval_seed29/MAB/images/sandwich_literal_3_seed404.jpg,a6b4b6b087d39261,0.9930,1,1,1,20,cup,0.9942
29,ConAbl,MAB,MA,sandwich,sandwich_literal_4,literal,4,101,/data/bijaypandey/cuig_pilot/seq_pilot/eval_seed29/MAB/images/sandwich_literal_4_seed101.jpg,11e93313d8497f53,0.9928,1,1,1,8,sandwich,0.9928
29,ConAbl,MAB,MA,sandwich,sandwich_literal_4,literal,4,202,/data/bijaypandey/cuig_pilot/seq_pilot/eval_seed29/MAB/images/sandwich_literal_4_seed202.jpg,76c9d5c7bc6a763e,0.4835,1,0,0,10,dining table,0.6077
29,ConAbl,MAB,MA,sandwich,sandwich_literal_4,literal,4,303,/data/bijaypandey/cuig_pilot/seq_pilot/eval_seed29/MAB/images/sandwich_literal_4_seed303.jpg,254db1f32079c533,0.9918,1,1,1,15,sandwich,0.9918
29,ConAbl,MAB,MA,sandwich,sandwich_literal_4,literal,4,404,/data/bijaypandey/cuig_pilot/seq_pilot/eval_seed29/MAB/images/sandwich_literal_4_seed404.jpg,b0428f7badf0ac1b,0.9832,1,1,1,14,sandwich,0.9832
29,ConAbl,MAB,MA,sandwich,sandwich_paraphrase_0,paraphrase,0,101,/data/bijaypandey/cuig_pilot/seq_pilot/eval_seed29/MAB/images/sandwich_paraphrase_0_seed101.jpg,785bd0ff2f31b5f3,0.2010,0,0,0,16,cake,0.8992
29,ConAbl,MAB,MA,sandwich,sandwich_paraphrase_0,paraphrase,0,202,/data/bijaypandey/cuig_pilot/seq_pilot/eval_seed29/MAB/images/sandwich_paraphrase_0_seed202.jpg,bda87483125698dc,0.8882,1,1,1,21,sandwich,0.8882
29,ConAbl,MAB,MA,sandwich,sandwich_paraphrase_0,paraphrase,0,303,/data/bijaypandey/cuig_pilot/seq_pilot/eval_seed29/MAB/images/sandwich_paraphrase_0_seed303.jpg,29355cb57df21b92,0.3644,1,0,0,22,dining table,0.7674
29,ConAbl,MAB,MA,sandwich,sandwich_paraphrase_0,paraphrase,0,404,/data/bijaypandey/cuig_pilot/seq_pilot/eval_seed29/MAB/images/sandwich_paraphrase_0_seed404.jpg,070a59b61ad5ac5a,0.0000,0,0,0,8,banana,0.8907
29,ConAbl,MAB,MA,sandwich,sandwich_paraphrase_1,paraphrase,1,101,/data/bijaypandey/cuig_pilot/seq_pilot/eval_seed29/MAB/images/sandwich_paraphrase_1_seed101.jpg,5fb322186393b4df,0.0651,0,0,0,12,bowl,0.8463
29,ConAbl,MAB,MA,sandwich,sandwich_paraphrase_1,paraphrase,1,202,/data/bijaypandey/cuig_pilot/seq_pilot/eval_seed29/MAB/images/sandwich_paraphrase_1_seed202.jpg,7a689115a0c49d5d,0.6372,1,1,0,20,sandwich,0.6372
29,ConAbl,MAB,MA,sandwich,sandwich_paraphrase_1,paraphrase,1,303,/data/bijaypandey/cuig_pilot/seq_pilot/eval_seed29/MAB/images/sandwich_paraphrase_1_seed303.jpg,8898bdb4edfcc527,0.9769,1,1,1,14,sandwich,0.9769
29,ConAbl,MAB,MA,sandwich,sandwich_paraphrase_1,paraphrase,1,404,/data/bijaypandey/cuig_pilot/seq_pilot/eval_seed29/MAB/images/sandwich_paraphrase_1_seed404.jpg,0fb516c2c211a851,0.0772,0,0,0,13,banana,0.6152
29,ConAbl,MAB,MA,sandwich,sandwich_paraphrase_2,paraphrase,2,101,/data/bijaypandey/cuig_pilot/seq_pilot/eval_seed29/MAB/images/sandwich_paraphrase_2_seed101.jpg,3d05e0c439309907,0.9653,1,1,1,38,sandwich,0.9653
29,ConAbl,MAB,MA,sandwich,sandwich_paraphrase_2,paraphrase,2,202,/data/bijaypandey/cuig_pilot/seq_pilot/eval_seed29/MAB/images/sandwich_paraphrase_2_seed202.jpg,d63d7c64d8584801,0.9784,1,1,1,22,dining table,0.9981
29,ConAbl,MAB,MA,sandwich,sandwich_paraphrase_2,paraphrase,2,303,/data/bijaypandey/cuig_pilot/seq_pilot/eval_seed29/MAB/images/sandwich_paraphrase_2_seed303.jpg,d96a9c5a1820a6dc,0.7863,1,1,1,20,sandwich,0.7863
29,ConAbl,MAB,MA,sandwich,sandwich_paraphrase_2,paraphrase,2,404,/data/bijaypandey/cuig_pilot/seq_pilot/eval_seed29/MAB/images/sandwich_paraphrase_2_seed404.jpg,cb245597457205ff,0.9649,1,1,1,13,sandwich,0.9649
29,ConAbl,MAB,MA,sandwich,sandwich_paraphrase_3,paraphrase,3,101,/data/bijaypandey/cuig_pilot/seq_pilot/eval_seed29/MAB/images/sandwich_paraphrase_3_seed101.jpg,50bf009d684219bb,0.1704,0,0,0,18,orange,0.8793
29,ConAbl,MAB,MA,sandwich,sandwich_paraphrase_3,paraphrase,3,202,/data/bijaypandey/cuig_pilot/seq_pilot/eval_seed29/MAB/images/sandwich_paraphrase_3_seed202.jpg,d5838a6d52c38323,0.9492,1,1,1,18,sandwich,0.9492
29,ConAbl,MAB,MA,sandwich,sandwich_paraphrase_3,paraphrase,3,303,/data/bijaypandey/cuig_pilot/seq_pilot/eval_seed29/MAB/images/sandwich_paraphrase_3_seed303.jpg,f6fbda1a26e9937e,0.0513,0,0,0,19,dining table,0.9435
29,ConAbl,MAB,MA,sandwich,sandwich_paraphrase_3,paraphrase,3,404,/data/bijaypandey/cuig_pilot/seq_pilot/eval_seed29/MAB/images/sandwich_paraphrase_3_seed404.jpg,334f18bb9302eef5,0.2001,0,0,0,10,donut,0.8162
29,ConAbl,MAB,MA,sandwich,sandwich_paraphrase_4,paraphrase,4,101,/data/bijaypandey/cuig_pilot/seq_pilot/eval_seed29/MAB/images/sandwich_paraphrase_4_seed101.jpg,375996f926fe63ed,0.8540,1,1,1,23,sandwich,0.8540
29,ConAbl,MAB,MA,sandwich,sandwich_paraphrase_4,paraphrase,4,202,/data/bijaypandey/cuig_pilot/seq_pilot/eval_seed29/MAB/images/sandwich_paraphrase_4_seed202.jpg,bb819678673ed55a,0.9233,1,1,1,24,bowl,0.9862
29,ConAbl,MAB,MA,sandwich,sandwich_paraphrase_4,paraphrase,4,303,/data/bijaypandey/cuig_pilot/seq_pilot/eval_seed29/MAB/images/sandwich_paraphrase_4_seed303.jpg,014ae6ea8e825707,0.6453,1,1,0,20,orange,0.8936
29,ConAbl,MAB,MA,sandwich,sandwich_paraphrase_4,paraphrase,4,404,/data/bijaypandey/cuig_pilot/seq_pilot/eval_seed29/MAB/images/sandwich_paraphrase_4_seed404.jpg,9ea3b4da64c06525,0.7109,1,1,1,18,sandwich,0.7109
29,ConAbl,MAB,MA,horse,horse_literal_0,literal,0,101,/data/bijaypandey/cuig_pilot/seq_pilot/eval_seed29/MAB/images/horse_literal_0_seed101.jpg,5b05ed9c74790ab9,0.9993,1,1,1,13,horse,0.9993
29,ConAbl,MAB,MA,horse,horse_literal_0,literal,0,202,/data/bijaypandey/cuig_pilot/seq_pilot/eval_seed29/MAB/images/horse_literal_0_seed202.jpg,ec64db6657d6692f,0.9998,1,1,1,20,horse,0.9998
29,ConAbl,MAB,MA,horse,horse_literal_0,literal,0,303,/data/bijaypandey/cuig_pilot/seq_pilot/eval_seed29/MAB/images/horse_literal_0_seed303.jpg,bd57ab50200949a8,0.9990,1,1,1,4,horse,0.9990
29,ConAbl,MAB,MA,horse,horse_literal_0,literal,0,404,/data/bijaypandey/cuig_pilot/seq_pilot/eval_seed29/MAB/images/horse_literal_0_seed404.jpg,356327b63208e70b,0.9997,1,1,1,1,horse,0.9997
29,ConAbl,MAB,MA,horse,horse_literal_1,literal,1,101,/data/bijaypandey/cuig_pilot/seq_pilot/eval_seed29/MAB/images/horse_literal_1_seed101.jpg,f71ac8a25f7baa82,0.9959,1,1,1,6,horse,0.9959
29,ConAbl,MAB,MA,horse,horse_literal_1,literal,1,202,/data/bijaypandey/cuig_pilot/seq_pilot/eval_seed29/MAB/images/horse_literal_1_seed202.jpg,ba0710daff776352,0.9996,1,1,1,2,horse,0.9996
29,ConAbl,MAB,MA,horse,horse_literal_1,literal,1,303,/data/bijaypandey/cuig_pilot/seq_pilot/eval_seed29/MAB/images/horse_literal_1_seed303.jpg,e6e84cfa22038e72,0.9986,1,1,1,3,horse,0.9986
29,ConAbl,MAB,MA,horse,horse_literal_1,literal,1,404,/data/bijaypandey/cuig_pilot/seq_pilot/eval_seed29/MAB/images/horse_literal_1_seed404.jpg,9ab77f15b4d9b95e,0.9996,1,1,1,5,horse,0.9996
29,ConAbl,MAB,MA,horse,horse_literal_2,literal,2,101,/data/bijaypandey/cuig_pilot/seq_pilot/eval_seed29/MAB/images/horse_literal_2_seed101.jpg,c0bf77b0963c70bd,0.6349,1,1,0,7,person,0.7647
29,ConAbl,MAB,MA,horse,horse_literal_2,literal,2,202,/data/bijaypandey/cuig_pilot/seq_pilot/eval_seed29/MAB/images/horse_literal_2_seed202.jpg,4f0c9f539b1ae4ce,0.4396,1,0,0,7,horse,0.4396
29,ConAbl,MAB,MA,horse,horse_literal_2,literal,2,303,/data/bijaypandey/cuig_pilot/seq_pilot/eval_seed29/MAB/images/horse_literal_2_seed303.jpg,dd16e611e9139621,0.8563,1,1,1,7,horse,0.8563
29,ConAbl,MAB,MA,horse,horse_literal_2,literal,2,404,/data/bijaypandey/cuig_pilot/seq_pilot/eval_seed29/MAB/images/horse_literal_2_seed404.jpg,ca8d62268de9611c,0.9960,1,1,1,4,horse,0.9960
29,ConAbl,MAB,MA,horse,horse_literal_3,literal,3,101,/data/bijaypandey/cuig_pilot/seq_pilot/eval_seed29/MAB/images/horse_literal_3_seed101.jpg,c5640ff31a22fcd6,0.9985,1,1,1,2,horse,0.9985
29,ConAbl,MAB,MA,horse,horse_literal_3,literal,3,202,/data/bijaypandey/cuig_pilot/seq_pilot/eval_seed29/MAB/images/horse_literal_3_seed202.jpg,86e96ac33b855804,0.9896,1,1,1,5,horse,0.9896
29,ConAbl,MAB,MA,horse,horse_literal_3,literal,3,303,/data/bijaypandey/cuig_pilot/seq_pilot/eval_seed29/MAB/images/horse_literal_3_seed303.jpg,43c57e9bcd4dc8b7,0.9899,1,1,1,6,horse,0.9899
29,ConAbl,MAB,MA,horse,horse_literal_3,literal,3,404,/data/bijaypandey/cuig_pilot/seq_pilot/eval_seed29/MAB/images/horse_literal_3_seed404.jpg,7bb4748e71488eca,0.9995,1,1,1,6,horse,0.9995
29,ConAbl,MAB,MA,horse,horse_literal_4,literal,4,101,/data/bijaypandey/cuig_pilot/seq_pilot/eval_seed29/MAB/images/horse_literal_4_seed101.jpg,1a46483114125a57,0.9993,1,1,1,6,horse,0.9993
29,ConAbl,MAB,MA,horse,horse_literal_4,literal,4,202,/data/bijaypandey/cuig_pilot/seq_pilot/eval_seed29/MAB/images/horse_literal_4_seed202.jpg,620536063253e762,0.9995,1,1,1,2,horse,0.9995
29,ConAbl,MAB,MA,horse,horse_literal_4,literal,4,303,/data/bijaypandey/cuig_pilot/seq_pilot/eval_seed29/MAB/images/horse_literal_4_seed303.jpg,09a070df07d37ec8,0.9993,1,1,1,3,horse,0.9993
29,ConAbl,MAB,MA,horse,horse_literal_4,literal,4,404,/data/bijaypandey/cuig_pilot/seq_pilot/eval_seed29/MAB/images/horse_literal_4_seed404.jpg,cf3e9196d7105fe2,0.9995,1,1,1,3,horse,0.9995
29,ConAbl,MAB,MA,horse,horse_paraphrase_0,paraphrase,0,101,/data/bijaypandey/cuig_pilot/seq_pilot/eval_seed29/MAB/images/horse_paraphrase_0_seed101.jpg,0321781dfb9f1624,0.9991,1,1,1,1,horse,0.9991
29,ConAbl,MAB,MA,horse,horse_paraphrase_0,paraphrase,0,202,/data/bijaypandey/cuig_pilot/seq_pilot/eval_seed29/MAB/images/horse_paraphrase_0_seed202.jpg,9b1b5df6633e6f81,0.9982,1,1,1,6,horse,0.9982
29,ConAbl,MAB,MA,horse,horse_paraphrase_0,paraphrase,0,303,/data/bijaypandey/cuig_pilot/seq_pilot/eval_seed29/MAB/images/horse_paraphrase_0_seed303.jpg,812710255679a8ea,0.9995,1,1,1,9,horse,0.9995
29,ConAbl,MAB,MA,horse,horse_paraphrase_0,paraphrase,0,404,/data/bijaypandey/cuig_pilot/seq_pilot/eval_seed29/MAB/images/horse_paraphrase_0_seed404.jpg,bf7ddcb68cd9fd15,0.9950,1,1,1,4,horse,0.9950
29,ConAbl,MAB,MA,horse,horse_paraphrase_1,paraphrase,1,101,/data/bijaypandey/cuig_pilot/seq_pilot/eval_seed29/MAB/images/horse_paraphrase_1_seed101.jpg,4eb1f580e7be7380,0.9920,1,1,1,8,horse,0.9920
29,ConAbl,MAB,MA,horse,horse_paraphrase_1,paraphrase,1,202,/data/bijaypandey/cuig_pilot/seq_pilot/eval_seed29/MAB/images/horse_paraphrase_1_seed202.jpg,f23e03429425cfd9,0.9995,1,1,1,3,horse,0.9995
29,ConAbl,MAB,MA,horse,horse_paraphrase_1,paraphrase,1,303,/data/bijaypandey/cuig_pilot/seq_pilot/eval_seed29/MAB/images/horse_paraphrase_1_seed303.jpg,d2ceba96af5883f2,0.9947,1,1,1,2,horse,0.9947
29,ConAbl,MAB,MA,horse,horse_paraphrase_1,paraphrase,1,404,/data/bijaypandey/cuig_pilot/seq_pilot/eval_seed29/MAB/images/horse_paraphrase_1_seed404.jpg,a765b1477cda2081,0.9993,1,1,1,8,horse,0.9993
29,ConAbl,MAB,MA,horse,horse_paraphrase_2,paraphrase,2,101,/data/bijaypandey/cuig_pilot/seq_pilot/eval_seed29/MAB/images/horse_paraphrase_2_seed101.jpg,bad76d1e2942a7b2,0.8065,1,1,1,11,horse,0.8065
29,ConAbl,MAB,MA,horse,horse_paraphrase_2,paraphrase,2,202,/data/bijaypandey/cuig_pilot/seq_pilot/eval_seed29/MAB/images/horse_paraphrase_2_seed202.jpg,4f87c957ab0a2ea5,0.9587,1,1,1,5,horse,0.9587
29,ConAbl,MAB,MA,horse,horse_paraphrase_2,paraphrase,2,303,/data/bijaypandey/cuig_pilot/seq_pilot/eval_seed29/MAB/images/horse_paraphrase_2_seed303.jpg,c7873f95027649bd,0.9508,1,1,1,12,horse,0.9508
29,ConAbl,MAB,MA,horse,horse_paraphrase_2,paraphrase,2,404,/data/bijaypandey/cuig_pilot/seq_pilot/eval_seed29/MAB/images/horse_paraphrase_2_seed404.jpg,cba87027f65fd8d4,0.9865,1,1,1,3,horse,0.9865
29,ConAbl,MAB,MA,horse,horse_paraphrase_3,paraphrase,3,101,/data/bijaypandey/cuig_pilot/seq_pilot/eval_seed29/MAB/images/horse_paraphrase_3_seed101.jpg,f99b5fd3753f9e78,0.9856,1,1,1,11,horse,0.9856
29,ConAbl,MAB,MA,horse,horse_paraphrase_3,paraphrase,3,202,/data/bijaypandey/cuig_pilot/seq_pilot/eval_seed29/MAB/images/horse_paraphrase_3_seed202.jpg,07807352364890f0,0.9940,1,1,1,3,horse,0.9940
29,ConAbl,MAB,MA,horse,horse_paraphrase_3,paraphrase,3,303,/data/bijaypandey/cuig_pilot/seq_pilot/eval_seed29/MAB/images/horse_paraphrase_3_seed303.jpg,cfb3a6ebcea09146,0.9997,1,1,1,15,horse,0.9997
29,ConAbl,MAB,MA,horse,horse_paraphrase_3,paraphrase,3,404,/data/bijaypandey/cuig_pilot/seq_pilot/eval_seed29/MAB/images/horse_paraphrase_3_seed404.jpg,1220d61e30449983,0.9994,1,1,1,14,horse,0.9994
29,ConAbl,MAB,MA,horse,horse_paraphrase_4,paraphrase,4,101,/data/bijaypandey/cuig_pilot/seq_pilot/eval_seed29/MAB/images/horse_paraphrase_4_seed101.jpg,1400aa4e10f4d4df,0.9970,1,1,1,2,horse,0.9970
29,ConAbl,MAB,MA,horse,horse_paraphrase_4,paraphrase,4,202,/data/bijaypandey/cuig_pilot/seq_pilot/eval_seed29/MAB/images/horse_paraphrase_4_seed202.jpg,e24987a7325a0c63,0.9979,1,1,1,8,horse,0.9979
29,ConAbl,MAB,MA,horse,horse_paraphrase_4,paraphrase,4,303,/data/bijaypandey/cuig_pilot/seq_pilot/eval_seed29/MAB/images/horse_paraphrase_4_seed303.jpg,642550c0542ce66a,0.9978,1,1,1,4,horse,0.9978
29,ConAbl,MAB,MA,horse,horse_paraphrase_4,paraphrase,4,404,/data/bijaypandey/cuig_pilot/seq_pilot/eval_seed29/MAB/images/horse_paraphrase_4_seed404.jpg,0b5fd2ec6a763a94,0.9988,1,1,1,1,horse,0.9988
29,ConAbl,MAB,MA,bird,bird_literal_0,literal,0,101,/data/bijaypandey/cuig_pilot/seq_pilot/eval_seed29/MAB/images/bird_literal_0_seed101.jpg,f6f1b892674d5f5e,0.9981,1,1,1,4,bird,0.9981
29,ConAbl,MAB,MA,bird,bird_literal_0,literal,0,202,/data/bijaypandey/cuig_pilot/seq_pilot/eval_seed29/MAB/images/bird_literal_0_seed202.jpg,efc81d493de4a828,0.9967,1,1,1,3,bird,0.9967
29,ConAbl,MAB,MA,bird,bird_literal_0,literal,0,303,/data/bijaypandey/cuig_pilot/seq_pilot/eval_seed29/MAB/images/bird_literal_0_seed303.jpg,2940045c0a9e11c5,0.9985,1,1,1,3,bird,0.9985
29,ConAbl,MAB,MA,bird,bird_literal_0,literal,0,404,/data/bijaypandey/cuig_pilot/seq_pilot/eval_seed29/MAB/images/bird_literal_0_seed404.jpg,19cc926becf52168,0.9965,1,1,1,2,bird,0.9965
29,ConAbl,MAB,MA,bird,bird_literal_1,literal,1,101,/data/bijaypandey/cuig_pilot/seq_pilot/eval_seed29/MAB/images/bird_literal_1_seed101.jpg,546b02678f1fb525,0.0000,0,0,0,1,horse,0.9941
29,ConAbl,MAB,MA,bird,bird_literal_1,literal,1,202,/data/bijaypandey/cuig_pilot/seq_pilot/eval_seed29/MAB/images/bird_literal_1_seed202.jpg,3c365892038e90ab,0.0000,0,0,0,2,horse,0.9976
29,ConAbl,MAB,MA,bird,bird_literal_1,literal,1,303,/data/bijaypandey/cuig_pilot/seq_pilot/eval_seed29/MAB/images/bird_literal_1_seed303.jpg,0ae28b0b4ad32ce5,0.6017,1,1,0,12,horse,0.9533
29,ConAbl,MAB,MA,bird,bird_literal_1,literal,1,404,/data/bijaypandey/cuig_pilot/seq_pilot/eval_seed29/MAB/images/bird_literal_1_seed404.jpg,ec3cfd03027a7fbb,0.0000,0,0,0,2,horse,0.9985
29,ConAbl,MAB,MA,bird,bird_literal_2,literal,2,101,/data/bijaypandey/cuig_pilot/seq_pilot/eval_seed29/MAB/images/bird_literal_2_seed101.jpg,f6555710c4f1032e,0.9680,1,1,1,3,bird,0.9680
29,ConAbl,MAB,MA,bird,bird_literal_2,literal,2,202,/data/bijaypandey/cuig_pilot/seq_pilot/eval_seed29/MAB/images/bird_literal_2_seed202.jpg,ee4bfb592c3904b7,0.9973,1,1,1,7,bird,0.9973
29,ConAbl,MAB,MA,bird,bird_literal_2,literal,2,303,/data/bijaypandey/cuig_pilot/seq_pilot/eval_seed29/MAB/images/bird_literal_2_seed303.jpg,a1cd05fd4046732f,0.9743,1,1,1,6,bird,0.9743
29,ConAbl,MAB,MA,bird,bird_literal_2,literal,2,404,/data/bijaypandey/cuig_pilot/seq_pilot/eval_seed29/MAB/images/bird_literal_2_seed404.jpg,da80caa8bf7eece9,0.9920,1,1,1,16,bird,0.9920
29,ConAbl,MAB,MA,bird,bird_literal_3,literal,3,101,/data/bijaypandey/cuig_pilot/seq_pilot/eval_seed29/MAB/images/bird_literal_3_seed101.jpg,5b692f1060965ad1,0.0000,0,0,0,4,horse,0.9921
29,ConAbl,MAB,MA,bird,bird_literal_3,literal,3,202,/data/bijaypandey/cuig_pilot/seq_pilot/eval_seed29/MAB/images/bird_literal_3_seed202.jpg,f1ee4f47c77c8e83,0.9986,1,1,1,5,bird,0.9986
29,ConAbl,MAB,MA,bird,bird_literal_3,literal,3,303,/data/bijaypandey/cuig_pilot/seq_pilot/eval_seed29/MAB/images/bird_literal_3_seed303.jpg,e835226a20ab46dd,0.0000,0,0,0,3,dog,0.8429
29,ConAbl,MAB,MA,bird,bird_literal_3,literal,3,404,/data/bijaypandey/cuig_pilot/seq_pilot/eval_seed29/MAB/images/bird_literal_3_seed404.jpg,5b8e01e51c64b9cb,0.9974,1,1,1,8,bird,0.9974
29,ConAbl,MAB,MA,bird,bird_literal_4,literal,4,101,/data/bijaypandey/cuig_pilot/seq_pilot/eval_seed29/MAB/images/bird_literal_4_seed101.jpg,9cb52b8ae7845ec8,0.7103,1,1,1,7,horse,0.9988
29,ConAbl,MAB,MA,bird,bird_literal_4,literal,4,202,/data/bijaypandey/cuig_pilot/seq_pilot/eval_seed29/MAB/images/bird_literal_4_seed202.jpg,c127c52016f61b8b,0.0000,0,0,0,2,horse,0.9995
29,ConAbl,MAB,MA,bird,bird_literal_4,literal,4,303,/data/bijaypandey/cuig_pilot/seq_pilot/eval_seed29/MAB/images/bird_literal_4_seed303.jpg,ed3a80d7da8fc050,0.0000,0,0,0,3,horse,0.9925
29,ConAbl,MAB,MA,bird,bird_literal_4,literal,4,404,/data/bijaypandey/cuig_pilot/seq_pilot/eval_seed29/MAB/images/bird_literal_4_seed404.jpg,e64d25e812100366,0.0000,0,0,0,1,horse,0.9997
29,ConAbl,MAB,MA,bird,bird_paraphrase_0,paraphrase,0,101,/data/bijaypandey/cuig_pilot/seq_pilot/eval_seed29/MAB/images/bird_paraphrase_0_seed101.jpg,811db944eb389ce6,0.9985,1,1,1,4,bird,0.9985
29,ConAbl,MAB,MA,bird,bird_paraphrase_0,paraphrase,0,202,/data/bijaypandey/cuig_pilot/seq_pilot/eval_seed29/MAB/images/bird_paraphrase_0_seed202.jpg,65067077002b95f5,0.9991,1,1,1,2,bird,0.9991
29,ConAbl,MAB,MA,bird,bird_paraphrase_0,paraphrase,0,303,/data/bijaypandey/cuig_pilot/seq_pilot/eval_seed29/MAB/images/bird_paraphrase_0_seed303.jpg,ce29010c8ce06376,0.9987,1,1,1,2,bird,0.9987
29,ConAbl,MAB,MA,bird,bird_paraphrase_0,paraphrase,0,404,/data/bijaypandey/cuig_pilot/seq_pilot/eval_seed29/MAB/images/bird_paraphrase_0_seed404.jpg,eeeadc9d87a5c6b9,0.9991,1,1,1,2,bird,0.9991
29,ConAbl,MAB,MA,bird,bird_paraphrase_1,paraphrase,1,101,/data/bijaypandey/cuig_pilot/seq_pilot/eval_seed29/MAB/images/bird_paraphrase_1_seed101.jpg,cd6943e0d1d3e3a3,0.0000,0,0,0,3,horse,0.9939
29,ConAbl,MAB,MA,bird,bird_paraphrase_1,paraphrase,1,202,/data/bijaypandey/cuig_pilot/seq_pilot/eval_seed29/MAB/images/bird_paraphrase_1_seed202.jpg,e76684c3762f65c5,0.0000,0,0,0,8,horse,0.9800
29,ConAbl,MAB,MA,bird,bird_paraphrase_1,paraphrase,1,303,/data/bijaypandey/cuig_pilot/seq_pilot/eval_seed29/MAB/images/bird_paraphrase_1_seed303.jpg,1fb233a30f60e6d8,0.2912,0,0,0,2,horse,0.9939
29,ConAbl,MAB,MA,bird,bird_paraphrase_1,paraphrase,1,404,/data/bijaypandey/cuig_pilot/seq_pilot/eval_seed29/MAB/images/bird_paraphrase_1_seed404.jpg,3c459bbb8c6b4c4b,0.0000,0,0,0,2,horse,0.9978
29,ConAbl,MAB,MA,bird,bird_paraphrase_2,paraphrase,2,101,/data/bijaypandey/cuig_pilot/seq_pilot/eval_seed29/MAB/images/bird_paraphrase_2_seed101.jpg,e17b795077977cd5,0.9988,1,1,1,3,bird,0.9988
29,ConAbl,MAB,MA,bird,bird_paraphrase_2,paraphrase,2,202,/data/bijaypandey/cuig_pilot/seq_pilot/eval_seed29/MAB/images/bird_paraphrase_2_seed202.jpg,4dcc9f9c46154078,0.1102,0,0,0,6,umbrella,0.6629
29,ConAbl,MAB,MA,bird,bird_paraphrase_2,paraphrase,2,303,/data/bijaypandey/cuig_pilot/seq_pilot/eval_seed29/MAB/images/bird_paraphrase_2_seed303.jpg,2376b5d4549daa41,0.5204,1,1,0,13,umbrella,0.6633
29,ConAbl,MAB,MA,bird,bird_paraphrase_2,paraphrase,2,404,/data/bijaypandey/cuig_pilot/seq_pilot/eval_seed29/MAB/images/bird_paraphrase_2_seed404.jpg,36afc6cb99042d2d,0.6098,1,1,0,6,vase,0.8406
29,ConAbl,MAB,MA,bird,bird_paraphrase_3,paraphrase,3,101,/data/bijaypandey/cuig_pilot/seq_pilot/eval_seed29/MAB/images/bird_paraphrase_3_seed101.jpg,16cd3b6ff85d8905,0.1066,0,0,0,33,horse,0.9887
29,ConAbl,MAB,MA,bird,bird_paraphrase_3,paraphrase,3,202,/data/bijaypandey/cuig_pilot/seq_pilot/eval_seed29/MAB/images/bird_paraphrase_3_seed202.jpg,f10e3c639b9dbedd,0.0000,0,0,0,6,horse,0.9875
29,ConAbl,MAB,MA,bird,bird_paraphrase_3,paraphrase,3,303,/data/bijaypandey/cuig_pilot/seq_pilot/eval_seed29/MAB/images/bird_paraphrase_3_seed303.jpg,27e92ac4001365bc,0.0000,0,0,0,28,horse,0.9698
29,ConAbl,MAB,MA,bird,bird_paraphrase_3,paraphrase,3,404,/data/bijaypandey/cuig_pilot/seq_pilot/eval_seed29/MAB/images/bird_paraphrase_3_seed404.jpg,5c1fa78a18dd0065,0.0000,0,0,0,4,horse,0.9812
29,ConAbl,MAB,MA,bird,bird_paraphrase_4,paraphrase,4,101,/data/bijaypandey/cuig_pilot/seq_pilot/eval_seed29/MAB/images/bird_paraphrase_4_seed101.jpg,b87f9eaae616ae38,0.0748,0,0,0,5,horse,0.9532
29,ConAbl,MAB,MA,bird,bird_paraphrase_4,paraphrase,4,202,/data/bijaypandey/cuig_pilot/seq_pilot/eval_seed29/MAB/images/bird_paraphrase_4_seed202.jpg,26298c87837e2dc2,0.9748,1,1,1,10,bird,0.9748
29,ConAbl,MAB,MA,bird,bird_paraphrase_4,paraphrase,4,303,/data/bijaypandey/cuig_pilot/seq_pilot/eval_seed29/MAB/images/bird_paraphrase_4_seed303.jpg,254c22dc0ebfe0e3,0.9061,1,1,1,20,bird,0.9061
29,ConAbl,MAB,MA,bird,bird_paraphrase_4,paraphrase,4,404,/data/bijaypandey/cuig_pilot/seq_pilot/eval_seed29/MAB/images/bird_paraphrase_4_seed404.jpg,3a98f9b918f91a95,0.7831,1,1,1,12,bird,0.7831
29,ConAbl,MAB,MA,chair,chair_literal_0,literal,0,101,/data/bijaypandey/cuig_pilot/seq_pilot/eval_seed29/MAB/images/chair_literal_0_seed101.jpg,7593df6e1fb04793,0.9976,1,1,1,5,chair,0.9976
29,ConAbl,MAB,MA,chair,chair_literal_0,literal,0,202,/data/bijaypandey/cuig_pilot/seq_pilot/eval_seed29/MAB/images/chair_literal_0_seed202.jpg,98f3eb2d6e7efda1,0.9929,1,1,1,1,chair,0.9929
29,ConAbl,MAB,MA,chair,chair_literal_0,literal,0,303,/data/bijaypandey/cuig_pilot/seq_pilot/eval_seed29/MAB/images/chair_literal_0_seed303.jpg,85df5eab20c7e91d,0.9992,1,1,1,1,chair,0.9992
29,ConAbl,MAB,MA,chair,chair_literal_0,literal,0,404,/data/bijaypandey/cuig_pilot/seq_pilot/eval_seed29/MAB/images/chair_literal_0_seed404.jpg,243d12f3edab7a9b,0.7906,1,1,1,4,bench,0.8020
29,ConAbl,MAB,MA,chair,chair_literal_1,literal,1,101,/data/bijaypandey/cuig_pilot/seq_pilot/eval_seed29/MAB/images/chair_literal_1_seed101.jpg,22c1e8bf4b606190,0.9775,1,1,1,16,chair,0.9775
29,ConAbl,MAB,MA,chair,chair_literal_1,literal,1,202,/data/bijaypandey/cuig_pilot/seq_pilot/eval_seed29/MAB/images/chair_literal_1_seed202.jpg,61be0f3c915216b2,0.9705,1,1,1,9,chair,0.9705
29,ConAbl,MAB,MA,chair,chair_literal_1,literal,1,303,/data/bijaypandey/cuig_pilot/seq_pilot/eval_seed29/MAB/images/chair_literal_1_seed303.jpg,7e53d306a81ef9af,0.9602,1,1,1,2,chair,0.9602
29,ConAbl,MAB,MA,chair,chair_literal_1,literal,1,404,/data/bijaypandey/cuig_pilot/seq_pilot/eval_seed29/MAB/images/chair_literal_1_seed404.jpg,d15f324555ae924d,0.9735,1,1,1,5,chair,0.9735
29,ConAbl,MAB,MA,chair,chair_literal_2,literal,2,101,/data/bijaypandey/cuig_pilot/seq_pilot/eval_seed29/MAB/images/chair_literal_2_seed101.jpg,4a1d7fa04567c6aa,0.9977,1,1,1,7,chair,0.9977
29,ConAbl,MAB,MA,chair,chair_literal_2,literal,2,202,/data/bijaypandey/cuig_pilot/seq_pilot/eval_seed29/MAB/images/chair_literal_2_seed202.jpg,2d0814788a1a9da0,0.7929,1,1,1,8,chair,0.7929
29,ConAbl,MAB,MA,chair,chair_literal_2,literal,2,303,/data/bijaypandey/cuig_pilot/seq_pilot/eval_seed29/MAB/images/chair_literal_2_seed303.jpg,ac4fdbc14e275bf8,0.9872,1,1,1,12,chair,0.9872
29,ConAbl,MAB,MA,chair,chair_literal_2,literal,2,404,/data/bijaypandey/cuig_pilot/seq_pilot/eval_seed29/MAB/images/chair_literal_2_seed404.jpg,6aa202d9848c8003,0.9916,1,1,1,6,chair,0.9916
29,ConAbl,MAB,MA,chair,chair_literal_3,literal,3,101,/data/bijaypandey/cuig_pilot/seq_pilot/eval_seed29/MAB/images/chair_literal_3_seed101.jpg,6ad5b85deba5c64e,0.9714,1,1,1,11,chair,0.9714
29,ConAbl,MAB,MA,chair,chair_literal_3,literal,3,202,/data/bijaypandey/cuig_pilot/seq_pilot/eval_seed29/MAB/images/chair_literal_3_seed202.jpg,e6060da46dfd310a,0.9825,1,1,1,14,chair,0.9825
29,ConAbl,MAB,MA,chair,chair_literal_3,literal,3,303,/data/bijaypandey/cuig_pilot/seq_pilot/eval_seed29/MAB/images/chair_literal_3_seed303.jpg,6750e16d243e9429,0.9877,1,1,1,3,chair,0.9877
29,ConAbl,MAB,MA,chair,chair_literal_3,literal,3,404,/data/bijaypandey/cuig_pilot/seq_pilot/eval_seed29/MAB/images/chair_literal_3_seed404.jpg,0b8a55af00728ee4,0.1912,0,0,0,6,couch,0.8490
29,ConAbl,MAB,MA,chair,chair_literal_4,literal,4,101,/data/bijaypandey/cuig_pilot/seq_pilot/eval_seed29/MAB/images/chair_literal_4_seed101.jpg,011ac8b9634027a7,0.9931,1,1,1,2,chair,0.9931
29,ConAbl,MAB,MA,chair,chair_literal_4,literal,4,202,/data/bijaypandey/cuig_pilot/seq_pilot/eval_seed29/MAB/images/chair_literal_4_seed202.jpg,463d1a4293c51427,0.9942,1,1,1,5,chair,0.9942
29,ConAbl,MAB,MA,chair,chair_literal_4,literal,4,303,/data/bijaypandey/cuig_pilot/seq_pilot/eval_seed29/MAB/images/chair_literal_4_seed303.jpg,7c40d2022fd50a26,0.9943,1,1,1,4,chair,0.9943
29,ConAbl,MAB,MA,chair,chair_literal_4,literal,4,404,/data/bijaypandey/cuig_pilot/seq_pilot/eval_seed29/MAB/images/chair_literal_4_seed404.jpg,1487b6b2b3eecfd2,0.9928,1,1,1,1,chair,0.9928
29,ConAbl,MAB,MA,chair,chair_paraphrase_0,paraphrase,0,101,/data/bijaypandey/cuig_pilot/seq_pilot/eval_seed29/MAB/images/chair_paraphrase_0_seed101.jpg,226bafe24cd39099,0.0000,0,0,0,3,horse,0.9730
29,ConAbl,MAB,MA,chair,chair_paraphrase_0,paraphrase,0,202,/data/bijaypandey/cuig_pilot/seq_pilot/eval_seed29/MAB/images/chair_paraphrase_0_seed202.jpg,c8db647ca92c5f00,0.5074,1,1,0,11,bench,0.7692
29,ConAbl,MAB,MA,chair,chair_paraphrase_0,paraphrase,0,303,/data/bijaypandey/cuig_pilot/seq_pilot/eval_seed29/MAB/images/chair_paraphrase_0_seed303.jpg,e81ecf767827527e,0.7771,1,1,1,16,horse,0.9103
29,ConAbl,MAB,MA,chair,chair_paraphrase_0,paraphrase,0,404,/data/bijaypandey/cuig_pilot/seq_pilot/eval_seed29/MAB/images/chair_paraphrase_0_seed404.jpg,6869d293ccebb2e8,0.0000,0,0,0,4,horse,0.9995
29,ConAbl,MAB,MA,chair,chair_paraphrase_1,paraphrase,1,101,/data/bijaypandey/cuig_pilot/seq_pilot/eval_seed29/MAB/images/chair_paraphrase_1_seed101.jpg,97f23a4566e3f9fd,0.9974,1,1,1,9,chair,0.9974
29,ConAbl,MAB,MA,chair,chair_paraphrase_1,paraphrase,1,202,/data/bijaypandey/cuig_pilot/seq_pilot/eval_seed29/MAB/images/chair_paraphrase_1_seed202.jpg,e9202b38204f4b1e,0.9980,1,1,1,7,chair,0.9980
29,ConAbl,MAB,MA,chair,chair_paraphrase_1,paraphrase,1,303,/data/bijaypandey/cuig_pilot/seq_pilot/eval_seed29/MAB/images/chair_paraphrase_1_seed303.jpg,9e94e1b13f6e9f91,0.8425,1,1,1,10,chair,0.8425
29,ConAbl,MAB,MA,chair,chair_paraphrase_1,paraphrase,1,404,/data/bijaypandey/cuig_pilot/seq_pilot/eval_seed29/MAB/images/chair_paraphrase_1_seed404.jpg,b2dd896961e5add4,0.9419,1,1,1,10,chair,0.9419
29,ConAbl,MAB,MA,chair,chair_paraphrase_2,paraphrase,2,101,/data/bijaypandey/cuig_pilot/seq_pilot/eval_seed29/MAB/images/chair_paraphrase_2_seed101.jpg,6266691796ab0cdf,0.9859,1,1,1,13,chair,0.9859
29,ConAbl,MAB,MA,chair,chair_paraphrase_2,paraphrase,2,202,/data/bijaypandey/cuig_pilot/seq_pilot/eval_seed29/MAB/images/chair_paraphrase_2_seed202.jpg,dad55ed2f85020c3,0.9817,1,1,1,15,chair,0.9817
29,ConAbl,MAB,MA,chair,chair_paraphrase_2,paraphrase,2,303,/data/bijaypandey/cuig_pilot/seq_pilot/eval_seed29/MAB/images/chair_paraphrase_2_seed303.jpg,3123176c022caea7,0.9964,1,1,1,15,chair,0.9964
29,ConAbl,MAB,MA,chair,chair_paraphrase_2,paraphrase,2,404,/data/bijaypandey/cuig_pilot/seq_pilot/eval_seed29/MAB/images/chair_paraphrase_2_seed404.jpg,f0209ae8f3dde67d,0.9291,1,1,1,11,chair,0.9291
29,ConAbl,MAB,MA,chair,chair_paraphrase_3,paraphrase,3,101,/data/bijaypandey/cuig_pilot/seq_pilot/eval_seed29/MAB/images/chair_paraphrase_3_seed101.jpg,c80772b78c3bf0b8,0.2235,0,0,0,8,bench,0.9088
29,ConAbl,MAB,MA,chair,chair_paraphrase_3,paraphrase,3,202,/data/bijaypandey/cuig_pilot/seq_pilot/eval_seed29/MAB/images/chair_paraphrase_3_seed202.jpg,4da1d42f7d3fa131,0.5608,1,1,0,4,chair,0.5608
29,ConAbl,MAB,MA,chair,chair_paraphrase_3,paraphrase,3,303,/data/bijaypandey/cuig_pilot/seq_pilot/eval_seed29/MAB/images/chair_paraphrase_3_seed303.jpg,3d2aaa33d0055379,0.9952,1,1,1,34,chair,0.9952
29,ConAbl,MAB,MA,chair,chair_paraphrase_3,paraphrase,3,404,/data/bijaypandey/cuig_pilot/seq_pilot/eval_seed29/MAB/images/chair_paraphrase_3_seed404.jpg,c7ea4a6f25a873a1,0.0000,0,0,0,6,bench,0.5647
29,ConAbl,MAB,MA,chair,chair_paraphrase_4,paraphrase,4,101,/data/bijaypandey/cuig_pilot/seq_pilot/eval_seed29/MAB/images/chair_paraphrase_4_seed101.jpg,2fe5af91814335f1,0.9437,1,1,1,10,chair,0.9437
29,ConAbl,MAB,MA,chair,chair_paraphrase_4,paraphrase,4,202,/data/bijaypandey/cuig_pilot/seq_pilot/eval_seed29/MAB/images/chair_paraphrase_4_seed202.jpg,cd03377e83ce906d,0.2599,0,0,0,6,chair,0.2599
29,ConAbl,MAB,MA,chair,chair_paraphrase_4,paraphrase,4,303,/data/bijaypandey/cuig_pilot/seq_pilot/eval_seed29/MAB/images/chair_paraphrase_4_seed303.jpg,96613319b61f325d,0.9982,1,1,1,4,chair,0.9982
29,ConAbl,MAB,MA,chair,chair_paraphrase_4,paraphrase,4,404,/data/bijaypandey/cuig_pilot/seq_pilot/eval_seed29/MAB/images/chair_paraphrase_4_seed404.jpg,597590643bac5695,0.9919,1,1,1,4,chair,0.9919
29,ConAbl,MAB,MA,bicycle,bicycle_literal_0,literal,0,101,/data/bijaypandey/cuig_pilot/seq_pilot/eval_seed29/MAB/images/bicycle_literal_0_seed101.jpg,5ef4f9d88eed9621,0.9741,1,1,1,2,bicycle,0.9741
29,ConAbl,MAB,MA,bicycle,bicycle_literal_0,literal,0,202,/data/bijaypandey/cuig_pilot/seq_pilot/eval_seed29/MAB/images/bicycle_literal_0_seed202.jpg,00ec7698df4e69a3,0.9758,1,1,1,8,bicycle,0.9758
29,ConAbl,MAB,MA,bicycle,bicycle_literal_0,literal,0,303,/data/bijaypandey/cuig_pilot/seq_pilot/eval_seed29/MAB/images/bicycle_literal_0_seed303.jpg,cc419ab99ab3417b,0.9908,1,1,1,2,bicycle,0.9908
29,ConAbl,MAB,MA,bicycle,bicycle_literal_0,literal,0,404,/data/bijaypandey/cuig_pilot/seq_pilot/eval_seed29/MAB/images/bicycle_literal_0_seed404.jpg,dc9de21ac394da9d,0.9962,1,1,1,3,bicycle,0.9962
29,ConAbl,MAB,MA,bicycle,bicycle_literal_1,literal,1,101,/data/bijaypandey/cuig_pilot/seq_pilot/eval_seed29/MAB/images/bicycle_literal_1_seed101.jpg,434c6488819278fd,0.9975,1,1,1,16,bicycle,0.9975
29,ConAbl,MAB,MA,bicycle,bicycle_literal_1,literal,1,202,/data/bijaypandey/cuig_pilot/seq_pilot/eval_seed29/MAB/images/bicycle_literal_1_seed202.jpg,70b245d07940e84d,0.9993,1,1,1,7,bicycle,0.9993
29,ConAbl,MAB,MA,bicycle,bicycle_literal_1,literal,1,303,/data/bijaypandey/cuig_pilot/seq_pilot/eval_seed29/MAB/images/bicycle_literal_1_seed303.jpg,562e2c38d093af6f,0.9989,1,1,1,16,bicycle,0.9989
29,ConAbl,MAB,MA,bicycle,bicycle_literal_1,literal,1,404,/data/bijaypandey/cuig_pilot/seq_pilot/eval_seed29/MAB/images/bicycle_literal_1_seed404.jpg,95d62d941358240b,0.9992,1,1,1,1,bicycle,0.9992
29,ConAbl,MAB,MA,bicycle,bicycle_literal_2,literal,2,101,/data/bijaypandey/cuig_pilot/seq_pilot/eval_seed29/MAB/images/bicycle_literal_2_seed101.jpg,6b8daa92a8d5d3c2,0.9882,1,1,1,8,bicycle,0.9882
29,ConAbl,MAB,MA,bicycle,bicycle_literal_2,literal,2,202,/data/bijaypandey/cuig_pilot/seq_pilot/eval_seed29/MAB/images/bicycle_literal_2_seed202.jpg,1faef783ea3ee93c,0.9977,1,1,1,6,bicycle,0.9977
29,ConAbl,MAB,MA,bicycle,bicycle_literal_2,literal,2,303,/data/bijaypandey/cuig_pilot/seq_pilot/eval_seed29/MAB/images/bicycle_literal_2_seed303.jpg,e81f1ea727e40f2d,0.9483,1,1,1,14,bicycle,0.9483
29,ConAbl,MAB,MA,bicycle,bicycle_literal_2,literal,2,404,/data/bijaypandey/cuig_pilot/seq_pilot/eval_seed29/MAB/images/bicycle_literal_2_seed404.jpg,fff76ba3d7f34a5e,0.9927,1,1,1,5,bicycle,0.9927
29,ConAbl,MAB,MA,bicycle,bicycle_literal_3,literal,3,101,/data/bijaypandey/cuig_pilot/seq_pilot/eval_seed29/MAB/images/bicycle_literal_3_seed101.jpg,ca555b1fbbce7300,0.5897,1,1,0,6,bench,0.8928
29,ConAbl,MAB,MA,bicycle,bicycle_literal_3,literal,3,202,/data/bijaypandey/cuig_pilot/seq_pilot/eval_seed29/MAB/images/bicycle_literal_3_seed202.jpg,92be1cd52c1d6574,0.8564,1,1,1,4,bicycle,0.8564
29,ConAbl,MAB,MA,bicycle,bicycle_literal_3,literal,3,303,/data/bijaypandey/cuig_pilot/seq_pilot/eval_seed29/MAB/images/bicycle_literal_3_seed303.jpg,8dc9eaef026d4086,0.9528,1,1,1,20,bicycle,0.9528
29,ConAbl,MAB,MA,bicycle,bicycle_literal_3,literal,3,404,/data/bijaypandey/cuig_pilot/seq_pilot/eval_seed29/MAB/images/bicycle_literal_3_seed404.jpg,336a66f685729101,0.1567,0,0,0,2,chair,0.4224
29,ConAbl,MAB,MA,bicycle,bicycle_literal_4,literal,4,101,/data/bijaypandey/cuig_pilot/seq_pilot/eval_seed29/MAB/images/bicycle_literal_4_seed101.jpg,9f394828613cbab4,0.9994,1,1,1,2,bicycle,0.9994
29,ConAbl,MAB,MA,bicycle,bicycle_literal_4,literal,4,202,/data/bijaypandey/cuig_pilot/seq_pilot/eval_seed29/MAB/images/bicycle_literal_4_seed202.jpg,db8cf0c776f7c9d7,0.9968,1,1,1,2,bicycle,0.9968
29,ConAbl,MAB,MA,bicycle,bicycle_literal_4,literal,4,303,/data/bijaypandey/cuig_pilot/seq_pilot/eval_seed29/MAB/images/bicycle_literal_4_seed303.jpg,6ee38e67ef53de15,0.9981,1,1,1,9,bicycle,0.9981
29,ConAbl,MAB,MA,bicycle,bicycle_literal_4,literal,4,404,/data/bijaypandey/cuig_pilot/seq_pilot/eval_seed29/MAB/images/bicycle_literal_4_seed404.jpg,e357449a7598604a,0.9990,1,1,1,2,bicycle,0.9990
29,ConAbl,MAB,MA,bicycle,bicycle_paraphrase_0,paraphrase,0,101,/data/bijaypandey/cuig_pilot/seq_pilot/eval_seed29/MAB/images/bicycle_paraphrase_0_seed101.jpg,b9cc84baa104ed9e,0.9710,1,1,1,11,horse,0.9835
29,ConAbl,MAB,MA,bicycle,bicycle_paraphrase_0,paraphrase,0,202,/data/bijaypandey/cuig_pilot/seq_pilot/eval_seed29/MAB/images/bicycle_paraphrase_0_seed202.jpg,16bc94524020ac02,0.9972,1,1,1,9,bicycle,0.9972
29,ConAbl,MAB,MA,bicycle,bicycle_paraphrase_0,paraphrase,0,303,/data/bijaypandey/cuig_pilot/seq_pilot/eval_seed29/MAB/images/bicycle_paraphrase_0_seed303.jpg,a48e68f5cdb1b488,0.8025,1,1,1,13,horse,0.9972
29,ConAbl,MAB,MA,bicycle,bicycle_paraphrase_0,paraphrase,0,404,/data/bijaypandey/cuig_pilot/seq_pilot/eval_seed29/MAB/images/bicycle_paraphrase_0_seed404.jpg,6c3be6503ca9c21e,0.9937,1,1,1,6,person,0.9995
29,ConAbl,MAB,MA,bicycle,bicycle_paraphrase_1,paraphrase,1,101,/data/bijaypandey/cuig_pilot/seq_pilot/eval_seed29/MAB/images/bicycle_paraphrase_1_seed101.jpg,92d7220e624a27b7,0.9979,1,1,1,8,bicycle,0.9979
29,ConAbl,MAB,MA,bicycle,bicycle_paraphrase_1,paraphrase,1,202,/data/bijaypandey/cuig_pilot/seq_pilot/eval_seed29/MAB/images/bicycle_paraphrase_1_seed202.jpg,1f0c2e867dc53640,0.9972,1,1,1,7,bicycle,0.9972
29,ConAbl,MAB,MA,bicycle,bicycle_paraphrase_1,paraphrase,1,303,/data/bijaypandey/cuig_pilot/seq_pilot/eval_seed29/MAB/images/bicycle_paraphrase_1_seed303.jpg,6bd38ec99ad54e1d,0.9950,1,1,1,9,bicycle,0.9950
29,ConAbl,MAB,MA,bicycle,bicycle_paraphrase_1,paraphrase,1,404,/data/bijaypandey/cuig_pilot/seq_pilot/eval_seed29/MAB/images/bicycle_paraphrase_1_seed404.jpg,9776c87b3cc71346,0.9978,1,1,1,12,bicycle,0.9978
29,ConAbl,MAB,MA,bicycle,bicycle_paraphrase_2,paraphrase,2,101,/data/bijaypandey/cuig_pilot/seq_pilot/eval_seed29/MAB/images/bicycle_paraphrase_2_seed101.jpg,edc421f342b542a0,0.9922,1,1,1,14,person,0.9998
29,ConAbl,MAB,MA,bicycle,bicycle_paraphrase_2,paraphrase,2,202,/data/bijaypandey/cuig_pilot/seq_pilot/eval_seed29/MAB/images/bicycle_paraphrase_2_seed202.jpg,e68e269c4441a916,0.9898,1,1,1,10,person,0.9996
29,ConAbl,MAB,MA,bicycle,bicycle_paraphrase_2,paraphrase,2,303,/data/bijaypandey/cuig_pilot/seq_pilot/eval_seed29/MAB/images/bicycle_paraphrase_2_seed303.jpg,a3bd1f098c326eb0,0.9821,1,1,1,2,bicycle,0.9821
29,ConAbl,MAB,MA,bicycle,bicycle_paraphrase_2,paraphrase,2,404,/data/bijaypandey/cuig_pilot/seq_pilot/eval_seed29/MAB/images/bicycle_paraphrase_2_seed404.jpg,9f26d09fa379fa1a,0.9947,1,1,1,4,bicycle,0.9947
29,ConAbl,MAB,MA,bicycle,bicycle_paraphrase_3,paraphrase,3,101,/data/bijaypandey/cuig_pilot/seq_pilot/eval_seed29/MAB/images/bicycle_paraphrase_3_seed101.jpg,5909d5924a088a31,0.9670,1,1,1,11,horse,0.9755
29,ConAbl,MAB,MA,bicycle,bicycle_paraphrase_3,paraphrase,3,202,/data/bijaypandey/cuig_pilot/seq_pilot/eval_seed29/MAB/images/bicycle_paraphrase_3_seed202.jpg,2ae1115b640d05a7,0.9965,1,1,1,11,bicycle,0.9965
29,ConAbl,MAB,MA,bicycle,bicycle_paraphrase_3,paraphrase,3,303,/data/bijaypandey/cuig_pilot/seq_pilot/eval_seed29/MAB/images/bicycle_paraphrase_3_seed303.jpg,4c5bda0102f8a83f,0.9373,1,1,1,11,horse,0.9867
29,ConAbl,MAB,MA,bicycle,bicycle_paraphrase_3,paraphrase,3,404,/data/bijaypandey/cuig_pilot/seq_pilot/eval_seed29/MAB/images/bicycle_paraphrase_3_seed404.jpg,6e84228535eb898b,0.9983,1,1,1,30,bicycle,0.9983
29,ConAbl,MAB,MA,bicycle,bicycle_paraphrase_4,paraphrase,4,101,/data/bijaypandey/cuig_pilot/seq_pilot/eval_seed29/MAB/images/bicycle_paraphrase_4_seed101.jpg,042ff2b84efe6ad7,0.9828,1,1,1,10,bicycle,0.9828
29,ConAbl,MAB,MA,bicycle,bicycle_paraphrase_4,paraphrase,4,202,/data/bijaypandey/cuig_pilot/seq_pilot/eval_seed29/MAB/images/bicycle_paraphrase_4_seed202.jpg,482255927375e89c,0.0000,0,0,0,13,umbrella,0.4203
29,ConAbl,MAB,MA,bicycle,bicycle_paraphrase_4,paraphrase,4,303,/data/bijaypandey/cuig_pilot/seq_pilot/eval_seed29/MAB/images/bicycle_paraphrase_4_seed303.jpg,e6171df3eec2e5aa,0.4783,1,0,0,5,bicycle,0.4783
29,ConAbl,MAB,MA,bicycle,bicycle_paraphrase_4,paraphrase,4,404,/data/bijaypandey/cuig_pilot/seq_pilot/eval_seed29/MAB/images/bicycle_paraphrase_4_seed404.jpg,c8f91c0cdbd0c3a7,0.6877,1,1,0,12,horse,0.8162
29,ConAbl,MAC,MA,cat,cat_literal_0,literal,0,101,/data/bijaypandey/cuig_pilot/seq_pilot/eval_seed29/MAC/images/cat_literal_0_seed101.jpg,689917ce42ee9116,0.0000,0,0,0,1,horse,0.9901
29,ConAbl,MAC,MA,cat,cat_literal_0,literal,0,202,/data/bijaypandey/cuig_pilot/seq_pilot/eval_seed29/MAC/images/cat_literal_0_seed202.jpg,9d7b635978bb3f11,0.0564,0,0,0,11,horse,0.9500
29,ConAbl,MAC,MA,cat,cat_literal_0,literal,0,303,/data/bijaypandey/cuig_pilot/seq_pilot/eval_seed29/MAC/images/cat_literal_0_seed303.jpg,6e8b16071ad99f4b,0.0000,0,0,0,1,horse,0.9994
29,ConAbl,MAC,MA,cat,cat_literal_0,literal,0,404,/data/bijaypandey/cuig_pilot/seq_pilot/eval_seed29/MAC/images/cat_literal_0_seed404.jpg,e771e4be57184c0f,0.0000,0,0,0,1,bench,0.6731
29,ConAbl,MAC,MA,cat,cat_literal_1,literal,1,101,/data/bijaypandey/cuig_pilot/seq_pilot/eval_seed29/MAC/images/cat_literal_1_seed101.jpg,1ed1d0b7a4fffbd8,0.0000,0,0,0,3,horse,0.9761
29,ConAbl,MAC,MA,cat,cat_literal_1,literal,1,202,/data/bijaypandey/cuig_pilot/seq_pilot/eval_seed29/MAC/images/cat_literal_1_seed202.jpg,b457f2c3f85e8e6a,0.0000,0,0,0,3,horse,0.9503
29,ConAbl,MAC,MA,cat,cat_literal_1,literal,1,303,/data/bijaypandey/cuig_pilot/seq_pilot/eval_seed29/MAC/images/cat_literal_1_seed303.jpg,ac12dab3e122eb73,0.7204,1,1,1,20,dog,0.8448
29,ConAbl,MAC,MA,cat,cat_literal_1,literal,1,404,/data/bijaypandey/cuig_pilot/seq_pilot/eval_seed29/MAC/images/cat_literal_1_seed404.jpg,6f15f13004c798b0,0.0000,0,0,0,6,horse,0.9352
29,ConAbl,MAC,MA,cat,cat_literal_2,literal,2,101,/data/bijaypandey/cuig_pilot/seq_pilot/eval_seed29/MAC/images/cat_literal_2_seed101.jpg,ac05f78bfed0603e,0.4645,1,0,0,4,horse,0.7289
29,ConAbl,MAC,MA,cat,cat_literal_2,literal,2,202,/data/bijaypandey/cuig_pilot/seq_pilot/eval_seed29/MAC/images/cat_literal_2_seed202.jpg,89afc1d2055e356b,0.0000,0,0,0,6,horse,0.8770
29,ConAbl,MAC,MA,cat,cat_literal_2,literal,2,303,/data/bijaypandey/cuig_pilot/seq_pilot/eval_seed29/MAC/images/cat_literal_2_seed303.jpg,1c5570728fffc180,0.0000,0,0,0,11,horse,0.9817
29,ConAbl,MAC,MA,cat,cat_literal_2,literal,2,404,/data/bijaypandey/cuig_pilot/seq_pilot/eval_seed29/MAC/images/cat_literal_2_seed404.jpg,3225b087a3258a72,0.0000,0,0,0,4,horse,0.9861
29,ConAbl,MAC,MA,cat,cat_literal_3,literal,3,101,/data/bijaypandey/cuig_pilot/seq_pilot/eval_seed29/MAC/images/cat_literal_3_seed101.jpg,6dfc055a1b5e70d7,0.8970,1,1,1,18,cat,0.8970
29,ConAbl,MAC,MA,cat,cat_literal_3,literal,3,202,/data/bijaypandey/cuig_pilot/seq_pilot/eval_seed29/MAC/images/cat_literal_3_seed202.jpg,9acb953a9e6cf4e1,0.0000,0,0,0,11,dog,0.8603
29,ConAbl,MAC,MA,cat,cat_literal_3,literal,3,303,/data/bijaypandey/cuig_pilot/seq_pilot/eval_seed29/MAC/images/cat_literal_3_seed303.jpg,332024d0f5ea2c5d,0.9797,1,1,1,11,cat,0.9797
29,ConAbl,MAC,MA,cat,cat_literal_3,literal,3,404,/data/bijaypandey/cuig_pilot/seq_pilot/eval_seed29/MAC/images/cat_literal_3_seed404.jpg,0910d7c9dfff417d,0.0000,0,0,0,17,horse,0.8935
29,ConAbl,MAC,MA,cat,cat_literal_4,literal,4,101,/data/bijaypandey/cuig_pilot/seq_pilot/eval_seed29/MAC/images/cat_literal_4_seed101.jpg,7a5a8fa907920135,0.0000,0,0,0,4,horse,0.9991
29,ConAbl,MAC,MA,cat,cat_literal_4,literal,4,202,/data/bijaypandey/cuig_pilot/seq_pilot/eval_seed29/MAC/images/cat_literal_4_seed202.jpg,1c109dfb42c9c28f,0.0000,0,0,0,2,horse,0.9982
29,ConAbl,MAC,MA,cat,cat_literal_4,literal,4,303,/data/bijaypandey/cuig_pilot/seq_pilot/eval_seed29/MAC/images/cat_literal_4_seed303.jpg,da2c65cc140a0a61,0.0000,0,0,0,2,horse,0.9947
29,ConAbl,MAC,MA,cat,cat_literal_4,literal,4,404,/data/bijaypandey/cuig_pilot/seq_pilot/eval_seed29/MAC/images/cat_literal_4_seed404.jpg,d5b82a9ab7ad3cd3,0.0000,0,0,0,1,horse,0.9995
29,ConAbl,MAC,MA,cat,cat_paraphrase_0,paraphrase,0,101,/data/bijaypandey/cuig_pilot/seq_pilot/eval_seed29/MAC/images/cat_paraphrase_0_seed101.jpg,53d50734f807a13b,0.0000,0,0,0,3,horse,0.9963
29,ConAbl,MAC,MA,cat,cat_paraphrase_0,paraphrase,0,202,/data/bijaypandey/cuig_pilot/seq_pilot/eval_seed29/MAC/images/cat_paraphrase_0_seed202.jpg,ae391815c1637237,0.0000,0,0,0,4,horse,0.9866
29,ConAbl,MAC,MA,cat,cat_paraphrase_0,paraphrase,0,303,/data/bijaypandey/cuig_pilot/seq_pilot/eval_seed29/MAC/images/cat_paraphrase_0_seed303.jpg,c569b86f0a17c99f,0.0000,0,0,0,6,horse,0.9982
29,ConAbl,MAC,MA,cat,cat_paraphrase_0,paraphrase,0,404,/data/bijaypandey/cuig_pilot/seq_pilot/eval_seed29/MAC/images/cat_paraphrase_0_seed404.jpg,2d03605577121620,0.0000,0,0,0,3,horse,0.9814
29,ConAbl,MAC,MA,cat,cat_paraphrase_1,paraphrase,1,101,/data/bijaypandey/cuig_pilot/seq_pilot/eval_seed29/MAC/images/cat_paraphrase_1_seed101.jpg,8fb2bb36d864ca8f,0.3963,1,0,0,5,horse,0.6039
29,ConAbl,MAC,MA,cat,cat_paraphrase_1,paraphrase,1,202,/data/bijaypandey/cuig_pilot/seq_pilot/eval_seed29/MAC/images/cat_paraphrase_1_seed202.jpg,13390f3a4afd0334,0.9627,1,1,1,7,cat,0.9627
29,ConAbl,MAC,MA,cat,cat_paraphrase_1,paraphrase,1,303,/data/bijaypandey/cuig_pilot/seq_pilot/eval_seed29/MAC/images/cat_paraphrase_1_seed303.jpg,5f2a41485d39f84f,0.0000,0,0,0,4,horse,0.9911
29,ConAbl,MAC,MA,cat,cat_paraphrase_1,paraphrase,1,404,/data/bijaypandey/cuig_pilot/seq_pilot/eval_seed29/MAC/images/cat_paraphrase_1_seed404.jpg,d4cc56dff7616ef8,0.3549,1,0,0,4,horse,0.8582
29,ConAbl,MAC,MA,cat,cat_paraphrase_2,paraphrase,2,101,/data/bijaypandey/cuig_pilot/seq_pilot/eval_seed29/MAC/images/cat_paraphrase_2_seed101.jpg,a8da8a9e7d1b69fd,0.9970,1,1,1,9,cat,0.9970
29,ConAbl,MAC,MA,cat,cat_paraphrase_2,paraphrase,2,202,/data/bijaypandey/cuig_pilot/seq_pilot/eval_seed29/MAC/images/cat_paraphrase_2_seed202.jpg,7d76281cde945dc9,0.9916,1,1,1,15,cat,0.9916
29,ConAbl,MAC,MA,cat,cat_paraphrase_2,paraphrase,2,303,/data/bijaypandey/cuig_pilot/seq_pilot/eval_seed29/MAC/images/cat_paraphrase_2_seed303.jpg,4829a85483c6b911,0.2310,0,0,0,21,horse,0.9953
29,ConAbl,MAC,MA,cat,cat_paraphrase_2,paraphrase,2,404,/data/bijaypandey/cuig_pilot/seq_pilot/eval_seed29/MAC/images/cat_paraphrase_2_seed404.jpg,4bf7c8cb6d8c20d3,0.8937,1,1,1,6,cat,0.8937
29,ConAbl,MAC,MA,cat,cat_paraphrase_3,paraphrase,3,101,/data/bijaypandey/cuig_pilot/seq_pilot/eval_seed29/MAC/images/cat_paraphrase_3_seed101.jpg,b34c08320a1c7c67,0.0000,0,0,0,6,horse,0.9735
29,ConAbl,MAC,MA,cat,cat_paraphrase_3,paraphrase,3,202,/data/bijaypandey/cuig_pilot/seq_pilot/eval_seed29/MAC/images/cat_paraphrase_3_seed202.jpg,baccb7ac86e69f84,0.0000,0,0,0,1,horse,0.9943
29,ConAbl,MAC,MA,cat,cat_paraphrase_3,paraphrase,3,303,/data/bijaypandey/cuig_pilot/seq_pilot/eval_seed29/MAC/images/cat_paraphrase_3_seed303.jpg,ff035ecba205276f,0.0000,0,0,0,2,horse,0.9990
29,ConAbl,MAC,MA,cat,cat_paraphrase_3,paraphrase,3,404,/data/bijaypandey/cuig_pilot/seq_pilot/eval_seed29/MAC/images/cat_paraphrase_3_seed404.jpg,f330c1613e49f227,0.0000,0,0,0,2,horse,0.9985
29,ConAbl,MAC,MA,cat,cat_paraphrase_4,paraphrase,4,101,/data/bijaypandey/cuig_pilot/seq_pilot/eval_seed29/MAC/images/cat_paraphrase_4_seed101.jpg,0ade16017e01c749,0.7360,1,1,1,5,bench,0.8161
29,ConAbl,MAC,MA,cat,cat_paraphrase_4,paraphrase,4,202,/data/bijaypandey/cuig_pilot/seq_pilot/eval_seed29/MAC/images/cat_paraphrase_4_seed202.jpg,a27ff49d1be6fb96,0.0000,0,0,0,2,horse,0.9964
29,ConAbl,MAC,MA,cat,cat_paraphrase_4,paraphrase,4,303,/data/bijaypandey/cuig_pilot/seq_pilot/eval_seed29/MAC/images/cat_paraphrase_4_seed303.jpg,135d04c7f7c3dfce,0.0000,0,0,0,4,horse,0.9965
29,ConAbl,MAC,MA,cat,cat_paraphrase_4,paraphrase,4,404,/data/bijaypandey/cuig_pilot/seq_pilot/eval_seed29/MAC/images/cat_paraphrase_4_seed404.jpg,b815fd53e0b7fae2,0.0000,0,0,0,5,horse,0.9978
29,ConAbl,MAC,MA,dog,dog_literal_0,literal,0,101,/data/bijaypandey/cuig_pilot/seq_pilot/eval_seed29/MAC/images/dog_literal_0_seed101.jpg,56e8cf998e8d6e52,0.9994,1,1,1,1,dog,0.9994
29,ConAbl,MAC,MA,dog,dog_literal_0,literal,0,202,/data/bijaypandey/cuig_pilot/seq_pilot/eval_seed29/MAC/images/dog_literal_0_seed202.jpg,09c473f5664580ee,0.7896,1,1,1,2,person,0.8640
29,ConAbl,MAC,MA,dog,dog_literal_0,literal,0,303,/data/bijaypandey/cuig_pilot/seq_pilot/eval_seed29/MAC/images/dog_literal_0_seed303.jpg,ebdc60433230d93d,0.8972,1,1,1,3,dog,0.8972
29,ConAbl,MAC,MA,dog,dog_literal_0,literal,0,404,/data/bijaypandey/cuig_pilot/seq_pilot/eval_seed29/MAC/images/dog_literal_0_seed404.jpg,6425aa32dc0bbdf1,0.0000,0,0,0,12,bench,0.6611
29,ConAbl,MAC,MA,dog,dog_literal_1,literal,1,101,/data/bijaypandey/cuig_pilot/seq_pilot/eval_seed29/MAC/images/dog_literal_1_seed101.jpg,46f75f249960194a,0.9941,1,1,1,3,dog,0.9941
29,ConAbl,MAC,MA,dog,dog_literal_1,literal,1,202,/data/bijaypandey/cuig_pilot/seq_pilot/eval_seed29/MAC/images/dog_literal_1_seed202.jpg,a1a9e7fee2e02f35,0.9993,1,1,1,1,dog,0.9993
29,ConAbl,MAC,MA,dog,dog_literal_1,literal,1,303,/data/bijaypandey/cuig_pilot/seq_pilot/eval_seed29/MAC/images/dog_literal_1_seed303.jpg,a58fab6f45a743aa,0.9913,1,1,1,17,dog,0.9913
29,ConAbl,MAC,MA,dog,dog_literal_1,literal,1,404,/data/bijaypandey/cuig_pilot/seq_pilot/eval_seed29/MAC/images/dog_literal_1_seed404.jpg,bcde9f254cdd53bb,0.9983,1,1,1,19,dog,0.9983
29,ConAbl,MAC,MA,dog,dog_literal_2,literal,2,101,/data/bijaypandey/cuig_pilot/seq_pilot/eval_seed29/MAC/images/dog_literal_2_seed101.jpg,afce0359ea28dceb,0.5930,1,1,0,7,dog,0.5930
29,ConAbl,MAC,MA,dog,dog_literal_2,literal,2,202,/data/bijaypandey/cuig_pilot/seq_pilot/eval_seed29/MAC/images/dog_literal_2_seed202.jpg,a3a9d16585a766aa,0.9223,1,1,1,3,dog,0.9223
29,ConAbl,MAC,MA,dog,dog_literal_2,literal,2,303,/data/bijaypandey/cuig_pilot/seq_pilot/eval_seed29/MAC/images/dog_literal_2_seed303.jpg,340c15697463b332,0.9767,1,1,1,4,dog,0.9767
29,ConAbl,MAC,MA,dog,dog_literal_2,literal,2,404,/data/bijaypandey/cuig_pilot/seq_pilot/eval_seed29/MAC/images/dog_literal_2_seed404.jpg,6ceb6056fc3e6601,0.8446,1,1,1,7,dog,0.8446
29,ConAbl,MAC,MA,dog,dog_literal_3,literal,3,101,/data/bijaypandey/cuig_pilot/seq_pilot/eval_seed29/MAC/images/dog_literal_3_seed101.jpg,2e92ae0d9a24be6e,0.9989,1,1,1,3,dog,0.9989
29,ConAbl,MAC,MA,dog,dog_literal_3,literal,3,202,/data/bijaypandey/cuig_pilot/seq_pilot/eval_seed29/MAC/images/dog_literal_3_seed202.jpg,43c1ca708f1cd5ff,0.9994,1,1,1,3,dog,0.9994
29,ConAbl,MAC,MA,dog,dog_literal_3,literal,3,303,/data/bijaypandey/cuig_pilot/seq_pilot/eval_seed29/MAC/images/dog_literal_3_seed303.jpg,fd9e951483af960c,0.9995,1,1,1,3,dog,0.9995
29,ConAbl,MAC,MA,dog,dog_literal_3,literal,3,404,/data/bijaypandey/cuig_pilot/seq_pilot/eval_seed29/MAC/images/dog_literal_3_seed404.jpg,0351ae111540568b,0.9998,1,1,1,1,dog,0.9998
29,ConAbl,MAC,MA,dog,dog_literal_4,literal,4,101,/data/bijaypandey/cuig_pilot/seq_pilot/eval_seed29/MAC/images/dog_literal_4_seed101.jpg,63b4b5009c7697e8,0.9995,1,1,1,2,dog,0.9995
29,ConAbl,MAC,MA,dog,dog_literal_4,literal,4,202,/data/bijaypandey/cuig_pilot/seq_pilot/eval_seed29/MAC/images/dog_literal_4_seed202.jpg,5ad6a7858a5c2b96,0.9996,1,1,1,2,dog,0.9996
29,ConAbl,MAC,MA,dog,dog_literal_4,literal,4,303,/data/bijaypandey/cuig_pilot/seq_pilot/eval_seed29/MAC/images/dog_literal_4_seed303.jpg,c58e1ae7598e6eff,0.9996,1,1,1,3,dog,0.9996
29,ConAbl,MAC,MA,dog,dog_literal_4,literal,4,404,/data/bijaypandey/cuig_pilot/seq_pilot/eval_seed29/MAC/images/dog_literal_4_seed404.jpg,90b0332c1520df6a,0.9990,1,1,1,6,dog,0.9990
29,ConAbl,MAC,MA,dog,dog_paraphrase_0,paraphrase,0,101,/data/bijaypandey/cuig_pilot/seq_pilot/eval_seed29/MAC/images/dog_paraphrase_0_seed101.jpg,4610f1007e461fef,0.9941,1,1,1,4,dog,0.9941
29,ConAbl,MAC,MA,dog,dog_paraphrase_0,paraphrase,0,202,/data/bijaypandey/cuig_pilot/seq_pilot/eval_seed29/MAC/images/dog_paraphrase_0_seed202.jpg,2c27c7f04bd4beb6,0.9991,1,1,1,55,person,0.9995
29,ConAbl,MAC,MA,dog,dog_paraphrase_0,paraphrase,0,303,/data/bijaypandey/cuig_pilot/seq_pilot/eval_seed29/MAC/images/dog_paraphrase_0_seed303.jpg,8e7002281f2850c4,0.9996,1,1,1,7,dog,0.9996
29,ConAbl,MAC,MA,dog,dog_paraphrase_0,paraphrase,0,404,/data/bijaypandey/cuig_pilot/seq_pilot/eval_seed29/MAC/images/dog_paraphrase_0_seed404.jpg,9476d06fc9145720,0.9988,1,1,1,48,dog,0.9988
29,ConAbl,MAC,MA,dog,dog_paraphrase_1,paraphrase,1,101,/data/bijaypandey/cuig_pilot/seq_pilot/eval_seed29/MAC/images/dog_paraphrase_1_seed101.jpg,2ce2fc6e1bf5ff83,0.9981,1,1,1,7,dog,0.9981
29,ConAbl,MAC,MA,dog,dog_paraphrase_1,paraphrase,1,202,/data/bijaypandey/cuig_pilot/seq_pilot/eval_seed29/MAC/images/dog_paraphrase_1_seed202.jpg,24c6408ce357f4f7,0.9984,1,1,1,4,dog,0.9984
29,ConAbl,MAC,MA,dog,dog_paraphrase_1,paraphrase,1,303,/data/bijaypandey/cuig_pilot/seq_pilot/eval_seed29/MAC/images/dog_paraphrase_1_seed303.jpg,e2210c20ff4a94ef,0.6158,1,1,0,16,person,0.9995
29,ConAbl,MAC,MA,dog,dog_paraphrase_1,paraphrase,1,404,/data/bijaypandey/cuig_pilot/seq_pilot/eval_seed29/MAC/images/dog_paraphrase_1_seed404.jpg,41ffa015345c26e4,0.9859,1,1,1,7,person,0.9998
29,ConAbl,MAC,MA,dog,dog_paraphrase_2,paraphrase,2,101,/data/bijaypandey/cuig_pilot/seq_pilot/eval_seed29/MAC/images/dog_paraphrase_2_seed101.jpg,a381b314b55994c5,0.9933,1,1,1,6,dog,0.9933
29,ConAbl,MAC,MA,dog,dog_paraphrase_2,paraphrase,2,202,/data/bijaypandey/cuig_pilot/seq_pilot/eval_seed29/MAC/images/dog_paraphrase_2_seed202.jpg,328901456a3fd449,0.9990,1,1,1,2,dog,0.9990
29,ConAbl,MAC,MA,dog,dog_paraphrase_2,paraphrase,2,303,/data/bijaypandey/cuig_pilot/seq_pilot/eval_seed29/MAC/images/dog_paraphrase_2_seed303.jpg,d3984a0565e09827,0.9992,1,1,1,3,dog,0.9992
29,ConAbl,MAC,MA,dog,dog_paraphrase_2,paraphrase,2,404,/data/bijaypandey/cuig_pilot/seq_pilot/eval_seed29/MAC/images/dog_paraphrase_2_seed404.jpg,f75a995656ef06e6,0.9954,1,1,1,2,dog,0.9954
29,ConAbl,MAC,MA,dog,dog_paraphrase_3,paraphrase,3,101,/data/bijaypandey/cuig_pilot/seq_pilot/eval_seed29/MAC/images/dog_paraphrase_3_seed101.jpg,e0553777995e96a9,0.9785,1,1,1,1,dog,0.9785
29,ConAbl,MAC,MA,dog,dog_paraphrase_3,paraphrase,3,202,/data/bijaypandey/cuig_pilot/seq_pilot/eval_seed29/MAC/images/dog_paraphrase_3_seed202.jpg,cbba330406e16072,0.9870,1,1,1,3,dog,0.9870
29,ConAbl,MAC,MA,dog,dog_paraphrase_3,paraphrase,3,303,/data/bijaypandey/cuig_pilot/seq_pilot/eval_seed29/MAC/images/dog_paraphrase_3_seed303.jpg,f85dc0399e9b0ca9,0.9775,1,1,1,3,dog,0.9775
29,ConAbl,MAC,MA,dog,dog_paraphrase_3,paraphrase,3,404,/data/bijaypandey/cuig_pilot/seq_pilot/eval_seed29/MAC/images/dog_paraphrase_3_seed404.jpg,a490b3d8501dbe6a,0.9980,1,1,1,3,dog,0.9980
29,ConAbl,MAC,MA,dog,dog_paraphrase_4,paraphrase,4,101,/data/bijaypandey/cuig_pilot/seq_pilot/eval_seed29/MAC/images/dog_paraphrase_4_seed101.jpg,87351f8b58edbfaa,0.7700,1,1,1,8,person,0.9812
29,ConAbl,MAC,MA,dog,dog_paraphrase_4,paraphrase,4,202,/data/bijaypandey/cuig_pilot/seq_pilot/eval_seed29/MAC/images/dog_paraphrase_4_seed202.jpg,d76b3dc647cbf3db,0.9163,1,1,1,2,dog,0.9163
29,ConAbl,MAC,MA,dog,dog_paraphrase_4,paraphrase,4,303,/data/bijaypandey/cuig_pilot/seq_pilot/eval_seed29/MAC/images/dog_paraphrase_4_seed303.jpg,46505054b5b52c44,0.9919,1,1,1,3,dog,0.9919
29,ConAbl,MAC,MA,dog,dog_paraphrase_4,paraphrase,4,404,/data/bijaypandey/cuig_pilot/seq_pilot/eval_seed29/MAC/images/dog_paraphrase_4_seed404.jpg,ec6ca17d836cd962,0.9992,1,1,1,2,dog,0.9992
29,ConAbl,MAC,MA,sandwich,sandwich_literal_0,literal,0,101,/data/bijaypandey/cuig_pilot/seq_pilot/eval_seed29/MAC/images/sandwich_literal_0_seed101.jpg,f036fe5d7f7e0cdf,0.9916,1,1,1,5,sandwich,0.9916
29,ConAbl,MAC,MA,sandwich,sandwich_literal_0,literal,0,202,/data/bijaypandey/cuig_pilot/seq_pilot/eval_seed29/MAC/images/sandwich_literal_0_seed202.jpg,1b44d4dbb280f82c,0.4671,1,0,0,7,cake,0.9249
29,ConAbl,MAC,MA,sandwich,sandwich_literal_0,literal,0,303,/data/bijaypandey/cuig_pilot/seq_pilot/eval_seed29/MAC/images/sandwich_literal_0_seed303.jpg,5c1741d49c602f2e,0.0000,0,0,0,6,dining table,0.8541
29,ConAbl,MAC,MA,sandwich,sandwich_literal_0,literal,0,404,/data/bijaypandey/cuig_pilot/seq_pilot/eval_seed29/MAC/images/sandwich_literal_0_seed404.jpg,31f3c1204fc5d35a,0.0000,0,0,0,9,dining table,0.7451
29,ConAbl,MAC,MA,sandwich,sandwich_literal_1,literal,1,101,/data/bijaypandey/cuig_pilot/seq_pilot/eval_seed29/MAC/images/sandwich_literal_1_seed101.jpg,19f347ce47c5f242,0.9860,1,1,1,11,dining table,0.9943
29,ConAbl,MAC,MA,sandwich,sandwich_literal_1,literal,1,202,/data/bijaypandey/cuig_pilot/seq_pilot/eval_seed29/MAC/images/sandwich_literal_1_seed202.jpg,c2b5c72af1b5acd5,0.0000,0,0,0,15,dining table,0.9211
29,ConAbl,MAC,MA,sandwich,sandwich_literal_1,literal,1,303,/data/bijaypandey/cuig_pilot/seq_pilot/eval_seed29/MAC/images/sandwich_literal_1_seed303.jpg,cde404594f45d4be,0.0000,0,0,0,24,dining table,0.8842
29,ConAbl,MAC,MA,sandwich,sandwich_literal_1,literal,1,404,/data/bijaypandey/cuig_pilot/seq_pilot/eval_seed29/MAC/images/sandwich_literal_1_seed404.jpg,04f0609521a3d167,0.8828,1,1,1,14,dining table,0.9451
29,ConAbl,MAC,MA,sandwich,sandwich_literal_2,literal,2,101,/data/bijaypandey/cuig_pilot/seq_pilot/eval_seed29/MAC/images/sandwich_literal_2_seed101.jpg,be20f53b5aa1fd77,0.0000,0,0,0,9,tie,0.3701
29,ConAbl,MAC,MA,sandwich,sandwich_literal_2,literal,2,202,/data/bijaypandey/cuig_pilot/seq_pilot/eval_seed29/MAC/images/sandwich_literal_2_seed202.jpg,ceb3b0781016cf26,0.0000,0,0,0,13,tie,0.3339
29,ConAbl,MAC,MA,sandwich,sandwich_literal_2,literal,2,303,/data/bijaypandey/cuig_pilot/seq_pilot/eval_seed29/MAC/images/sandwich_literal_2_seed303.jpg,426da94f8e46f152,0.0000,0,0,0,11,person,0.7770
29,ConAbl,MAC,MA,sandwich,sandwich_literal_2,literal,2,404,/data/bijaypandey/cuig_pilot/seq_pilot/eval_seed29/MAC/images/sandwich_literal_2_seed404.jpg,307f0180ce322d27,0.0000,0,0,0,4,bed,0.2812
29,ConAbl,MAC,MA,sandwich,sandwich_literal_3,literal,3,101,/data/bijaypandey/cuig_pilot/seq_pilot/eval_seed29/MAC/images/sandwich_literal_3_seed101.jpg,cf423b2a46d06252,0.0000,0,0,0,6,cup,0.8930
29,ConAbl,MAC,MA,sandwich,sandwich_literal_3,literal,3,202,/data/bijaypandey/cuig_pilot/seq_pilot/eval_seed29/MAC/images/sandwich_literal_3_seed202.jpg,478a3210b19028cd,0.9023,1,1,1,11,sandwich,0.9023
29,ConAbl,MAC,MA,sandwich,sandwich_literal_3,literal,3,303,/data/bijaypandey/cuig_pilot/seq_pilot/eval_seed29/MAC/images/sandwich_literal_3_seed303.jpg,04d29b430694d07a,0.0000,0,0,0,16,cup,0.9581
29,ConAbl,MAC,MA,sandwich,sandwich_literal_3,literal,3,404,/data/bijaypandey/cuig_pilot/seq_pilot/eval_seed29/MAC/images/sandwich_literal_3_seed404.jpg,e6a57db60f21785b,0.0000,0,0,0,11,cup,0.9884
29,ConAbl,MAC,MA,sandwich,sandwich_literal_4,literal,4,101,/data/bijaypandey/cuig_pilot/seq_pilot/eval_seed29/MAC/images/sandwich_literal_4_seed101.jpg,9e2a49d015e9ee56,0.9331,1,1,1,5,dining table,0.9378
29,ConAbl,MAC,MA,sandwich,sandwich_literal_4,literal,4,202,/data/bijaypandey/cuig_pilot/seq_pilot/eval_seed29/MAC/images/sandwich_literal_4_seed202.jpg,b00061327b1bd6e1,0.0000,0,0,0,11,cake,0.4106
29,ConAbl,MAC,MA,sandwich,sandwich_literal_4,literal,4,303,/data/bijaypandey/cuig_pilot/seq_pilot/eval_seed29/MAC/images/sandwich_literal_4_seed303.jpg,53eddf8926b103ad,0.1231,0,0,0,10,hot dog,0.7147
29,ConAbl,MAC,MA,sandwich,sandwich_literal_4,literal,4,404,/data/bijaypandey/cuig_pilot/seq_pilot/eval_seed29/MAC/images/sandwich_literal_4_seed404.jpg,039d304570e99e9f,0.0000,0,0,0,6,bed,0.7524
29,ConAbl,MAC,MA,sandwich,sandwich_paraphrase_0,paraphrase,0,101,/data/bijaypandey/cuig_pilot/seq_pilot/eval_seed29/MAC/images/sandwich_paraphrase_0_seed101.jpg,9027cbfd5055e166,0.0921,0,0,0,8,cake,0.8036
29,ConAbl,MAC,MA,sandwich,sandwich_paraphrase_0,paraphrase,0,202,/data/bijaypandey/cuig_pilot/seq_pilot/eval_seed29/MAC/images/sandwich_paraphrase_0_seed202.jpg,11390dfe949b8cc3,0.8843,1,1,1,5,dining table,0.8958
29,ConAbl,MAC,MA,sandwich,sandwich_paraphrase_0,paraphrase,0,303,/data/bijaypandey/cuig_pilot/seq_pilot/eval_seed29/MAC/images/sandwich_paraphrase_0_seed303.jpg,2d4b3fecd0ace535,0.0000,0,0,0,16,bowl,0.8779
29,ConAbl,MAC,MA,sandwich,sandwich_paraphrase_0,paraphrase,0,404,/data/bijaypandey/cuig_pilot/seq_pilot/eval_seed29/MAC/images/sandwich_paraphrase_0_seed404.jpg,d735c3ee581ed63b,0.5521,1,1,0,10,sandwich,0.5521
29,ConAbl,MAC,MA,sandwich,sandwich_paraphrase_1,paraphrase,1,101,/data/bijaypandey/cuig_pilot/seq_pilot/eval_seed29/MAC/images/sandwich_paraphrase_1_seed101.jpg,886938c4db902d69,0.4055,1,0,0,11,bowl,0.8303
29,ConAbl,MAC,MA,sandwich,sandwich_paraphrase_1,paraphrase,1,202,/data/bijaypandey/cuig_pilot/seq_pilot/eval_seed29/MAC/images/sandwich_paraphrase_1_seed202.jpg,824d78d8bf2c38f8,0.0000,0,0,0,25,bottle,0.3359
29,ConAbl,MAC,MA,sandwich,sandwich_paraphrase_1,paraphrase,1,303,/data/bijaypandey/cuig_pilot/seq_pilot/eval_seed29/MAC/images/sandwich_paraphrase_1_seed303.jpg,561106bffd0a4ffa,0.9159,1,1,1,15,sandwich,0.9159
29,ConAbl,MAC,MA,sandwich,sandwich_paraphrase_1,paraphrase,1,404,/data/bijaypandey/cuig_pilot/seq_pilot/eval_seed29/MAC/images/sandwich_paraphrase_1_seed404.jpg,b759744511091ad6,0.3369,1,0,0,15,frisbee,0.8514
29,ConAbl,MAC,MA,sandwich,sandwich_paraphrase_2,paraphrase,2,101,/data/bijaypandey/cuig_pilot/seq_pilot/eval_seed29/MAC/images/sandwich_paraphrase_2_seed101.jpg,a2a38f2d44a1b6ec,0.1569,0,0,0,9,vase,0.5366
29,ConAbl,MAC,MA,sandwich,sandwich_paraphrase_2,paraphrase,2,202,/data/bijaypandey/cuig_pilot/seq_pilot/eval_seed29/MAC/images/sandwich_paraphrase_2_seed202.jpg,f5562e933e4e187c,0.0000,0,0,0,15,bowl,0.8723
29,ConAbl,MAC,MA,sandwich,sandwich_paraphrase_2,paraphrase,2,303,/data/bijaypandey/cuig_pilot/seq_pilot/eval_seed29/MAC/images/sandwich_paraphrase_2_seed303.jpg,43ac471120ce8ea6,0.2521,0,0,0,15,dining table,0.5480
29,ConAbl,MAC,MA,sandwich,sandwich_paraphrase_2,paraphrase,2,404,/data/bijaypandey/cuig_pilot/seq_pilot/eval_seed29/MAC/images/sandwich_paraphrase_2_seed404.jpg,47900a71c69b6c47,0.9625,1,1,1,10,sandwich,0.9625
29,ConAbl,MAC,MA,sandwich,sandwich_paraphrase_3,paraphrase,3,101,/data/bijaypandey/cuig_pilot/seq_pilot/eval_seed29/MAC/images/sandwich_paraphrase_3_seed101.jpg,e3af87b6c6668a36,0.5185,1,1,0,8,donut,0.6491
29,ConAbl,MAC,MA,sandwich,sandwich_paraphrase_3,paraphrase,3,202,/data/bijaypandey/cuig_pilot/seq_pilot/eval_seed29/MAC/images/sandwich_paraphrase_3_seed202.jpg,c4bdb09514e30f32,0.8734,1,1,1,13,dining table,0.9353
29,ConAbl,MAC,MA,sandwich,sandwich_paraphrase_3,paraphrase,3,303,/data/bijaypandey/cuig_pilot/seq_pilot/eval_seed29/MAC/images/sandwich_paraphrase_3_seed303.jpg,0ea6c261f44e99b3,0.0602,0,0,0,5,dining table,0.9215
29,ConAbl,MAC,MA,sandwich,sandwich_paraphrase_3,paraphrase,3,404,/data/bijaypandey/cuig_pilot/seq_pilot/eval_seed29/MAC/images/sandwich_paraphrase_3_seed404.jpg,6aa02396123e2c07,0.9009,1,1,1,9,sandwich,0.9009
29,ConAbl,MAC,MA,sandwich,sandwich_paraphrase_4,paraphrase,4,101,/data/bijaypandey/cuig_pilot/seq_pilot/eval_seed29/MAC/images/sandwich_paraphrase_4_seed101.jpg,5080a59ca57293b0,0.9640,1,1,1,16,sandwich,0.9640
29,ConAbl,MAC,MA,sandwich,sandwich_paraphrase_4,paraphrase,4,202,/data/bijaypandey/cuig_pilot/seq_pilot/eval_seed29/MAC/images/sandwich_paraphrase_4_seed202.jpg,6aebcc73545692de,0.0617,0,0,0,12,apple,0.5352
29,ConAbl,MAC,MA,sandwich,sandwich_paraphrase_4,paraphrase,4,303,/data/bijaypandey/cuig_pilot/seq_pilot/eval_seed29/MAC/images/sandwich_paraphrase_4_seed303.jpg,129d5e6b93b6f80c,0.0000,0,0,0,21,dining table,0.6419
29,ConAbl,MAC,MA,sandwich,sandwich_paraphrase_4,paraphrase,4,404,/data/bijaypandey/cuig_pilot/seq_pilot/eval_seed29/MAC/images/sandwich_paraphrase_4_seed404.jpg,12159536918f6ee2,0.9324,1,1,1,8,sandwich,0.9324
29,ConAbl,MAC,MA,horse,horse_literal_0,literal,0,101,/data/bijaypandey/cuig_pilot/seq_pilot/eval_seed29/MAC/images/horse_literal_0_seed101.jpg,265d7740df1399a8,0.9996,1,1,1,1,horse,0.9996
29,ConAbl,MAC,MA,horse,horse_literal_0,literal,0,202,/data/bijaypandey/cuig_pilot/seq_pilot/eval_seed29/MAC/images/horse_literal_0_seed202.jpg,9a626c820160e560,0.9997,1,1,1,3,horse,0.9997
29,ConAbl,MAC,MA,horse,horse_literal_0,literal,0,303,/data/bijaypandey/cuig_pilot/seq_pilot/eval_seed29/MAC/images/horse_literal_0_seed303.jpg,2fb2258c789ac2d2,0.9995,1,1,1,1,horse,0.9995
29,ConAbl,MAC,MA,horse,horse_literal_0,literal,0,404,/data/bijaypandey/cuig_pilot/seq_pilot/eval_seed29/MAC/images/horse_literal_0_seed404.jpg,3f1a43d416b71323,0.9964,1,1,1,3,horse,0.9964
29,ConAbl,MAC,MA,horse,horse_literal_1,literal,1,101,/data/bijaypandey/cuig_pilot/seq_pilot/eval_seed29/MAC/images/horse_literal_1_seed101.jpg,a20da0aa357fc6db,0.9996,1,1,1,4,horse,0.9996
29,ConAbl,MAC,MA,horse,horse_literal_1,literal,1,202,/data/bijaypandey/cuig_pilot/seq_pilot/eval_seed29/MAC/images/horse_literal_1_seed202.jpg,8fc045d7e3db507c,0.9992,1,1,1,5,horse,0.9992
29,ConAbl,MAC,MA,horse,horse_literal_1,literal,1,303,/data/bijaypandey/cuig_pilot/seq_pilot/eval_seed29/MAC/images/horse_literal_1_seed303.jpg,6deb13f44e83e4eb,0.9069,1,1,1,3,horse,0.9069
29,ConAbl,MAC,MA,horse,horse_literal_1,literal,1,404,/data/bijaypandey/cuig_pilot/seq_pilot/eval_seed29/MAC/images/horse_literal_1_seed404.jpg,a9efae8dbea2116d,0.9991,1,1,1,10,horse,0.9991
29,ConAbl,MAC,MA,horse,horse_literal_2,literal,2,101,/data/bijaypandey/cuig_pilot/seq_pilot/eval_seed29/MAC/images/horse_literal_2_seed101.jpg,79ffabd35cf37441,0.9887,1,1,1,4,horse,0.9887
29,ConAbl,MAC,MA,horse,horse_literal_2,literal,2,202,/data/bijaypandey/cuig_pilot/seq_pilot/eval_seed29/MAC/images/horse_literal_2_seed202.jpg,306eed37fb1327b1,0.9417,1,1,1,8,horse,0.9417
29,ConAbl,MAC,MA,horse,horse_literal_2,literal,2,303,/data/bijaypandey/cuig_pilot/seq_pilot/eval_seed29/MAC/images/horse_literal_2_seed303.jpg,c82c575590069322,0.9932,1,1,1,6,horse,0.9932
29,ConAbl,MAC,MA,horse,horse_literal_2,literal,2,404,/data/bijaypandey/cuig_pilot/seq_pilot/eval_seed29/MAC/images/horse_literal_2_seed404.jpg,966e4fa86c4b091a,0.9914,1,1,1,3,horse,0.9914
29,ConAbl,MAC,MA,horse,horse_literal_3,literal,3,101,/data/bijaypandey/cuig_pilot/seq_pilot/eval_seed29/MAC/images/horse_literal_3_seed101.jpg,84e2b3e5f580e166,0.9994,1,1,1,3,horse,0.9994
29,ConAbl,MAC,MA,horse,horse_literal_3,literal,3,202,/data/bijaypandey/cuig_pilot/seq_pilot/eval_seed29/MAC/images/horse_literal_3_seed202.jpg,b3ac64eda6fd72c1,0.9998,1,1,1,1,horse,0.9998
29,ConAbl,MAC,MA,horse,horse_literal_3,literal,3,303,/data/bijaypandey/cuig_pilot/seq_pilot/eval_seed29/MAC/images/horse_literal_3_seed303.jpg,86d923b304750a50,0.9996,1,1,1,3,horse,0.9996
29,ConAbl,MAC,MA,horse,horse_literal_3,literal,3,404,/data/bijaypandey/cuig_pilot/seq_pilot/eval_seed29/MAC/images/horse_literal_3_seed404.jpg,912ab84556a2f40a,0.9997,1,1,1,4,horse,0.9997
29,ConAbl,MAC,MA,horse,horse_literal_4,literal,4,101,/data/bijaypandey/cuig_pilot/seq_pilot/eval_seed29/MAC/images/horse_literal_4_seed101.jpg,e1b6826e95f19bcc,0.9995,1,1,1,1,horse,0.9995
29,ConAbl,MAC,MA,horse,horse_literal_4,literal,4,202,/data/bijaypandey/cuig_pilot/seq_pilot/eval_seed29/MAC/images/horse_literal_4_seed202.jpg,ac99f216f32ee998,0.9999,1,1,1,1,horse,0.9999
29,ConAbl,MAC,MA,horse,horse_literal_4,literal,4,303,/data/bijaypandey/cuig_pilot/seq_pilot/eval_seed29/MAC/images/horse_literal_4_seed303.jpg,72884688e5246b8d,0.9968,1,1,1,1,horse,0.9968
29,ConAbl,MAC,MA,horse,horse_literal_4,literal,4,404,/data/bijaypandey/cuig_pilot/seq_pilot/eval_seed29/MAC/images/horse_literal_4_seed404.jpg,51737eb1ab6b46b9,0.9999,1,1,1,1,horse,0.9999
29,ConAbl,MAC,MA,horse,horse_paraphrase_0,paraphrase,0,101,/data/bijaypandey/cuig_pilot/seq_pilot/eval_seed29/MAC/images/horse_paraphrase_0_seed101.jpg,275ceab9c3db2df9,0.9994,1,1,1,1,horse,0.9994
29,ConAbl,MAC,MA,horse,horse_paraphrase_0,paraphrase,0,202,/data/bijaypandey/cuig_pilot/seq_pilot/eval_seed29/MAC/images/horse_paraphrase_0_seed202.jpg,fdb872e9cd2abd9c,0.9992,1,1,1,1,horse,0.9992
29,ConAbl,MAC,MA,horse,horse_paraphrase_0,paraphrase,0,303,/data/bijaypandey/cuig_pilot/seq_pilot/eval_seed29/MAC/images/horse_paraphrase_0_seed303.jpg,ce3c4e1c2002d1ad,0.9978,1,1,1,2,horse,0.9978
29,ConAbl,MAC,MA,horse,horse_paraphrase_0,paraphrase,0,404,/data/bijaypandey/cuig_pilot/seq_pilot/eval_seed29/MAC/images/horse_paraphrase_0_seed404.jpg,b591f789a874d2eb,0.9910,1,1,1,4,horse,0.9910
29,ConAbl,MAC,MA,horse,horse_paraphrase_1,paraphrase,1,101,/data/bijaypandey/cuig_pilot/seq_pilot/eval_seed29/MAC/images/horse_paraphrase_1_seed101.jpg,d161c427cbf0f8bf,0.9995,1,1,1,2,horse,0.9995
29,ConAbl,MAC,MA,horse,horse_paraphrase_1,paraphrase,1,202,/data/bijaypandey/cuig_pilot/seq_pilot/eval_seed29/MAC/images/horse_paraphrase_1_seed202.jpg,0c1d4521256ef9c0,0.9996,1,1,1,1,horse,0.9996
29,ConAbl,MAC,MA,horse,horse_paraphrase_1,paraphrase,1,303,/data/bijaypandey/cuig_pilot/seq_pilot/eval_seed29/MAC/images/horse_paraphrase_1_seed303.jpg,2025ecb0a6c5a2c1,0.9991,1,1,1,3,horse,0.9991
29,ConAbl,MAC,MA,horse,horse_paraphrase_1,paraphrase,1,404,/data/bijaypandey/cuig_pilot/seq_pilot/eval_seed29/MAC/images/horse_paraphrase_1_seed404.jpg,8889bed22b30620c,0.9996,1,1,1,2,horse,0.9996
29,ConAbl,MAC,MA,horse,horse_paraphrase_2,paraphrase,2,101,/data/bijaypandey/cuig_pilot/seq_pilot/eval_seed29/MAC/images/horse_paraphrase_2_seed101.jpg,ca90e79797091cec,0.9962,1,1,1,1,horse,0.9962
29,ConAbl,MAC,MA,horse,horse_paraphrase_2,paraphrase,2,202,/data/bijaypandey/cuig_pilot/seq_pilot/eval_seed29/MAC/images/horse_paraphrase_2_seed202.jpg,77039b5e3abd1f3f,0.9928,1,1,1,3,horse,0.9928
29,ConAbl,MAC,MA,horse,horse_paraphrase_2,paraphrase,2,303,/data/bijaypandey/cuig_pilot/seq_pilot/eval_seed29/MAC/images/horse_paraphrase_2_seed303.jpg,0acbd813dd248144,0.9993,1,1,1,1,horse,0.9993
29,ConAbl,MAC,MA,horse,horse_paraphrase_2,paraphrase,2,404,/data/bijaypandey/cuig_pilot/seq_pilot/eval_seed29/MAC/images/horse_paraphrase_2_seed404.jpg,ac627f8d54e9f918,0.9913,1,1,1,3,horse,0.9913
29,ConAbl,MAC,MA,horse,horse_paraphrase_3,paraphrase,3,101,/data/bijaypandey/cuig_pilot/seq_pilot/eval_seed29/MAC/images/horse_paraphrase_3_seed101.jpg,b11731c2d8fc44e4,0.9980,1,1,1,3,horse,0.9980
29,ConAbl,MAC,MA,horse,horse_paraphrase_3,paraphrase,3,202,/data/bijaypandey/cuig_pilot/seq_pilot/eval_seed29/MAC/images/horse_paraphrase_3_seed202.jpg,b51a9682b28352a3,0.9958,1,1,1,4,horse,0.9958
29,ConAbl,MAC,MA,horse,horse_paraphrase_3,paraphrase,3,303,/data/bijaypandey/cuig_pilot/seq_pilot/eval_seed29/MAC/images/horse_paraphrase_3_seed303.jpg,49b221c83818afe2,0.9997,1,1,1,7,horse,0.9997
29,ConAbl,MAC,MA,horse,horse_paraphrase_3,paraphrase,3,404,/data/bijaypandey/cuig_pilot/seq_pilot/eval_seed29/MAC/images/horse_paraphrase_3_seed404.jpg,67163ebf539c27b4,0.9960,1,1,1,8,horse,0.9960
29,ConAbl,MAC,MA,horse,horse_paraphrase_4,paraphrase,4,101,/data/bijaypandey/cuig_pilot/seq_pilot/eval_seed29/MAC/images/horse_paraphrase_4_seed101.jpg,e14a71eb795c3de1,0.9931,1,1,1,1,horse,0.9931
29,ConAbl,MAC,MA,horse,horse_paraphrase_4,paraphrase,4,202,/data/bijaypandey/cuig_pilot/seq_pilot/eval_seed29/MAC/images/horse_paraphrase_4_seed202.jpg,f4335d23fb52a157,0.9797,1,1,1,5,horse,0.9797
29,ConAbl,MAC,MA,horse,horse_paraphrase_4,paraphrase,4,303,/data/bijaypandey/cuig_pilot/seq_pilot/eval_seed29/MAC/images/horse_paraphrase_4_seed303.jpg,4d31703def1b5c15,0.9993,1,1,1,2,horse,0.9993
29,ConAbl,MAC,MA,horse,horse_paraphrase_4,paraphrase,4,404,/data/bijaypandey/cuig_pilot/seq_pilot/eval_seed29/MAC/images/horse_paraphrase_4_seed404.jpg,734219fa55df3dd7,0.9986,1,1,1,2,horse,0.9986
29,ConAbl,MAC,MA,bird,bird_literal_0,literal,0,101,/data/bijaypandey/cuig_pilot/seq_pilot/eval_seed29/MAC/images/bird_literal_0_seed101.jpg,63b5fa57201c1eba,0.9980,1,1,1,3,bird,0.9980
29,ConAbl,MAC,MA,bird,bird_literal_0,literal,0,202,/data/bijaypandey/cuig_pilot/seq_pilot/eval_seed29/MAC/images/bird_literal_0_seed202.jpg,2fe6bddbc1355e02,0.9975,1,1,1,1,bird,0.9975
29,ConAbl,MAC,MA,bird,bird_literal_0,literal,0,303,/data/bijaypandey/cuig_pilot/seq_pilot/eval_seed29/MAC/images/bird_literal_0_seed303.jpg,8b101572e8ea1af8,0.9985,1,1,1,4,bird,0.9985
29,ConAbl,MAC,MA,bird,bird_literal_0,literal,0,404,/data/bijaypandey/cuig_pilot/seq_pilot/eval_seed29/MAC/images/bird_literal_0_seed404.jpg,4a4e4a1ca7989e01,0.9990,1,1,1,6,bird,0.9990
29,ConAbl,MAC,MA,bird,bird_literal_1,literal,1,101,/data/bijaypandey/cuig_pilot/seq_pilot/eval_seed29/MAC/images/bird_literal_1_seed101.jpg,dced86fafa959304,0.9983,1,1,1,14,bird,0.9983
29,ConAbl,MAC,MA,bird,bird_literal_1,literal,1,202,/data/bijaypandey/cuig_pilot/seq_pilot/eval_seed29/MAC/images/bird_literal_1_seed202.jpg,8a1043805680de22,0.9990,1,1,1,5,bird,0.9990
29,ConAbl,MAC,MA,bird,bird_literal_1,literal,1,303,/data/bijaypandey/cuig_pilot/seq_pilot/eval_seed29/MAC/images/bird_literal_1_seed303.jpg,3b985d78a9ef3d32,0.9924,1,1,1,12,bird,0.9924
29,ConAbl,MAC,MA,bird,bird_literal_1,literal,1,404,/data/bijaypandey/cuig_pilot/seq_pilot/eval_seed29/MAC/images/bird_literal_1_seed404.jpg,7aa55f61f0b701e9,0.9998,1,1,1,1,bird,0.9998
29,ConAbl,MAC,MA,bird,bird_literal_2,literal,2,101,/data/bijaypandey/cuig_pilot/seq_pilot/eval_seed29/MAC/images/bird_literal_2_seed101.jpg,90d2b603a1561210,0.9994,1,1,1,1,bird,0.9994
29,ConAbl,MAC,MA,bird,bird_literal_2,literal,2,202,/data/bijaypandey/cuig_pilot/seq_pilot/eval_seed29/MAC/images/bird_literal_2_seed202.jpg,e3fd1bbd89f6c745,0.9991,1,1,1,1,bird,0.9991
29,ConAbl,MAC,MA,bird,bird_literal_2,literal,2,303,/data/bijaypandey/cuig_pilot/seq_pilot/eval_seed29/MAC/images/bird_literal_2_seed303.jpg,2e44e96ff3f18d28,0.9295,1,1,1,4,bird,0.9295
29,ConAbl,MAC,MA,bird,bird_literal_2,literal,2,404,/data/bijaypandey/cuig_pilot/seq_pilot/eval_seed29/MAC/images/bird_literal_2_seed404.jpg,78ab17353d05166e,0.9996,1,1,1,1,bird,0.9996
29,ConAbl,MAC,MA,bird,bird_literal_3,literal,3,101,/data/bijaypandey/cuig_pilot/seq_pilot/eval_seed29/MAC/images/bird_literal_3_seed101.jpg,db65ce7b1e448927,0.9927,1,1,1,5,bird,0.9927
29,ConAbl,MAC,MA,bird,bird_literal_3,literal,3,202,/data/bijaypandey/cuig_pilot/seq_pilot/eval_seed29/MAC/images/bird_literal_3_seed202.jpg,d9c287dac97681ea,0.9986,1,1,1,1,bird,0.9986
29,ConAbl,MAC,MA,bird,bird_literal_3,literal,3,303,/data/bijaypandey/cuig_pilot/seq_pilot/eval_seed29/MAC/images/bird_literal_3_seed303.jpg,f201c3d7c889e958,0.9929,1,1,1,6,bird,0.9929
29,ConAbl,MAC,MA,bird,bird_literal_3,literal,3,404,/data/bijaypandey/cuig_pilot/seq_pilot/eval_seed29/MAC/images/bird_literal_3_seed404.jpg,38162fab8faafd8d,0.9982,1,1,1,7,bird,0.9982
29,ConAbl,MAC,MA,bird,bird_literal_4,literal,4,101,/data/bijaypandey/cuig_pilot/seq_pilot/eval_seed29/MAC/images/bird_literal_4_seed101.jpg,16e3c853f9192c6d,0.9971,1,1,1,8,bird,0.9971
29,ConAbl,MAC,MA,bird,bird_literal_4,literal,4,202,/data/bijaypandey/cuig_pilot/seq_pilot/eval_seed29/MAC/images/bird_literal_4_seed202.jpg,a02764e614401b32,0.9968,1,1,1,4,bird,0.9968
29,ConAbl,MAC,MA,bird,bird_literal_4,literal,4,303,/data/bijaypandey/cuig_pilot/seq_pilot/eval_seed29/MAC/images/bird_literal_4_seed303.jpg,d3c338d19fe4f542,0.9883,1,1,1,4,bird,0.9883
29,ConAbl,MAC,MA,bird,bird_literal_4,literal,4,404,/data/bijaypandey/cuig_pilot/seq_pilot/eval_seed29/MAC/images/bird_literal_4_seed404.jpg,9f548a442f78b466,0.4147,1,0,0,4,umbrella,0.8799
29,ConAbl,MAC,MA,bird,bird_paraphrase_0,paraphrase,0,101,/data/bijaypandey/cuig_pilot/seq_pilot/eval_seed29/MAC/images/bird_paraphrase_0_seed101.jpg,4cc919231f25f357,0.9596,1,1,1,17,bird,0.9596
29,ConAbl,MAC,MA,bird,bird_paraphrase_0,paraphrase,0,202,/data/bijaypandey/cuig_pilot/seq_pilot/eval_seed29/MAC/images/bird_paraphrase_0_seed202.jpg,0b3ef2916161edd0,0.9990,1,1,1,1,bird,0.9990
29,ConAbl,MAC,MA,bird,bird_paraphrase_0,paraphrase,0,303,/data/bijaypandey/cuig_pilot/seq_pilot/eval_seed29/MAC/images/bird_paraphrase_0_seed303.jpg,30327b59033043d9,0.9989,1,1,1,2,bird,0.9989
29,ConAbl,MAC,MA,bird,bird_paraphrase_0,paraphrase,0,404,/data/bijaypandey/cuig_pilot/seq_pilot/eval_seed29/MAC/images/bird_paraphrase_0_seed404.jpg,5a480c935a77d5da,0.9997,1,1,1,1,bird,0.9997
29,ConAbl,MAC,MA,bird,bird_paraphrase_1,paraphrase,1,101,/data/bijaypandey/cuig_pilot/seq_pilot/eval_seed29/MAC/images/bird_paraphrase_1_seed101.jpg,aa3496fc281e1772,0.9986,1,1,1,2,bird,0.9986
29,ConAbl,MAC,MA,bird,bird_paraphrase_1,paraphrase,1,202,/data/bijaypandey/cuig_pilot/seq_pilot/eval_seed29/MAC/images/bird_paraphrase_1_seed202.jpg,42fdb177e2e4c6f1,0.9983,1,1,1,8,bird,0.9983
29,ConAbl,MAC,MA,bird,bird_paraphrase_1,paraphrase,1,303,/data/bijaypandey/cuig_pilot/seq_pilot/eval_seed29/MAC/images/bird_paraphrase_1_seed303.jpg,41282106d96d7066,0.9984,1,1,1,1,bird,0.9984
29,ConAbl,MAC,MA,bird,bird_paraphrase_1,paraphrase,1,404,/data/bijaypandey/cuig_pilot/seq_pilot/eval_seed29/MAC/images/bird_paraphrase_1_seed404.jpg,e5ba9aa25d121809,0.9988,1,1,1,6,bird,0.9988
29,ConAbl,MAC,MA,bird,bird_paraphrase_2,paraphrase,2,101,/data/bijaypandey/cuig_pilot/seq_pilot/eval_seed29/MAC/images/bird_paraphrase_2_seed101.jpg,50235a3b7ede88e7,0.9952,1,1,1,3,bird,0.9952
29,ConAbl,MAC,MA,bird,bird_paraphrase_2,paraphrase,2,202,/data/bijaypandey/cuig_pilot/seq_pilot/eval_seed29/MAC/images/bird_paraphrase_2_seed202.jpg,6b6ce154c5163ac2,0.8686,1,1,1,10,bird,0.8686
29,ConAbl,MAC,MA,bird,bird_paraphrase_2,paraphrase,2,303,/data/bijaypandey/cuig_pilot/seq_pilot/eval_seed29/MAC/images/bird_paraphrase_2_seed303.jpg,422af4b0b0b32dc0,0.9960,1,1,1,4,bird,0.9960
29,ConAbl,MAC,MA,bird,bird_paraphrase_2,paraphrase,2,404,/data/bijaypandey/cuig_pilot/seq_pilot/eval_seed29/MAC/images/bird_paraphrase_2_seed404.jpg,5158897a59671797,0.9268,1,1,1,9,bird,0.9268
29,ConAbl,MAC,MA,bird,bird_paraphrase_3,paraphrase,3,101,/data/bijaypandey/cuig_pilot/seq_pilot/eval_seed29/MAC/images/bird_paraphrase_3_seed101.jpg,057381a90c45fc61,0.9979,1,1,1,5,bird,0.9979
29,ConAbl,MAC,MA,bird,bird_paraphrase_3,paraphrase,3,202,/data/bijaypandey/cuig_pilot/seq_pilot/eval_seed29/MAC/images/bird_paraphrase_3_seed202.jpg,340b73df448c12d2,0.9972,1,1,1,5,bird,0.9972
29,ConAbl,MAC,MA,bird,bird_paraphrase_3,paraphrase,3,303,/data/bijaypandey/cuig_pilot/seq_pilot/eval_seed29/MAC/images/bird_paraphrase_3_seed303.jpg,aa94797215226a77,0.9988,1,1,1,13,bird,0.9988
29,ConAbl,MAC,MA,bird,bird_paraphrase_3,paraphrase,3,404,/data/bijaypandey/cuig_pilot/seq_pilot/eval_seed29/MAC/images/bird_paraphrase_3_seed404.jpg,af159f666f748ead,0.9653,1,1,1,10,bird,0.9653
29,ConAbl,MAC,MA,bird,bird_paraphrase_4,paraphrase,4,101,/data/bijaypandey/cuig_pilot/seq_pilot/eval_seed29/MAC/images/bird_paraphrase_4_seed101.jpg,7f3634b38498cf6d,0.1586,0,0,0,11,vase,0.6789
29,ConAbl,MAC,MA,bird,bird_paraphrase_4,paraphrase,4,202,/data/bijaypandey/cuig_pilot/seq_pilot/eval_seed29/MAC/images/bird_paraphrase_4_seed202.jpg,9384f0b966d72a3e,0.9930,1,1,1,14,bird,0.9930
29,ConAbl,MAC,MA,bird,bird_paraphrase_4,paraphrase,4,303,/data/bijaypandey/cuig_pilot/seq_pilot/eval_seed29/MAC/images/bird_paraphrase_4_seed303.jpg,7234fe9d4ff31d97,0.9364,1,1,1,6,bird,0.9364
29,ConAbl,MAC,MA,bird,bird_paraphrase_4,paraphrase,4,404,/data/bijaypandey/cuig_pilot/seq_pilot/eval_seed29/MAC/images/bird_paraphrase_4_seed404.jpg,da9dec591c53addb,0.7755,1,1,1,9,bird,0.7755
29,ConAbl,MAC,MA,chair,chair_literal_0,literal,0,101,/data/bijaypandey/cuig_pilot/seq_pilot/eval_seed29/MAC/images/chair_literal_0_seed101.jpg,81beef639e037bd5,0.9930,1,1,1,4,chair,0.9930
29,ConAbl,MAC,MA,chair,chair_literal_0,literal,0,202,/data/bijaypandey/cuig_pilot/seq_pilot/eval_seed29/MAC/images/chair_literal_0_seed202.jpg,60914092fd23b57b,0.9871,1,1,1,2,chair,0.9871
29,ConAbl,MAC,MA,chair,chair_literal_0,literal,0,303,/data/bijaypandey/cuig_pilot/seq_pilot/eval_seed29/MAC/images/chair_literal_0_seed303.jpg,65d33c5b0c57bcfb,0.9994,1,1,1,1,chair,0.9994
29,ConAbl,MAC,MA,chair,chair_literal_0,literal,0,404,/data/bijaypandey/cuig_pilot/seq_pilot/eval_seed29/MAC/images/chair_literal_0_seed404.jpg,c31abcfe277a9235,0.9844,1,1,1,8,chair,0.9844
29,ConAbl,MAC,MA,chair,chair_literal_1,literal,1,101,/data/bijaypandey/cuig_pilot/seq_pilot/eval_seed29/MAC/images/chair_literal_1_seed101.jpg,1a30479e14e79cb1,0.9091,1,1,1,8,chair,0.9091
29,ConAbl,MAC,MA,chair,chair_literal_1,literal,1,202,/data/bijaypandey/cuig_pilot/seq_pilot/eval_seed29/MAC/images/chair_literal_1_seed202.jpg,927bb18d00ca702f,0.9828,1,1,1,8,chair,0.9828
29,ConAbl,MAC,MA,chair,chair_literal_1,literal,1,303,/data/bijaypandey/cuig_pilot/seq_pilot/eval_seed29/MAC/images/chair_literal_1_seed303.jpg,6946686a005e88e0,0.6388,1,1,0,5,chair,0.6388
29,ConAbl,MAC,MA,chair,chair_literal_1,literal,1,404,/data/bijaypandey/cuig_pilot/seq_pilot/eval_seed29/MAC/images/chair_literal_1_seed404.jpg,253b80f545ba3754,0.9686,1,1,1,9,chair,0.9686
29,ConAbl,MAC,MA,chair,chair_literal_2,literal,2,101,/data/bijaypandey/cuig_pilot/seq_pilot/eval_seed29/MAC/images/chair_literal_2_seed101.jpg,052a4612c4f68077,0.9939,1,1,1,13,chair,0.9939
29,ConAbl,MAC,MA,chair,chair_literal_2,literal,2,202,/data/bijaypandey/cuig_pilot/seq_pilot/eval_seed29/MAC/images/chair_literal_2_seed202.jpg,27c0473cadcd605c,0.7839,1,1,1,7,bottle,0.9769
29,ConAbl,MAC,MA,chair,chair_literal_2,literal,2,303,/data/bijaypandey/cuig_pilot/seq_pilot/eval_seed29/MAC/images/chair_literal_2_seed303.jpg,5a6cb61fe6c78200,0.9962,1,1,1,30,chair,0.9962
29,ConAbl,MAC,MA,chair,chair_literal_2,literal,2,404,/data/bijaypandey/cuig_pilot/seq_pilot/eval_seed29/MAC/images/chair_literal_2_seed404.jpg,ed18a47e4b50536e,0.9969,1,1,1,9,chair,0.9969
29,ConAbl,MAC,MA,chair,chair_literal_3,literal,3,101,/data/bijaypandey/cuig_pilot/seq_pilot/eval_seed29/MAC/images/chair_literal_3_seed101.jpg,d18055058bfd05db,0.9928,1,1,1,15,chair,0.9928
29,ConAbl,MAC,MA,chair,chair_literal_3,literal,3,202,/data/bijaypandey/cuig_pilot/seq_pilot/eval_seed29/MAC/images/chair_literal_3_seed202.jpg,19446a5cbbc50095,0.9989,1,1,1,13,chair,0.9989
29,ConAbl,MAC,MA,chair,chair_literal_3,literal,3,303,/data/bijaypandey/cuig_pilot/seq_pilot/eval_seed29/MAC/images/chair_literal_3_seed303.jpg,e98eaa53cd833d7a,0.9561,1,1,1,7,chair,0.9561
29,ConAbl,MAC,MA,chair,chair_literal_3,literal,3,404,/data/bijaypandey/cuig_pilot/seq_pilot/eval_seed29/MAC/images/chair_literal_3_seed404.jpg,edbd85f3bcedf5fd,0.2665,0,0,0,5,couch,0.8407
29,ConAbl,MAC,MA,chair,chair_literal_4,literal,4,101,/data/bijaypandey/cuig_pilot/seq_pilot/eval_seed29/MAC/images/chair_literal_4_seed101.jpg,1d7e476b9035c6bf,0.9952,1,1,1,3,chair,0.9952
29,ConAbl,MAC,MA,chair,chair_literal_4,literal,4,202,/data/bijaypandey/cuig_pilot/seq_pilot/eval_seed29/MAC/images/chair_literal_4_seed202.jpg,62d5268d09536315,0.9858,1,1,1,4,chair,0.9858
29,ConAbl,MAC,MA,chair,chair_literal_4,literal,4,303,/data/bijaypandey/cuig_pilot/seq_pilot/eval_seed29/MAC/images/chair_literal_4_seed303.jpg,295411476002257e,0.9930,1,1,1,2,chair,0.9930
29,ConAbl,MAC,MA,chair,chair_literal_4,literal,4,404,/data/bijaypandey/cuig_pilot/seq_pilot/eval_seed29/MAC/images/chair_literal_4_seed404.jpg,f4a6e10efd617d2c,0.9927,1,1,1,2,chair,0.9927
29,ConAbl,MAC,MA,chair,chair_paraphrase_0,paraphrase,0,101,/data/bijaypandey/cuig_pilot/seq_pilot/eval_seed29/MAC/images/chair_paraphrase_0_seed101.jpg,fd1d47d54dd365fe,0.8894,1,1,1,14,chair,0.8894
29,ConAbl,MAC,MA,chair,chair_paraphrase_0,paraphrase,0,202,/data/bijaypandey/cuig_pilot/seq_pilot/eval_seed29/MAC/images/chair_paraphrase_0_seed202.jpg,882352587aff1e60,0.7259,1,1,1,10,chair,0.7259
29,ConAbl,MAC,MA,chair,chair_paraphrase_0,paraphrase,0,303,/data/bijaypandey/cuig_pilot/seq_pilot/eval_seed29/MAC/images/chair_paraphrase_0_seed303.jpg,7c70f652cddaa270,0.7782,1,1,1,14,chair,0.7782
29,ConAbl,MAC,MA,chair,chair_paraphrase_0,paraphrase,0,404,/data/bijaypandey/cuig_pilot/seq_pilot/eval_seed29/MAC/images/chair_paraphrase_0_seed404.jpg,15d6d772889a85e9,0.9988,1,1,1,7,chair,0.9988
29,ConAbl,MAC,MA,chair,chair_paraphrase_1,paraphrase,1,101,/data/bijaypandey/cuig_pilot/seq_pilot/eval_seed29/MAC/images/chair_paraphrase_1_seed101.jpg,53e9699b4b9495f4,0.9982,1,1,1,6,chair,0.9982
29,ConAbl,MAC,MA,chair,chair_paraphrase_1,paraphrase,1,202,/data/bijaypandey/cuig_pilot/seq_pilot/eval_seed29/MAC/images/chair_paraphrase_1_seed202.jpg,00cac77656aee697,0.9980,1,1,1,8,chair,0.9980
29,ConAbl,MAC,MA,chair,chair_paraphrase_1,paraphrase,1,303,/data/bijaypandey/cuig_pilot/seq_pilot/eval_seed29/MAC/images/chair_paraphrase_1_seed303.jpg,0db27062562bc0cd,0.8155,1,1,1,11,chair,0.8155
29,ConAbl,MAC,MA,chair,chair_paraphrase_1,paraphrase,1,404,/data/bijaypandey/cuig_pilot/seq_pilot/eval_seed29/MAC/images/chair_paraphrase_1_seed404.jpg,8510a8c129383280,0.9447,1,1,1,8,chair,0.9447
29,ConAbl,MAC,MA,chair,chair_paraphrase_2,paraphrase,2,101,/data/bijaypandey/cuig_pilot/seq_pilot/eval_seed29/MAC/images/chair_paraphrase_2_seed101.jpg,a4f2a58b99ddd8f5,0.9526,1,1,1,12,chair,0.9526
29,ConAbl,MAC,MA,chair,chair_paraphrase_2,paraphrase,2,202,/data/bijaypandey/cuig_pilot/seq_pilot/eval_seed29/MAC/images/chair_paraphrase_2_seed202.jpg,e4051e17e1fd9369,0.9820,1,1,1,10,chair,0.9820
29,ConAbl,MAC,MA,chair,chair_paraphrase_2,paraphrase,2,303,/data/bijaypandey/cuig_pilot/seq_pilot/eval_seed29/MAC/images/chair_paraphrase_2_seed303.jpg,a0b12538ca10e016,0.9599,1,1,1,14,potted plant,0.9964
29,ConAbl,MAC,MA,chair,chair_paraphrase_2,paraphrase,2,404,/data/bijaypandey/cuig_pilot/seq_pilot/eval_seed29/MAC/images/chair_paraphrase_2_seed404.jpg,f92634621c454978,0.9300,1,1,1,8,chair,0.9300
29,ConAbl,MAC,MA,chair,chair_paraphrase_3,paraphrase,3,101,/data/bijaypandey/cuig_pilot/seq_pilot/eval_seed29/MAC/images/chair_paraphrase_3_seed101.jpg,606571a8a3d1fc00,0.0000,0,0,0,9,potted plant,0.7401
29,ConAbl,MAC,MA,chair,chair_paraphrase_3,paraphrase,3,202,/data/bijaypandey/cuig_pilot/seq_pilot/eval_seed29/MAC/images/chair_paraphrase_3_seed202.jpg,bf5d541fc26456e9,0.3180,1,0,0,4,bench,0.6983
29,ConAbl,MAC,MA,chair,chair_paraphrase_3,paraphrase,3,303,/data/bijaypandey/cuig_pilot/seq_pilot/eval_seed29/MAC/images/chair_paraphrase_3_seed303.jpg,fcfb8a6c28593526,0.0000,0,0,0,10,laptop,0.9907
29,ConAbl,MAC,MA,chair,chair_paraphrase_3,paraphrase,3,404,/data/bijaypandey/cuig_pilot/seq_pilot/eval_seed29/MAC/images/chair_paraphrase_3_seed404.jpg,478f756a6f7e6d14,0.0975,0,0,0,6,bench,0.6337
29,ConAbl,MAC,MA,chair,chair_paraphrase_4,paraphrase,4,101,/data/bijaypandey/cuig_pilot/seq_pilot/eval_seed29/MAC/images/chair_paraphrase_4_seed101.jpg,84dde81eafec0f7e,0.9916,1,1,1,5,chair,0.9916
29,ConAbl,MAC,MA,chair,chair_paraphrase_4,paraphrase,4,202,/data/bijaypandey/cuig_pilot/seq_pilot/eval_seed29/MAC/images/chair_paraphrase_4_seed202.jpg,5d35ca059540e4bd,0.9728,1,1,1,12,chair,0.9728
29,ConAbl,MAC,MA,chair,chair_paraphrase_4,paraphrase,4,303,/data/bijaypandey/cuig_pilot/seq_pilot/eval_seed29/MAC/images/chair_paraphrase_4_seed303.jpg,56a74357096c1482,0.9972,1,1,1,4,chair,0.9972
29,ConAbl,MAC,MA,chair,chair_paraphrase_4,paraphrase,4,404,/data/bijaypandey/cuig_pilot/seq_pilot/eval_seed29/MAC/images/chair_paraphrase_4_seed404.jpg,55b6cb8116c23bab,0.9800,1,1,1,3,chair,0.9800
29,ConAbl,MAC,MA,bicycle,bicycle_literal_0,literal,0,101,/data/bijaypandey/cuig_pilot/seq_pilot/eval_seed29/MAC/images/bicycle_literal_0_seed101.jpg,aa6630bac9cef575,0.9804,1,1,1,3,bicycle,0.9804
29,ConAbl,MAC,MA,bicycle,bicycle_literal_0,literal,0,202,/data/bijaypandey/cuig_pilot/seq_pilot/eval_seed29/MAC/images/bicycle_literal_0_seed202.jpg,3b31496ec22d2afb,0.9984,1,1,1,3,bicycle,0.9984
29,ConAbl,MAC,MA,bicycle,bicycle_literal_0,literal,0,303,/data/bijaypandey/cuig_pilot/seq_pilot/eval_seed29/MAC/images/bicycle_literal_0_seed303.jpg,4f23939a9f504a16,0.9970,1,1,1,5,bicycle,0.9970
29,ConAbl,MAC,MA,bicycle,bicycle_literal_0,literal,0,404,/data/bijaypandey/cuig_pilot/seq_pilot/eval_seed29/MAC/images/bicycle_literal_0_seed404.jpg,8bece55cb39d98e1,0.9990,1,1,1,5,bicycle,0.9990
29,ConAbl,MAC,MA,bicycle,bicycle_literal_1,literal,1,101,/data/bijaypandey/cuig_pilot/seq_pilot/eval_seed29/MAC/images/bicycle_literal_1_seed101.jpg,9e23aa40d4aea1ff,0.9990,1,1,1,8,bicycle,0.9990
29,ConAbl,MAC,MA,bicycle,bicycle_literal_1,literal,1,202,/data/bijaypandey/cuig_pilot/seq_pilot/eval_seed29/MAC/images/bicycle_literal_1_seed202.jpg,8791c02c8c708c6d,0.9987,1,1,1,4,bicycle,0.9987
29,ConAbl,MAC,MA,bicycle,bicycle_literal_1,literal,1,303,/data/bijaypandey/cuig_pilot/seq_pilot/eval_seed29/MAC/images/bicycle_literal_1_seed303.jpg,2d644a4826975cfe,0.9985,1,1,1,4,bicycle,0.9985
29,ConAbl,MAC,MA,bicycle,bicycle_literal_1,literal,1,404,/data/bijaypandey/cuig_pilot/seq_pilot/eval_seed29/MAC/images/bicycle_literal_1_seed404.jpg,cbdc7e1a3ee31362,0.9982,1,1,1,3,bicycle,0.9982
29,ConAbl,MAC,MA,bicycle,bicycle_literal_2,literal,2,101,/data/bijaypandey/cuig_pilot/seq_pilot/eval_seed29/MAC/images/bicycle_literal_2_seed101.jpg,fdcef40bd0b788f6,0.9919,1,1,1,2,bicycle,0.9919
29,ConAbl,MAC,MA,bicycle,bicycle_literal_2,literal,2,202,/data/bijaypandey/cuig_pilot/seq_pilot/eval_seed29/MAC/images/bicycle_literal_2_seed202.jpg,b6214c6e3a31f97e,0.9960,1,1,1,5,bicycle,0.9960
29,ConAbl,MAC,MA,bicycle,bicycle_literal_2,literal,2,303,/data/bijaypandey/cuig_pilot/seq_pilot/eval_seed29/MAC/images/bicycle_literal_2_seed303.jpg,bfd6785f168c615c,0.9996,1,1,1,2,bicycle,0.9996
29,ConAbl,MAC,MA,bicycle,bicycle_literal_2,literal,2,404,/data/bijaypandey/cuig_pilot/seq_pilot/eval_seed29/MAC/images/bicycle_literal_2_seed404.jpg,9214194435e1c1a2,0.9926,1,1,1,8,bicycle,0.9926
29,ConAbl,MAC,MA,bicycle,bicycle_literal_3,literal,3,101,/data/bijaypandey/cuig_pilot/seq_pilot/eval_seed29/MAC/images/bicycle_literal_3_seed101.jpg,a6cda87bcca1146f,0.8791,1,1,1,18,bench,0.8906
29,ConAbl,MAC,MA,bicycle,bicycle_literal_3,literal,3,202,/data/bijaypandey/cuig_pilot/seq_pilot/eval_seed29/MAC/images/bicycle_literal_3_seed202.jpg,b74d1fdb86b82815,0.9798,1,1,1,11,bicycle,0.9798
29,ConAbl,MAC,MA,bicycle,bicycle_literal_3,literal,3,303,/data/bijaypandey/cuig_pilot/seq_pilot/eval_seed29/MAC/images/bicycle_literal_3_seed303.jpg,3ba3b2f652e8d973,0.7725,1,1,1,19,baseball bat,0.9619
29,ConAbl,MAC,MA,bicycle,bicycle_literal_3,literal,3,404,/data/bijaypandey/cuig_pilot/seq_pilot/eval_seed29/MAC/images/bicycle_literal_3_seed404.jpg,9a010d8b83f12da1,0.3794,1,0,0,4,train,0.4329
29,ConAbl,MAC,MA,bicycle,bicycle_literal_4,literal,4,101,/data/bijaypandey/cuig_pilot/seq_pilot/eval_seed29/MAC/images/bicycle_literal_4_seed101.jpg,c8b0587da87088b7,0.9977,1,1,1,2,bicycle,0.9977
29,ConAbl,MAC,MA,bicycle,bicycle_literal_4,literal,4,202,/data/bijaypandey/cuig_pilot/seq_pilot/eval_seed29/MAC/images/bicycle_literal_4_seed202.jpg,1912011bf8cc5523,0.9994,1,1,1,1,bicycle,0.9994
29,ConAbl,MAC,MA,bicycle,bicycle_literal_4,literal,4,303,/data/bijaypandey/cuig_pilot/seq_pilot/eval_seed29/MAC/images/bicycle_literal_4_seed303.jpg,214558283c39d6d7,0.9963,1,1,1,3,bicycle,0.9963
29,ConAbl,MAC,MA,bicycle,bicycle_literal_4,literal,4,404,/data/bijaypandey/cuig_pilot/seq_pilot/eval_seed29/MAC/images/bicycle_literal_4_seed404.jpg,e6962cc1b67c971c,0.9306,1,1,1,4,bicycle,0.9306
29,ConAbl,MAC,MA,bicycle,bicycle_paraphrase_0,paraphrase,0,101,/data/bijaypandey/cuig_pilot/seq_pilot/eval_seed29/MAC/images/bicycle_paraphrase_0_seed101.jpg,fe8cf8938396d88a,0.9935,1,1,1,4,bicycle,0.9935
29,ConAbl,MAC,MA,bicycle,bicycle_paraphrase_0,paraphrase,0,202,/data/bijaypandey/cuig_pilot/seq_pilot/eval_seed29/MAC/images/bicycle_paraphrase_0_seed202.jpg,33d09df4c4c19d77,0.9965,1,1,1,10,bicycle,0.9965
29,ConAbl,MAC,MA,bicycle,bicycle_paraphrase_0,paraphrase,0,303,/data/bijaypandey/cuig_pilot/seq_pilot/eval_seed29/MAC/images/bicycle_paraphrase_0_seed303.jpg,4accd70eb6a07d38,0.9732,1,1,1,13,bicycle,0.9732
29,ConAbl,MAC,MA,bicycle,bicycle_paraphrase_0,paraphrase,0,404,/data/bijaypandey/cuig_pilot/seq_pilot/eval_seed29/MAC/images/bicycle_paraphrase_0_seed404.jpg,2438b90e0eb42f7d,0.9893,1,1,1,9,person,0.9989
29,ConAbl,MAC,MA,bicycle,bicycle_paraphrase_1,paraphrase,1,101,/data/bijaypandey/cuig_pilot/seq_pilot/eval_seed29/MAC/images/bicycle_paraphrase_1_seed101.jpg,ddef0e59fbd5302b,0.9985,1,1,1,8,bicycle,0.9985
29,ConAbl,MAC,MA,bicycle,bicycle_paraphrase_1,paraphrase,1,202,/data/bijaypandey/cuig_pilot/seq_pilot/eval_seed29/MAC/images/bicycle_paraphrase_1_seed202.jpg,e1dabd25cf82aee5,0.9979,1,1,1,10,bicycle,0.9979
29,ConAbl,MAC,MA,bicycle,bicycle_paraphrase_1,paraphrase,1,303,/data/bijaypandey/cuig_pilot/seq_pilot/eval_seed29/MAC/images/bicycle_paraphrase_1_seed303.jpg,c1a12fa3d26f9d15,0.9963,1,1,1,3,bicycle,0.9963
29,ConAbl,MAC,MA,bicycle,bicycle_paraphrase_1,paraphrase,1,404,/data/bijaypandey/cuig_pilot/seq_pilot/eval_seed29/MAC/images/bicycle_paraphrase_1_seed404.jpg,fe10d869d7c33312,0.9946,1,1,1,9,bicycle,0.9946
29,ConAbl,MAC,MA,bicycle,bicycle_paraphrase_2,paraphrase,2,101,/data/bijaypandey/cuig_pilot/seq_pilot/eval_seed29/MAC/images/bicycle_paraphrase_2_seed101.jpg,fee9ee3fcfe56eb7,0.9752,1,1,1,11,bicycle,0.9752
29,ConAbl,MAC,MA,bicycle,bicycle_paraphrase_2,paraphrase,2,202,/data/bijaypandey/cuig_pilot/seq_pilot/eval_seed29/MAC/images/bicycle_paraphrase_2_seed202.jpg,879e21781f0bc0e3,0.7838,1,1,1,12,bicycle,0.7838
29,ConAbl,MAC,MA,bicycle,bicycle_paraphrase_2,paraphrase,2,303,/data/bijaypandey/cuig_pilot/seq_pilot/eval_seed29/MAC/images/bicycle_paraphrase_2_seed303.jpg,076c7684eec4cafb,0.9296,1,1,1,4,bicycle,0.9296
29,ConAbl,MAC,MA,bicycle,bicycle_paraphrase_2,paraphrase,2,404,/data/bijaypandey/cuig_pilot/seq_pilot/eval_seed29/MAC/images/bicycle_paraphrase_2_seed404.jpg,24a91d2b39e82f1a,0.9989,1,1,1,6,bicycle,0.9989
29,ConAbl,MAC,MA,bicycle,bicycle_paraphrase_3,paraphrase,3,101,/data/bijaypandey/cuig_pilot/seq_pilot/eval_seed29/MAC/images/bicycle_paraphrase_3_seed101.jpg,61ef1f0140f36f8c,0.9965,1,1,1,2,bicycle,0.9965
29,ConAbl,MAC,MA,bicycle,bicycle_paraphrase_3,paraphrase,3,202,/data/bijaypandey/cuig_pilot/seq_pilot/eval_seed29/MAC/images/bicycle_paraphrase_3_seed202.jpg,b7f453a15b3c14b1,0.9975,1,1,1,13,bicycle,0.9975
29,ConAbl,MAC,MA,bicycle,bicycle_paraphrase_3,paraphrase,3,303,/data/bijaypandey/cuig_pilot/seq_pilot/eval_seed29/MAC/images/bicycle_paraphrase_3_seed303.jpg,508866c3c4a5faef,0.9976,1,1,1,6,bicycle,0.9976
29,ConAbl,MAC,MA,bicycle,bicycle_paraphrase_3,paraphrase,3,404,/data/bijaypandey/cuig_pilot/seq_pilot/eval_seed29/MAC/images/bicycle_paraphrase_3_seed404.jpg,a8307bd8d7e6b38e,0.9987,1,1,1,5,bicycle,0.9987
29,ConAbl,MAC,MA,bicycle,bicycle_paraphrase_4,paraphrase,4,101,/data/bijaypandey/cuig_pilot/seq_pilot/eval_seed29/MAC/images/bicycle_paraphrase_4_seed101.jpg,6d9a5f82c287a6b7,0.7429,1,1,1,5,bicycle,0.7429
29,ConAbl,MAC,MA,bicycle,bicycle_paraphrase_4,paraphrase,4,202,/data/bijaypandey/cuig_pilot/seq_pilot/eval_seed29/MAC/images/bicycle_paraphrase_4_seed202.jpg,e3b961edf723ff9f,0.0000,0,0,0,12,train,0.1276
29,ConAbl,MAC,MA,bicycle,bicycle_paraphrase_4,paraphrase,4,303,/data/bijaypandey/cuig_pilot/seq_pilot/eval_seed29/MAC/images/bicycle_paraphrase_4_seed303.jpg,4c95782fa151811f,0.0632,0,0,0,3,airplane,0.3249
29,ConAbl,MAC,MA,bicycle,bicycle_paraphrase_4,paraphrase,4,404,/data/bijaypandey/cuig_pilot/seq_pilot/eval_seed29/MAC/images/bicycle_paraphrase_4_seed404.jpg,e2374ed7f3088d73,0.9796,1,1,1,3,bicycle,0.9796
29,ConAbl+L2SP(25000),MAB_L2,MA,cat,cat_literal_0,literal,0,101,/data/bijaypandey/cuig_pilot/seq_pilot/eval_seed29/MAB_L2/images/cat_literal_0_seed101.jpg,38a73d31f28f5883,0.0000,0,0,0,5,horse,0.9920
29,ConAbl+L2SP(25000),MAB_L2,MA,cat,cat_literal_0,literal,0,202,/data/bijaypandey/cuig_pilot/seq_pilot/eval_seed29/MAB_L2/images/cat_literal_0_seed202.jpg,7bbbdc979254176c,0.0000,0,0,0,4,dog,0.9864
29,ConAbl+L2SP(25000),MAB_L2,MA,cat,cat_literal_0,literal,0,303,/data/bijaypandey/cuig_pilot/seq_pilot/eval_seed29/MAB_L2/images/cat_literal_0_seed303.jpg,56458e872a1d9930,0.0000,0,0,0,4,horse,0.9993
29,ConAbl+L2SP(25000),MAB_L2,MA,cat,cat_literal_0,literal,0,404,/data/bijaypandey/cuig_pilot/seq_pilot/eval_seed29/MAB_L2/images/cat_literal_0_seed404.jpg,11aba9c2e98aa324,0.0000,0,0,0,5,horse,0.9983
29,ConAbl+L2SP(25000),MAB_L2,MA,cat,cat_literal_1,literal,1,101,/data/bijaypandey/cuig_pilot/seq_pilot/eval_seed29/MAB_L2/images/cat_literal_1_seed101.jpg,c43262fc0eac8960,0.0000,0,0,0,4,horse,0.9968
29,ConAbl+L2SP(25000),MAB_L2,MA,cat,cat_literal_1,literal,1,202,/data/bijaypandey/cuig_pilot/seq_pilot/eval_seed29/MAB_L2/images/cat_literal_1_seed202.jpg,14fa11cf5e501b83,0.0000,0,0,0,4,horse,0.9950
29,ConAbl+L2SP(25000),MAB_L2,MA,cat,cat_literal_1,literal,1,303,/data/bijaypandey/cuig_pilot/seq_pilot/eval_seed29/MAB_L2/images/cat_literal_1_seed303.jpg,b1849e42d0b961e8,0.0650,0,0,0,16,horse,0.9828
29,ConAbl+L2SP(25000),MAB_L2,MA,cat,cat_literal_1,literal,1,404,/data/bijaypandey/cuig_pilot/seq_pilot/eval_seed29/MAB_L2/images/cat_literal_1_seed404.jpg,1130a5da0484c8d3,0.0000,0,0,0,3,horse,0.9871
29,ConAbl+L2SP(25000),MAB_L2,MA,cat,cat_literal_2,literal,2,101,/data/bijaypandey/cuig_pilot/seq_pilot/eval_seed29/MAB_L2/images/cat_literal_2_seed101.jpg,4a035bf1f112b865,0.0520,0,0,0,4,horse,0.9195
29,ConAbl+L2SP(25000),MAB_L2,MA,cat,cat_literal_2,literal,2,202,/data/bijaypandey/cuig_pilot/seq_pilot/eval_seed29/MAB_L2/images/cat_literal_2_seed202.jpg,2ef567a106a40b57,0.0000,0,0,0,8,horse,0.8350
29,ConAbl+L2SP(25000),MAB_L2,MA,cat,cat_literal_2,literal,2,303,/data/bijaypandey/cuig_pilot/seq_pilot/eval_seed29/MAB_L2/images/cat_literal_2_seed303.jpg,6144ef111af9b694,0.0000,0,0,0,1,horse,0.9944
29,ConAbl+L2SP(25000),MAB_L2,MA,cat,cat_literal_2,literal,2,404,/data/bijaypandey/cuig_pilot/seq_pilot/eval_seed29/MAB_L2/images/cat_literal_2_seed404.jpg,4b2fe90b5bb52ab2,0.0000,0,0,0,7,horse,0.9895
29,ConAbl+L2SP(25000),MAB_L2,MA,cat,cat_literal_3,literal,3,101,/data/bijaypandey/cuig_pilot/seq_pilot/eval_seed29/MAB_L2/images/cat_literal_3_seed101.jpg,a85a0fba58f403f0,0.0000,0,0,0,22,horse,0.9935
29,ConAbl+L2SP(25000),MAB_L2,MA,cat,cat_literal_3,literal,3,202,/data/bijaypandey/cuig_pilot/seq_pilot/eval_seed29/MAB_L2/images/cat_literal_3_seed202.jpg,8fe868757bab3c7f,0.0000,0,0,0,15,horse,0.9225
29,ConAbl+L2SP(25000),MAB_L2,MA,cat,cat_literal_3,literal,3,303,/data/bijaypandey/cuig_pilot/seq_pilot/eval_seed29/MAB_L2/images/cat_literal_3_seed303.jpg,ed6690442cbe6383,0.5951,1,1,0,10,couch,0.6866
29,ConAbl+L2SP(25000),MAB_L2,MA,cat,cat_literal_3,literal,3,404,/data/bijaypandey/cuig_pilot/seq_pilot/eval_seed29/MAB_L2/images/cat_literal_3_seed404.jpg,44a9291efd979ced,0.0000,0,0,0,11,horse,0.9930
29,ConAbl+L2SP(25000),MAB_L2,MA,cat,cat_literal_4,literal,4,101,/data/bijaypandey/cuig_pilot/seq_pilot/eval_seed29/MAB_L2/images/cat_literal_4_seed101.jpg,a836c0f468be6229,0.0000,0,0,0,2,horse,0.9997
29,ConAbl+L2SP(25000),MAB_L2,MA,cat,cat_literal_4,literal,4,202,/data/bijaypandey/cuig_pilot/seq_pilot/eval_seed29/MAB_L2/images/cat_literal_4_seed202.jpg,14345ac85ec0e53c,0.0000,0,0,0,3,horse,0.9980
29,ConAbl+L2SP(25000),MAB_L2,MA,cat,cat_literal_4,literal,4,303,/data/bijaypandey/cuig_pilot/seq_pilot/eval_seed29/MAB_L2/images/cat_literal_4_seed303.jpg,b4493b5f0595d316,0.0000,0,0,0,2,horse,0.9924
29,ConAbl+L2SP(25000),MAB_L2,MA,cat,cat_literal_4,literal,4,404,/data/bijaypandey/cuig_pilot/seq_pilot/eval_seed29/MAB_L2/images/cat_literal_4_seed404.jpg,41aa4a89c5ef2ae7,0.0000,0,0,0,3,horse,0.9997
29,ConAbl+L2SP(25000),MAB_L2,MA,cat,cat_paraphrase_0,paraphrase,0,101,/data/bijaypandey/cuig_pilot/seq_pilot/eval_seed29/MAB_L2/images/cat_paraphrase_0_seed101.jpg,04e61c345ce781af,0.0000,0,0,0,2,horse,0.9991
29,ConAbl+L2SP(25000),MAB_L2,MA,cat,cat_paraphrase_0,paraphrase,0,202,/data/bijaypandey/cuig_pilot/seq_pilot/eval_seed29/MAB_L2/images/cat_paraphrase_0_seed202.jpg,76c82451d0a353a9,0.0000,0,0,0,4,horse,0.9803
29,ConAbl+L2SP(25000),MAB_L2,MA,cat,cat_paraphrase_0,paraphrase,0,303,/data/bijaypandey/cuig_pilot/seq_pilot/eval_seed29/MAB_L2/images/cat_paraphrase_0_seed303.jpg,6bcf17e06860c202,0.0000,0,0,0,9,horse,0.9971
29,ConAbl+L2SP(25000),MAB_L2,MA,cat,cat_paraphrase_0,paraphrase,0,404,/data/bijaypandey/cuig_pilot/seq_pilot/eval_seed29/MAB_L2/images/cat_paraphrase_0_seed404.jpg,06f0ab05ebee0f5b,0.0000,0,0,0,9,horse,0.9945
29,ConAbl+L2SP(25000),MAB_L2,MA,cat,cat_paraphrase_1,paraphrase,1,101,/data/bijaypandey/cuig_pilot/seq_pilot/eval_seed29/MAB_L2/images/cat_paraphrase_1_seed101.jpg,6124ebe835c5414d,0.0000,0,0,0,5,horse,0.7912
29,ConAbl+L2SP(25000),MAB_L2,MA,cat,cat_paraphrase_1,paraphrase,1,202,/data/bijaypandey/cuig_pilot/seq_pilot/eval_seed29/MAB_L2/images/cat_paraphrase_1_seed202.jpg,066815cb87851e21,0.3160,1,0,0,8,horse,0.9927
29,ConAbl+L2SP(25000),MAB_L2,MA,cat,cat_paraphrase_1,paraphrase,1,303,/data/bijaypandey/cuig_pilot/seq_pilot/eval_seed29/MAB_L2/images/cat_paraphrase_1_seed303.jpg,6e0f1ec66445393c,0.0000,0,0,0,2,horse,0.9978
29,ConAbl+L2SP(25000),MAB_L2,MA,cat,cat_paraphrase_1,paraphrase,1,404,/data/bijaypandey/cuig_pilot/seq_pilot/eval_seed29/MAB_L2/images/cat_paraphrase_1_seed404.jpg,6b7f5864d103e3ac,0.1043,0,0,0,2,dog,0.9940
29,ConAbl+L2SP(25000),MAB_L2,MA,cat,cat_paraphrase_2,paraphrase,2,101,/data/bijaypandey/cuig_pilot/seq_pilot/eval_seed29/MAB_L2/images/cat_paraphrase_2_seed101.jpg,62ede14d62b42621,0.9940,1,1,1,6,cat,0.9940
29,ConAbl+L2SP(25000),MAB_L2,MA,cat,cat_paraphrase_2,paraphrase,2,202,/data/bijaypandey/cuig_pilot/seq_pilot/eval_seed29/MAB_L2/images/cat_paraphrase_2_seed202.jpg,f1a5b85208643635,0.0000,0,0,0,7,horse,0.9987
29,ConAbl+L2SP(25000),MAB_L2,MA,cat,cat_paraphrase_2,paraphrase,2,303,/data/bijaypandey/cuig_pilot/seq_pilot/eval_seed29/MAB_L2/images/cat_paraphrase_2_seed303.jpg,7a83ecddcaeaf699,0.0000,0,0,0,7,horse,0.9909
29,ConAbl+L2SP(25000),MAB_L2,MA,cat,cat_paraphrase_2,paraphrase,2,404,/data/bijaypandey/cuig_pilot/seq_pilot/eval_seed29/MAB_L2/images/cat_paraphrase_2_seed404.jpg,37cff0bd1ae2d965,0.0000,0,0,0,7,horse,0.9860
29,ConAbl+L2SP(25000),MAB_L2,MA,cat,cat_paraphrase_3,paraphrase,3,101,/data/bijaypandey/cuig_pilot/seq_pilot/eval_seed29/MAB_L2/images/cat_paraphrase_3_seed101.jpg,6ff04a5cd157120d,0.0000,0,0,0,3,horse,0.9954
29,ConAbl+L2SP(25000),MAB_L2,MA,cat,cat_paraphrase_3,paraphrase,3,202,/data/bijaypandey/cuig_pilot/seq_pilot/eval_seed29/MAB_L2/images/cat_paraphrase_3_seed202.jpg,78496254be4501d5,0.0000,0,0,0,3,horse,0.9958
29,ConAbl+L2SP(25000),MAB_L2,MA,cat,cat_paraphrase_3,paraphrase,3,303,/data/bijaypandey/cuig_pilot/seq_pilot/eval_seed29/MAB_L2/images/cat_paraphrase_3_seed303.jpg,3d448f26e3d94a54,0.0000,0,0,0,3,horse,0.9980
29,ConAbl+L2SP(25000),MAB_L2,MA,cat,cat_paraphrase_3,paraphrase,3,404,/data/bijaypandey/cuig_pilot/seq_pilot/eval_seed29/MAB_L2/images/cat_paraphrase_3_seed404.jpg,ee381fe1c4f4e654,0.0000,0,0,0,3,horse,0.9995
29,ConAbl+L2SP(25000),MAB_L2,MA,cat,cat_paraphrase_4,paraphrase,4,101,/data/bijaypandey/cuig_pilot/seq_pilot/eval_seed29/MAB_L2/images/cat_paraphrase_4_seed101.jpg,607ab4db36dd4f77,0.0779,0,0,0,10,dog,0.9145
29,ConAbl+L2SP(25000),MAB_L2,MA,cat,cat_paraphrase_4,paraphrase,4,202,/data/bijaypandey/cuig_pilot/seq_pilot/eval_seed29/MAB_L2/images/cat_paraphrase_4_seed202.jpg,f05173ae7a433d5e,0.0000,0,0,0,4,horse,0.9931
29,ConAbl+L2SP(25000),MAB_L2,MA,cat,cat_paraphrase_4,paraphrase,4,303,/data/bijaypandey/cuig_pilot/seq_pilot/eval_seed29/MAB_L2/images/cat_paraphrase_4_seed303.jpg,3dd7312e71ab6a6f,0.0000,0,0,0,3,horse,0.9968
29,ConAbl+L2SP(25000),MAB_L2,MA,cat,cat_paraphrase_4,paraphrase,4,404,/data/bijaypandey/cuig_pilot/seq_pilot/eval_seed29/MAB_L2/images/cat_paraphrase_4_seed404.jpg,07626d519ddae4d6,0.0000,0,0,0,4,horse,0.9712
29,ConAbl+L2SP(25000),MAB_L2,MA,dog,dog_literal_0,literal,0,101,/data/bijaypandey/cuig_pilot/seq_pilot/eval_seed29/MAB_L2/images/dog_literal_0_seed101.jpg,218c823c99c0f13a,0.0000,0,0,0,1,horse,0.9995
29,ConAbl+L2SP(25000),MAB_L2,MA,dog,dog_literal_0,literal,0,202,/data/bijaypandey/cuig_pilot/seq_pilot/eval_seed29/MAB_L2/images/dog_literal_0_seed202.jpg,aa55a65355f5224c,0.9764,1,1,1,3,dog,0.9764
29,ConAbl+L2SP(25000),MAB_L2,MA,dog,dog_literal_0,literal,0,303,/data/bijaypandey/cuig_pilot/seq_pilot/eval_seed29/MAB_L2/images/dog_literal_0_seed303.jpg,4df7309e10013b52,0.7783,1,1,1,6,person,0.9999
29,ConAbl+L2SP(25000),MAB_L2,MA,dog,dog_literal_0,literal,0,404,/data/bijaypandey/cuig_pilot/seq_pilot/eval_seed29/MAB_L2/images/dog_literal_0_seed404.jpg,c54766aff27dd85d,0.0000,0,0,0,9,bench,0.7414
29,ConAbl+L2SP(25000),MAB_L2,MA,dog,dog_literal_1,literal,1,101,/data/bijaypandey/cuig_pilot/seq_pilot/eval_seed29/MAB_L2/images/dog_literal_1_seed101.jpg,9da065e89cab3260,0.9896,1,1,1,8,dog,0.9896
29,ConAbl+L2SP(25000),MAB_L2,MA,dog,dog_literal_1,literal,1,202,/data/bijaypandey/cuig_pilot/seq_pilot/eval_seed29/MAB_L2/images/dog_literal_1_seed202.jpg,60d41a68b67f575e,0.9987,1,1,1,1,dog,0.9987
29,ConAbl+L2SP(25000),MAB_L2,MA,dog,dog_literal_1,literal,1,303,/data/bijaypandey/cuig_pilot/seq_pilot/eval_seed29/MAB_L2/images/dog_literal_1_seed303.jpg,5c97a67bd0233e3e,0.9669,1,1,1,15,couch,0.9784
29,ConAbl+L2SP(25000),MAB_L2,MA,dog,dog_literal_1,literal,1,404,/data/bijaypandey/cuig_pilot/seq_pilot/eval_seed29/MAB_L2/images/dog_literal_1_seed404.jpg,2df230d1748bfd25,0.9978,1,1,1,20,dog,0.9978
29,ConAbl+L2SP(25000),MAB_L2,MA,dog,dog_literal_2,literal,2,101,/data/bijaypandey/cuig_pilot/seq_pilot/eval_seed29/MAB_L2/images/dog_literal_2_seed101.jpg,0d67a70e950cd63c,0.7926,1,1,1,5,dog,0.7926
29,ConAbl+L2SP(25000),MAB_L2,MA,dog,dog_literal_2,literal,2,202,/data/bijaypandey/cuig_pilot/seq_pilot/eval_seed29/MAB_L2/images/dog_literal_2_seed202.jpg,7cec6d5afe22806c,0.6825,1,1,0,4,dog,0.6825
29,ConAbl+L2SP(25000),MAB_L2,MA,dog,dog_literal_2,literal,2,303,/data/bijaypandey/cuig_pilot/seq_pilot/eval_seed29/MAB_L2/images/dog_literal_2_seed303.jpg,b57c0c8171171a85,0.9821,1,1,1,3,dog,0.9821
29,ConAbl+L2SP(25000),MAB_L2,MA,dog,dog_literal_2,literal,2,404,/data/bijaypandey/cuig_pilot/seq_pilot/eval_seed29/MAB_L2/images/dog_literal_2_seed404.jpg,08afa65ec747f51b,0.3516,1,0,0,5,horse,0.8970
29,ConAbl+L2SP(25000),MAB_L2,MA,dog,dog_literal_3,literal,3,101,/data/bijaypandey/cuig_pilot/seq_pilot/eval_seed29/MAB_L2/images/dog_literal_3_seed101.jpg,896ddd508efa9f6e,0.1026,0,0,0,7,horse,0.9993
29,ConAbl+L2SP(25000),MAB_L2,MA,dog,dog_literal_3,literal,3,202,/data/bijaypandey/cuig_pilot/seq_pilot/eval_seed29/MAB_L2/images/dog_literal_3_seed202.jpg,eab6a4bc1739af36,0.0000,0,0,0,3,horse,0.9975
29,ConAbl+L2SP(25000),MAB_L2,MA,dog,dog_literal_3,literal,3,303,/data/bijaypandey/cuig_pilot/seq_pilot/eval_seed29/MAB_L2/images/dog_literal_3_seed303.jpg,e6c2c76f6c5679cc,0.4363,1,0,0,8,horse,0.7234
29,ConAbl+L2SP(25000),MAB_L2,MA,dog,dog_literal_3,literal,3,404,/data/bijaypandey/cuig_pilot/seq_pilot/eval_seed29/MAB_L2/images/dog_literal_3_seed404.jpg,c3d328971879dcb8,0.0000,0,0,0,3,horse,0.9940
29,ConAbl+L2SP(25000),MAB_L2,MA,dog,dog_literal_4,literal,4,101,/data/bijaypandey/cuig_pilot/seq_pilot/eval_seed29/MAB_L2/images/dog_literal_4_seed101.jpg,9c4c63bf5224328a,0.9977,1,1,1,6,dog,0.9977
29,ConAbl+L2SP(25000),MAB_L2,MA,dog,dog_literal_4,literal,4,202,/data/bijaypandey/cuig_pilot/seq_pilot/eval_seed29/MAB_L2/images/dog_literal_4_seed202.jpg,34d2009aa598bb83,0.9953,1,1,1,12,dog,0.9953
29,ConAbl+L2SP(25000),MAB_L2,MA,dog,dog_literal_4,literal,4,303,/data/bijaypandey/cuig_pilot/seq_pilot/eval_seed29/MAB_L2/images/dog_literal_4_seed303.jpg,def1163a14bb4651,0.9988,1,1,1,2,dog,0.9988
29,ConAbl+L2SP(25000),MAB_L2,MA,dog,dog_literal_4,literal,4,404,/data/bijaypandey/cuig_pilot/seq_pilot/eval_seed29/MAB_L2/images/dog_literal_4_seed404.jpg,64e3d2789f6773b9,0.9993,1,1,1,7,dog,0.9993
29,ConAbl+L2SP(25000),MAB_L2,MA,dog,dog_paraphrase_0,paraphrase,0,101,/data/bijaypandey/cuig_pilot/seq_pilot/eval_seed29/MAB_L2/images/dog_paraphrase_0_seed101.jpg,929f131e025fdf56,0.9996,1,1,1,39,dog,0.9996
29,ConAbl+L2SP(25000),MAB_L2,MA,dog,dog_paraphrase_0,paraphrase,0,202,/data/bijaypandey/cuig_pilot/seq_pilot/eval_seed29/MAB_L2/images/dog_paraphrase_0_seed202.jpg,ddc765852c3379ab,0.0000,0,0,0,1,horse,0.9991
29,ConAbl+L2SP(25000),MAB_L2,MA,dog,dog_paraphrase_0,paraphrase,0,303,/data/bijaypandey/cuig_pilot/seq_pilot/eval_seed29/MAB_L2/images/dog_paraphrase_0_seed303.jpg,90a7bce6db78c72c,0.7434,1,1,1,8,horse,0.7554
29,ConAbl+L2SP(25000),MAB_L2,MA,dog,dog_paraphrase_0,paraphrase,0,404,/data/bijaypandey/cuig_pilot/seq_pilot/eval_seed29/MAB_L2/images/dog_paraphrase_0_seed404.jpg,383ee2c62480de3d,0.0611,0,0,0,5,horse,0.9940
29,ConAbl+L2SP(25000),MAB_L2,MA,dog,dog_paraphrase_1,paraphrase,1,101,/data/bijaypandey/cuig_pilot/seq_pilot/eval_seed29/MAB_L2/images/dog_paraphrase_1_seed101.jpg,e9d1968d3d6f81e6,0.0000,0,0,0,2,horse,0.9971
29,ConAbl+L2SP(25000),MAB_L2,MA,dog,dog_paraphrase_1,paraphrase,1,202,/data/bijaypandey/cuig_pilot/seq_pilot/eval_seed29/MAB_L2/images/dog_paraphrase_1_seed202.jpg,a501491ee0ca168a,0.9987,1,1,1,19,dog,0.9987
29,ConAbl+L2SP(25000),MAB_L2,MA,dog,dog_paraphrase_1,paraphrase,1,303,/data/bijaypandey/cuig_pilot/seq_pilot/eval_seed29/MAB_L2/images/dog_paraphrase_1_seed303.jpg,9bb89216d02bc01d,0.9914,1,1,1,7,person,0.9988
29,ConAbl+L2SP(25000),MAB_L2,MA,dog,dog_paraphrase_1,paraphrase,1,404,/data/bijaypandey/cuig_pilot/seq_pilot/eval_seed29/MAB_L2/images/dog_paraphrase_1_seed404.jpg,33aea4bf4553fb5d,0.4044,1,0,0,7,horse,0.7800
29,ConAbl+L2SP(25000),MAB_L2,MA,dog,dog_paraphrase_2,paraphrase,2,101,/data/bijaypandey/cuig_pilot/seq_pilot/eval_seed29/MAB_L2/images/dog_paraphrase_2_seed101.jpg,2dd9d7956e89287d,0.2486,0,0,0,4,horse,0.9734
29,ConAbl+L2SP(25000),MAB_L2,MA,dog,dog_paraphrase_2,paraphrase,2,202,/data/bijaypandey/cuig_pilot/seq_pilot/eval_seed29/MAB_L2/images/dog_paraphrase_2_seed202.jpg,2dbc1462c5d66e6f,0.0000,0,0,0,3,horse,0.9993
29,ConAbl+L2SP(25000),MAB_L2,MA,dog,dog_paraphrase_2,paraphrase,2,303,/data/bijaypandey/cuig_pilot/seq_pilot/eval_seed29/MAB_L2/images/dog_paraphrase_2_seed303.jpg,89ba0c9f77d4c394,0.0000,0,0,0,1,horse,0.9991
29,ConAbl+L2SP(25000),MAB_L2,MA,dog,dog_paraphrase_2,paraphrase,2,404,/data/bijaypandey/cuig_pilot/seq_pilot/eval_seed29/MAB_L2/images/dog_paraphrase_2_seed404.jpg,39d8e2aca4ef32da,0.1782,0,0,0,3,horse,0.9836
29,ConAbl+L2SP(25000),MAB_L2,MA,dog,dog_paraphrase_3,paraphrase,3,101,/data/bijaypandey/cuig_pilot/seq_pilot/eval_seed29/MAB_L2/images/dog_paraphrase_3_seed101.jpg,9596f6b5fd63b572,0.0000,0,0,0,1,horse,0.9872
29,ConAbl+L2SP(25000),MAB_L2,MA,dog,dog_paraphrase_3,paraphrase,3,202,/data/bijaypandey/cuig_pilot/seq_pilot/eval_seed29/MAB_L2/images/dog_paraphrase_3_seed202.jpg,1c33842db680f7ab,0.5768,1,1,0,6,horse,0.7481
29,ConAbl+L2SP(25000),MAB_L2,MA,dog,dog_paraphrase_3,paraphrase,3,303,/data/bijaypandey/cuig_pilot/seq_pilot/eval_seed29/MAB_L2/images/dog_paraphrase_3_seed303.jpg,fc245eefb4a4b821,0.9154,1,1,1,4,dog,0.9154
29,ConAbl+L2SP(25000),MAB_L2,MA,dog,dog_paraphrase_3,paraphrase,3,404,/data/bijaypandey/cuig_pilot/seq_pilot/eval_seed29/MAB_L2/images/dog_paraphrase_3_seed404.jpg,b6a31cc8326e0254,0.9459,1,1,1,4,dog,0.9459
29,ConAbl+L2SP(25000),MAB_L2,MA,dog,dog_paraphrase_4,paraphrase,4,101,/data/bijaypandey/cuig_pilot/seq_pilot/eval_seed29/MAB_L2/images/dog_paraphrase_4_seed101.jpg,2e030e60590e57ac,0.2067,0,0,0,8,horse,0.9927
29,ConAbl+L2SP(25000),MAB_L2,MA,dog,dog_paraphrase_4,paraphrase,4,202,/data/bijaypandey/cuig_pilot/seq_pilot/eval_seed29/MAB_L2/images/dog_paraphrase_4_seed202.jpg,5daa0deb94b1ee84,0.0000,0,0,0,3,horse,0.9997
29,ConAbl+L2SP(25000),MAB_L2,MA,dog,dog_paraphrase_4,paraphrase,4,303,/data/bijaypandey/cuig_pilot/seq_pilot/eval_seed29/MAB_L2/images/dog_paraphrase_4_seed303.jpg,7ec58b370db52672,0.0000,0,0,0,2,horse,0.9971
29,ConAbl+L2SP(25000),MAB_L2,MA,dog,dog_paraphrase_4,paraphrase,4,404,/data/bijaypandey/cuig_pilot/seq_pilot/eval_seed29/MAB_L2/images/dog_paraphrase_4_seed404.jpg,1824b9825adbfc35,0.0000,0,0,0,9,horse,0.9993
29,ConAbl+L2SP(25000),MAB_L2,MA,sandwich,sandwich_literal_0,literal,0,101,/data/bijaypandey/cuig_pilot/seq_pilot/eval_seed29/MAB_L2/images/sandwich_literal_0_seed101.jpg,840730ea83bed820,0.9918,1,1,1,11,sandwich,0.9918
29,ConAbl+L2SP(25000),MAB_L2,MA,sandwich,sandwich_literal_0,literal,0,202,/data/bijaypandey/cuig_pilot/seq_pilot/eval_seed29/MAB_L2/images/sandwich_literal_0_seed202.jpg,7d8f4e8eab332165,0.9943,1,1,1,4,sandwich,0.9943
29,ConAbl+L2SP(25000),MAB_L2,MA,sandwich,sandwich_literal_0,literal,0,303,/data/bijaypandey/cuig_pilot/seq_pilot/eval_seed29/MAB_L2/images/sandwich_literal_0_seed303.jpg,58b60409331893d0,0.9595,1,1,1,10,sandwich,0.9595
29,ConAbl+L2SP(25000),MAB_L2,MA,sandwich,sandwich_literal_0,literal,0,404,/data/bijaypandey/cuig_pilot/seq_pilot/eval_seed29/MAB_L2/images/sandwich_literal_0_seed404.jpg,b2de960f50cd23e6,0.8920,1,1,1,12,sandwich,0.8920
29,ConAbl+L2SP(25000),MAB_L2,MA,sandwich,sandwich_literal_1,literal,1,101,/data/bijaypandey/cuig_pilot/seq_pilot/eval_seed29/MAB_L2/images/sandwich_literal_1_seed101.jpg,cc679e798496bebe,0.9582,1,1,1,9,dining table,0.9976
29,ConAbl+L2SP(25000),MAB_L2,MA,sandwich,sandwich_literal_1,literal,1,202,/data/bijaypandey/cuig_pilot/seq_pilot/eval_seed29/MAB_L2/images/sandwich_literal_1_seed202.jpg,b85fcfa853e991be,0.9925,1,1,1,5,sandwich,0.9925
29,ConAbl+L2SP(25000),MAB_L2,MA,sandwich,sandwich_literal_1,literal,1,303,/data/bijaypandey/cuig_pilot/seq_pilot/eval_seed29/MAB_L2/images/sandwich_literal_1_seed303.jpg,38639b491c9feb06,0.7937,1,1,1,15,cup,0.9490
29,ConAbl+L2SP(25000),MAB_L2,MA,sandwich,sandwich_literal_1,literal,1,404,/data/bijaypandey/cuig_pilot/seq_pilot/eval_seed29/MAB_L2/images/sandwich_literal_1_seed404.jpg,97c26a118bacf973,0.9930,1,1,1,15,sandwich,0.9930
29,ConAbl+L2SP(25000),MAB_L2,MA,sandwich,sandwich_literal_2,literal,2,101,/data/bijaypandey/cuig_pilot/seq_pilot/eval_seed29/MAB_L2/images/sandwich_literal_2_seed101.jpg,c11f2d1e3aa710e1,0.1982,0,0,0,30,hot dog,0.6627
29,ConAbl+L2SP(25000),MAB_L2,MA,sandwich,sandwich_literal_2,literal,2,202,/data/bijaypandey/cuig_pilot/seq_pilot/eval_seed29/MAB_L2/images/sandwich_literal_2_seed202.jpg,398ac543da89236e,0.9264,1,1,1,12,sandwich,0.9264
29,ConAbl+L2SP(25000),MAB_L2,MA,sandwich,sandwich_literal_2,literal,2,303,/data/bijaypandey/cuig_pilot/seq_pilot/eval_seed29/MAB_L2/images/sandwich_literal_2_seed303.jpg,5396e51241db525b,0.9577,1,1,1,10,sandwich,0.9577
29,ConAbl+L2SP(25000),MAB_L2,MA,sandwich,sandwich_literal_2,literal,2,404,/data/bijaypandey/cuig_pilot/seq_pilot/eval_seed29/MAB_L2/images/sandwich_literal_2_seed404.jpg,8a87b30cc62c5e42,0.9426,1,1,1,3,sandwich,0.9426
29,ConAbl+L2SP(25000),MAB_L2,MA,sandwich,sandwich_literal_3,literal,3,101,/data/bijaypandey/cuig_pilot/seq_pilot/eval_seed29/MAB_L2/images/sandwich_literal_3_seed101.jpg,e43d0571040a0131,0.9674,1,1,1,12,sandwich,0.9674
29,ConAbl+L2SP(25000),MAB_L2,MA,sandwich,sandwich_literal_3,literal,3,202,/data/bijaypandey/cuig_pilot/seq_pilot/eval_seed29/MAB_L2/images/sandwich_literal_3_seed202.jpg,dd96e9050cd77f47,0.9769,1,1,1,9,dining table,0.9941
29,ConAbl+L2SP(25000),MAB_L2,MA,sandwich,sandwich_literal_3,literal,3,303,/data/bijaypandey/cuig_pilot/seq_pilot/eval_seed29/MAB_L2/images/sandwich_literal_3_seed303.jpg,347cb7e9df1a299c,0.9927,1,1,1,17,sandwich,0.9927
29,ConAbl+L2SP(25000),MAB_L2,MA,sandwich,sandwich_literal_3,literal,3,404,/data/bijaypandey/cuig_pilot/seq_pilot/eval_seed29/MAB_L2/images/sandwich_literal_3_seed404.jpg,4960932d79b8891d,0.9905,1,1,1,21,cup,0.9977
29,ConAbl+L2SP(25000),MAB_L2,MA,sandwich,sandwich_literal_4,literal,4,101,/data/bijaypandey/cuig_pilot/seq_pilot/eval_seed29/MAB_L2/images/sandwich_literal_4_seed101.jpg,d4cecb7e84df2f0c,0.9921,1,1,1,6,sandwich,0.9921
29,ConAbl+L2SP(25000),MAB_L2,MA,sandwich,sandwich_literal_4,literal,4,202,/data/bijaypandey/cuig_pilot/seq_pilot/eval_seed29/MAB_L2/images/sandwich_literal_4_seed202.jpg,c997f07cc496cd54,0.6569,1,1,0,6,sandwich,0.6569
29,ConAbl+L2SP(25000),MAB_L2,MA,sandwich,sandwich_literal_4,literal,4,303,/data/bijaypandey/cuig_pilot/seq_pilot/eval_seed29/MAB_L2/images/sandwich_literal_4_seed303.jpg,1e8884ab714cd1b1,0.9971,1,1,1,19,sandwich,0.9971
29,ConAbl+L2SP(25000),MAB_L2,MA,sandwich,sandwich_literal_4,literal,4,404,/data/bijaypandey/cuig_pilot/seq_pilot/eval_seed29/MAB_L2/images/sandwich_literal_4_seed404.jpg,061eb61b04979b66,0.9838,1,1,1,15,sandwich,0.9838
29,ConAbl+L2SP(25000),MAB_L2,MA,sandwich,sandwich_paraphrase_0,paraphrase,0,101,/data/bijaypandey/cuig_pilot/seq_pilot/eval_seed29/MAB_L2/images/sandwich_paraphrase_0_seed101.jpg,e9929a6abacd0255,0.7842,1,1,1,14,sandwich,0.7842
29,ConAbl+L2SP(25000),MAB_L2,MA,sandwich,sandwich_paraphrase_0,paraphrase,0,202,/data/bijaypandey/cuig_pilot/seq_pilot/eval_seed29/MAB_L2/images/sandwich_paraphrase_0_seed202.jpg,8dd2669fa1797d77,0.9261,1,1,1,11,sandwich,0.9261
29,ConAbl+L2SP(25000),MAB_L2,MA,sandwich,sandwich_paraphrase_0,paraphrase,0,303,/data/bijaypandey/cuig_pilot/seq_pilot/eval_seed29/MAB_L2/images/sandwich_paraphrase_0_seed303.jpg,3c6d5859faaca7be,0.8080,1,1,1,24,sandwich,0.8080
29,ConAbl+L2SP(25000),MAB_L2,MA,sandwich,sandwich_paraphrase_0,paraphrase,0,404,/data/bijaypandey/cuig_pilot/seq_pilot/eval_seed29/MAB_L2/images/sandwich_paraphrase_0_seed404.jpg,9b881cd45047c4bc,0.4935,1,0,0,15,bowl,0.8193
29,ConAbl+L2SP(25000),MAB_L2,MA,sandwich,sandwich_paraphrase_1,paraphrase,1,101,/data/bijaypandey/cuig_pilot/seq_pilot/eval_seed29/MAB_L2/images/sandwich_paraphrase_1_seed101.jpg,d070d7e56d59c8d6,0.3596,1,0,0,12,bowl,0.8235
29,ConAbl+L2SP(25000),MAB_L2,MA,sandwich,sandwich_paraphrase_1,paraphrase,1,202,/data/bijaypandey/cuig_pilot/seq_pilot/eval_seed29/MAB_L2/images/sandwich_paraphrase_1_seed202.jpg,8d8d708e9b1a9cff,0.5460,1,1,0,16,hot dog,0.5600
29,ConAbl+L2SP(25000),MAB_L2,MA,sandwich,sandwich_paraphrase_1,paraphrase,1,303,/data/bijaypandey/cuig_pilot/seq_pilot/eval_seed29/MAB_L2/images/sandwich_paraphrase_1_seed303.jpg,63e083e41b8096a1,0.9321,1,1,1,17,sandwich,0.9321
29,ConAbl+L2SP(25000),MAB_L2,MA,sandwich,sandwich_paraphrase_1,paraphrase,1,404,/data/bijaypandey/cuig_pilot/seq_pilot/eval_seed29/MAB_L2/images/sandwich_paraphrase_1_seed404.jpg,bd74bb81eff5641c,0.2556,0,0,0,15,hot dog,0.5686
29,ConAbl+L2SP(25000),MAB_L2,MA,sandwich,sandwich_paraphrase_2,paraphrase,2,101,/data/bijaypandey/cuig_pilot/seq_pilot/eval_seed29/MAB_L2/images/sandwich_paraphrase_2_seed101.jpg,b884a8da9a5e8a40,0.9560,1,1,1,21,sandwich,0.9560
29,ConAbl+L2SP(25000),MAB_L2,MA,sandwich,sandwich_paraphrase_2,paraphrase,2,202,/data/bijaypandey/cuig_pilot/seq_pilot/eval_seed29/MAB_L2/images/sandwich_paraphrase_2_seed202.jpg,0fc850353fc354a3,0.9639,1,1,1,11,dining table,0.9895
29,ConAbl+L2SP(25000),MAB_L2,MA,sandwich,sandwich_paraphrase_2,paraphrase,2,303,/data/bijaypandey/cuig_pilot/seq_pilot/eval_seed29/MAB_L2/images/sandwich_paraphrase_2_seed303.jpg,f876f342a7298039,0.8595,1,1,1,20,sandwich,0.8595
29,ConAbl+L2SP(25000),MAB_L2,MA,sandwich,sandwich_paraphrase_2,paraphrase,2,404,/data/bijaypandey/cuig_pilot/seq_pilot/eval_seed29/MAB_L2/images/sandwich_paraphrase_2_seed404.jpg,53a8b87c0a86b016,0.9579,1,1,1,14,sandwich,0.9579
29,ConAbl+L2SP(25000),MAB_L2,MA,sandwich,sandwich_paraphrase_3,paraphrase,3,101,/data/bijaypandey/cuig_pilot/seq_pilot/eval_seed29/MAB_L2/images/sandwich_paraphrase_3_seed101.jpg,b32189cd85bd5c64,0.1609,0,0,0,17,dining table,0.8565
29,ConAbl+L2SP(25000),MAB_L2,MA,sandwich,sandwich_paraphrase_3,paraphrase,3,202,/data/bijaypandey/cuig_pilot/seq_pilot/eval_seed29/MAB_L2/images/sandwich_paraphrase_3_seed202.jpg,78b6df3c3128fcf0,0.9340,1,1,1,23,sandwich,0.9340
29,ConAbl+L2SP(25000),MAB_L2,MA,sandwich,sandwich_paraphrase_3,paraphrase,3,303,/data/bijaypandey/cuig_pilot/seq_pilot/eval_seed29/MAB_L2/images/sandwich_paraphrase_3_seed303.jpg,8ffa6adb9ad6386b,0.0000,0,0,0,19,dining table,0.9583
29,ConAbl+L2SP(25000),MAB_L2,MA,sandwich,sandwich_paraphrase_3,paraphrase,3,404,/data/bijaypandey/cuig_pilot/seq_pilot/eval_seed29/MAB_L2/images/sandwich_paraphrase_3_seed404.jpg,d122d5ec0b74e8c1,0.9322,1,1,1,14,sandwich,0.9322
29,ConAbl+L2SP(25000),MAB_L2,MA,sandwich,sandwich_paraphrase_4,paraphrase,4,101,/data/bijaypandey/cuig_pilot/seq_pilot/eval_seed29/MAB_L2/images/sandwich_paraphrase_4_seed101.jpg,fe52a6478f56305d,0.6934,1,1,0,51,bowl,0.9952
29,ConAbl+L2SP(25000),MAB_L2,MA,sandwich,sandwich_paraphrase_4,paraphrase,4,202,/data/bijaypandey/cuig_pilot/seq_pilot/eval_seed29/MAB_L2/images/sandwich_paraphrase_4_seed202.jpg,0bbd343d4315ddde,0.9131,1,1,1,26,bowl,0.9933
29,ConAbl+L2SP(25000),MAB_L2,MA,sandwich,sandwich_paraphrase_4,paraphrase,4,303,/data/bijaypandey/cuig_pilot/seq_pilot/eval_seed29/MAB_L2/images/sandwich_paraphrase_4_seed303.jpg,d1aa70ecadd74ca1,0.7791,1,1,1,23,sandwich,0.7791
29,ConAbl+L2SP(25000),MAB_L2,MA,sandwich,sandwich_paraphrase_4,paraphrase,4,404,/data/bijaypandey/cuig_pilot/seq_pilot/eval_seed29/MAB_L2/images/sandwich_paraphrase_4_seed404.jpg,33623520b71abdca,0.9729,1,1,1,15,sandwich,0.9729
29,ConAbl+L2SP(25000),MAB_L2,MA,horse,horse_literal_0,literal,0,101,/data/bijaypandey/cuig_pilot/seq_pilot/eval_seed29/MAB_L2/images/horse_literal_0_seed101.jpg,c727f35a3e0bfba2,0.9997,1,1,1,1,horse,0.9997
29,ConAbl+L2SP(25000),MAB_L2,MA,horse,horse_literal_0,literal,0,202,/data/bijaypandey/cuig_pilot/seq_pilot/eval_seed29/MAB_L2/images/horse_literal_0_seed202.jpg,726bac9928c25093,0.9998,1,1,1,2,horse,0.9998
29,ConAbl+L2SP(25000),MAB_L2,MA,horse,horse_literal_0,literal,0,303,/data/bijaypandey/cuig_pilot/seq_pilot/eval_seed29/MAB_L2/images/horse_literal_0_seed303.jpg,fc1a9f1fe0d2577e,0.9995,1,1,1,1,horse,0.9995
29,ConAbl+L2SP(25000),MAB_L2,MA,horse,horse_literal_0,literal,0,404,/data/bijaypandey/cuig_pilot/seq_pilot/eval_seed29/MAB_L2/images/horse_literal_0_seed404.jpg,43d55ebc72522396,0.9961,1,1,1,5,horse,0.9961
29,ConAbl+L2SP(25000),MAB_L2,MA,horse,horse_literal_1,literal,1,101,/data/bijaypandey/cuig_pilot/seq_pilot/eval_seed29/MAB_L2/images/horse_literal_1_seed101.jpg,03f61072c388305e,0.9988,1,1,1,3,horse,0.9988
29,ConAbl+L2SP(25000),MAB_L2,MA,horse,horse_literal_1,literal,1,202,/data/bijaypandey/cuig_pilot/seq_pilot/eval_seed29/MAB_L2/images/horse_literal_1_seed202.jpg,79aef5890a7b43c8,0.9997,1,1,1,1,horse,0.9997
29,ConAbl+L2SP(25000),MAB_L2,MA,horse,horse_literal_1,literal,1,303,/data/bijaypandey/cuig_pilot/seq_pilot/eval_seed29/MAB_L2/images/horse_literal_1_seed303.jpg,5192d7cf9245c167,0.9415,1,1,1,5,horse,0.9415
29,ConAbl+L2SP(25000),MAB_L2,MA,horse,horse_literal_1,literal,1,404,/data/bijaypandey/cuig_pilot/seq_pilot/eval_seed29/MAB_L2/images/horse_literal_1_seed404.jpg,a4a01cd9eb0bb697,0.9995,1,1,1,7,horse,0.9995
29,ConAbl+L2SP(25000),MAB_L2,MA,horse,horse_literal_2,literal,2,101,/data/bijaypandey/cuig_pilot/seq_pilot/eval_seed29/MAB_L2/images/horse_literal_2_seed101.jpg,79f0d3327e54fb75,0.9927,1,1,1,2,horse,0.9927
29,ConAbl+L2SP(25000),MAB_L2,MA,horse,horse_literal_2,literal,2,202,/data/bijaypandey/cuig_pilot/seq_pilot/eval_seed29/MAB_L2/images/horse_literal_2_seed202.jpg,97668ea14c1023c5,0.9524,1,1,1,4,horse,0.9524
29,ConAbl+L2SP(25000),MAB_L2,MA,horse,horse_literal_2,literal,2,303,/data/bijaypandey/cuig_pilot/seq_pilot/eval_seed29/MAB_L2/images/horse_literal_2_seed303.jpg,acc472cf4d632706,0.9578,1,1,1,4,horse,0.9578
29,ConAbl+L2SP(25000),MAB_L2,MA,horse,horse_literal_2,literal,2,404,/data/bijaypandey/cuig_pilot/seq_pilot/eval_seed29/MAB_L2/images/horse_literal_2_seed404.jpg,d382a7fdd0af3303,0.9953,1,1,1,7,horse,0.9953
29,ConAbl+L2SP(25000),MAB_L2,MA,horse,horse_literal_3,literal,3,101,/data/bijaypandey/cuig_pilot/seq_pilot/eval_seed29/MAB_L2/images/horse_literal_3_seed101.jpg,6313308ea3b8f59a,0.9996,1,1,1,2,horse,0.9996
29,ConAbl+L2SP(25000),MAB_L2,MA,horse,horse_literal_3,literal,3,202,/data/bijaypandey/cuig_pilot/seq_pilot/eval_seed29/MAB_L2/images/horse_literal_3_seed202.jpg,8242e6aa06c121ad,0.9991,1,1,1,2,horse,0.9991
29,ConAbl+L2SP(25000),MAB_L2,MA,horse,horse_literal_3,literal,3,303,/data/bijaypandey/cuig_pilot/seq_pilot/eval_seed29/MAB_L2/images/horse_literal_3_seed303.jpg,aee781424048ff3f,0.9997,1,1,1,3,horse,0.9997
29,ConAbl+L2SP(25000),MAB_L2,MA,horse,horse_literal_3,literal,3,404,/data/bijaypandey/cuig_pilot/seq_pilot/eval_seed29/MAB_L2/images/horse_literal_3_seed404.jpg,810dd08895f448e5,0.9992,1,1,1,5,horse,0.9992
29,ConAbl+L2SP(25000),MAB_L2,MA,horse,horse_literal_4,literal,4,101,/data/bijaypandey/cuig_pilot/seq_pilot/eval_seed29/MAB_L2/images/horse_literal_4_seed101.jpg,58e84387a3b55d49,0.9996,1,1,1,4,horse,0.9996
29,ConAbl+L2SP(25000),MAB_L2,MA,horse,horse_literal_4,literal,4,202,/data/bijaypandey/cuig_pilot/seq_pilot/eval_seed29/MAB_L2/images/horse_literal_4_seed202.jpg,e1827b2e574c3001,0.9998,1,1,1,6,horse,0.9998
29,ConAbl+L2SP(25000),MAB_L2,MA,horse,horse_literal_4,literal,4,303,/data/bijaypandey/cuig_pilot/seq_pilot/eval_seed29/MAB_L2/images/horse_literal_4_seed303.jpg,e58b8bec0fbf3e1c,0.9999,1,1,1,1,horse,0.9999
29,ConAbl+L2SP(25000),MAB_L2,MA,horse,horse_literal_4,literal,4,404,/data/bijaypandey/cuig_pilot/seq_pilot/eval_seed29/MAB_L2/images/horse_literal_4_seed404.jpg,e6d1cb80a6b1bb60,0.9992,1,1,1,1,horse,0.9992
29,ConAbl+L2SP(25000),MAB_L2,MA,horse,horse_paraphrase_0,paraphrase,0,101,/data/bijaypandey/cuig_pilot/seq_pilot/eval_seed29/MAB_L2/images/horse_paraphrase_0_seed101.jpg,2d1ad1bdf886573a,0.9995,1,1,1,1,horse,0.9995
29,ConAbl+L2SP(25000),MAB_L2,MA,horse,horse_paraphrase_0,paraphrase,0,202,/data/bijaypandey/cuig_pilot/seq_pilot/eval_seed29/MAB_L2/images/horse_paraphrase_0_seed202.jpg,a48dc7574c796a6c,0.9984,1,1,1,7,horse,0.9984
29,ConAbl+L2SP(25000),MAB_L2,MA,horse,horse_paraphrase_0,paraphrase,0,303,/data/bijaypandey/cuig_pilot/seq_pilot/eval_seed29/MAB_L2/images/horse_paraphrase_0_seed303.jpg,67c38fc8cafda00a,0.9980,1,1,1,1,horse,0.9980
29,ConAbl+L2SP(25000),MAB_L2,MA,horse,horse_paraphrase_0,paraphrase,0,404,/data/bijaypandey/cuig_pilot/seq_pilot/eval_seed29/MAB_L2/images/horse_paraphrase_0_seed404.jpg,4fe02eb5c3a4a4ab,0.9805,1,1,1,5,horse,0.9805
29,ConAbl+L2SP(25000),MAB_L2,MA,horse,horse_paraphrase_1,paraphrase,1,101,/data/bijaypandey/cuig_pilot/seq_pilot/eval_seed29/MAB_L2/images/horse_paraphrase_1_seed101.jpg,ca3cbab0ae35d17c,0.9992,1,1,1,1,horse,0.9992
29,ConAbl+L2SP(25000),MAB_L2,MA,horse,horse_paraphrase_1,paraphrase,1,202,/data/bijaypandey/cuig_pilot/seq_pilot/eval_seed29/MAB_L2/images/horse_paraphrase_1_seed202.jpg,e2f4a2e588e6145e,0.9990,1,1,1,4,horse,0.9990
29,ConAbl+L2SP(25000),MAB_L2,MA,horse,horse_paraphrase_1,paraphrase,1,303,/data/bijaypandey/cuig_pilot/seq_pilot/eval_seed29/MAB_L2/images/horse_paraphrase_1_seed303.jpg,44c911425b22409b,0.9985,1,1,1,4,horse,0.9985
29,ConAbl+L2SP(25000),MAB_L2,MA,horse,horse_paraphrase_1,paraphrase,1,404,/data/bijaypandey/cuig_pilot/seq_pilot/eval_seed29/MAB_L2/images/horse_paraphrase_1_seed404.jpg,19886132f58a1b9b,0.9992,1,1,1,3,horse,0.9992
29,ConAbl+L2SP(25000),MAB_L2,MA,horse,horse_paraphrase_2,paraphrase,2,101,/data/bijaypandey/cuig_pilot/seq_pilot/eval_seed29/MAB_L2/images/horse_paraphrase_2_seed101.jpg,2fa6d3b970875a1c,0.9944,1,1,1,4,horse,0.9944
29,ConAbl+L2SP(25000),MAB_L2,MA,horse,horse_paraphrase_2,paraphrase,2,202,/data/bijaypandey/cuig_pilot/seq_pilot/eval_seed29/MAB_L2/images/horse_paraphrase_2_seed202.jpg,33ab6d8f81655b8e,0.9985,1,1,1,3,horse,0.9985
29,ConAbl+L2SP(25000),MAB_L2,MA,horse,horse_paraphrase_2,paraphrase,2,303,/data/bijaypandey/cuig_pilot/seq_pilot/eval_seed29/MAB_L2/images/horse_paraphrase_2_seed303.jpg,f1c8b8a8ec26001e,0.9981,1,1,1,6,horse,0.9981
29,ConAbl+L2SP(25000),MAB_L2,MA,horse,horse_paraphrase_2,paraphrase,2,404,/data/bijaypandey/cuig_pilot/seq_pilot/eval_seed29/MAB_L2/images/horse_paraphrase_2_seed404.jpg,bde112821a20a46f,0.9858,1,1,1,4,horse,0.9858
29,ConAbl+L2SP(25000),MAB_L2,MA,horse,horse_paraphrase_3,paraphrase,3,101,/data/bijaypandey/cuig_pilot/seq_pilot/eval_seed29/MAB_L2/images/horse_paraphrase_3_seed101.jpg,47934a45a036db77,0.9827,1,1,1,2,horse,0.9827
29,ConAbl+L2SP(25000),MAB_L2,MA,horse,horse_paraphrase_3,paraphrase,3,202,/data/bijaypandey/cuig_pilot/seq_pilot/eval_seed29/MAB_L2/images/horse_paraphrase_3_seed202.jpg,8214a9235af3a8aa,0.9961,1,1,1,4,horse,0.9961
29,ConAbl+L2SP(25000),MAB_L2,MA,horse,horse_paraphrase_3,paraphrase,3,303,/data/bijaypandey/cuig_pilot/seq_pilot/eval_seed29/MAB_L2/images/horse_paraphrase_3_seed303.jpg,fd5043e19e98b85e,0.9996,1,1,1,6,horse,0.9996
29,ConAbl+L2SP(25000),MAB_L2,MA,horse,horse_paraphrase_3,paraphrase,3,404,/data/bijaypandey/cuig_pilot/seq_pilot/eval_seed29/MAB_L2/images/horse_paraphrase_3_seed404.jpg,54d8ccb6621492c8,0.9993,1,1,1,15,horse,0.9993
29,ConAbl+L2SP(25000),MAB_L2,MA,horse,horse_paraphrase_4,paraphrase,4,101,/data/bijaypandey/cuig_pilot/seq_pilot/eval_seed29/MAB_L2/images/horse_paraphrase_4_seed101.jpg,157a102c80941ac2,0.9960,1,1,1,3,horse,0.9960
29,ConAbl+L2SP(25000),MAB_L2,MA,horse,horse_paraphrase_4,paraphrase,4,202,/data/bijaypandey/cuig_pilot/seq_pilot/eval_seed29/MAB_L2/images/horse_paraphrase_4_seed202.jpg,ccecc00dad75cda3,0.9975,1,1,1,2,horse,0.9975
29,ConAbl+L2SP(25000),MAB_L2,MA,horse,horse_paraphrase_4,paraphrase,4,303,/data/bijaypandey/cuig_pilot/seq_pilot/eval_seed29/MAB_L2/images/horse_paraphrase_4_seed303.jpg,01209284abf6f7be,0.9996,1,1,1,4,horse,0.9996
29,ConAbl+L2SP(25000),MAB_L2,MA,horse,horse_paraphrase_4,paraphrase,4,404,/data/bijaypandey/cuig_pilot/seq_pilot/eval_seed29/MAB_L2/images/horse_paraphrase_4_seed404.jpg,ded81d2a5424604d,0.9999,1,1,1,2,horse,0.9999
29,ConAbl+L2SP(25000),MAB_L2,MA,bird,bird_literal_0,literal,0,101,/data/bijaypandey/cuig_pilot/seq_pilot/eval_seed29/MAB_L2/images/bird_literal_0_seed101.jpg,6eaa7e0479f76950,0.9988,1,1,1,2,bird,0.9988
29,ConAbl+L2SP(25000),MAB_L2,MA,bird,bird_literal_0,literal,0,202,/data/bijaypandey/cuig_pilot/seq_pilot/eval_seed29/MAB_L2/images/bird_literal_0_seed202.jpg,234f378c9425f248,0.9967,1,1,1,1,bird,0.9967
29,ConAbl+L2SP(25000),MAB_L2,MA,bird,bird_literal_0,literal,0,303,/data/bijaypandey/cuig_pilot/seq_pilot/eval_seed29/MAB_L2/images/bird_literal_0_seed303.jpg,4e5c58752630763f,0.9994,1,1,1,2,bird,0.9994
29,ConAbl+L2SP(25000),MAB_L2,MA,bird,bird_literal_0,literal,0,404,/data/bijaypandey/cuig_pilot/seq_pilot/eval_seed29/MAB_L2/images/bird_literal_0_seed404.jpg,0de86ac1144707ab,0.9976,1,1,1,1,bird,0.9976
29,ConAbl+L2SP(25000),MAB_L2,MA,bird,bird_literal_1,literal,1,101,/data/bijaypandey/cuig_pilot/seq_pilot/eval_seed29/MAB_L2/images/bird_literal_1_seed101.jpg,7dbd6e3758e2121c,0.9938,1,1,1,18,bird,0.9938
29,ConAbl+L2SP(25000),MAB_L2,MA,bird,bird_literal_1,literal,1,202,/data/bijaypandey/cuig_pilot/seq_pilot/eval_seed29/MAB_L2/images/bird_literal_1_seed202.jpg,cc56b296dffa987c,0.9979,1,1,1,4,bird,0.9979
29,ConAbl+L2SP(25000),MAB_L2,MA,bird,bird_literal_1,literal,1,303,/data/bijaypandey/cuig_pilot/seq_pilot/eval_seed29/MAB_L2/images/bird_literal_1_seed303.jpg,2dd37f4f7e42f498,0.9998,1,1,1,3,bird,0.9998
29,ConAbl+L2SP(25000),MAB_L2,MA,bird,bird_literal_1,literal,1,404,/data/bijaypandey/cuig_pilot/seq_pilot/eval_seed29/MAB_L2/images/bird_literal_1_seed404.jpg,76ce87f6385a2902,0.9990,1,1,1,2,bird,0.9990
29,ConAbl+L2SP(25000),MAB_L2,MA,bird,bird_literal_2,literal,2,101,/data/bijaypandey/cuig_pilot/seq_pilot/eval_seed29/MAB_L2/images/bird_literal_2_seed101.jpg,e4edd117f8c384e4,0.0000,0,0,0,0,,0.0000
29,ConAbl+L2SP(25000),MAB_L2,MA,bird,bird_literal_2,literal,2,202,/data/bijaypandey/cuig_pilot/seq_pilot/eval_seed29/MAB_L2/images/bird_literal_2_seed202.jpg,b5dd95568b1a7366,0.9995,1,1,1,2,bird,0.9995
29,ConAbl+L2SP(25000),MAB_L2,MA,bird,bird_literal_2,literal,2,303,/data/bijaypandey/cuig_pilot/seq_pilot/eval_seed29/MAB_L2/images/bird_literal_2_seed303.jpg,29d4e2234f75e200,0.0000,0,0,0,3,vase,0.5232
29,ConAbl+L2SP(25000),MAB_L2,MA,bird,bird_literal_2,literal,2,404,/data/bijaypandey/cuig_pilot/seq_pilot/eval_seed29/MAB_L2/images/bird_literal_2_seed404.jpg,f1306e212f89ccf0,0.9990,1,1,1,3,bird,0.9990
29,ConAbl+L2SP(25000),MAB_L2,MA,bird,bird_literal_3,literal,3,101,/data/bijaypandey/cuig_pilot/seq_pilot/eval_seed29/MAB_L2/images/bird_literal_3_seed101.jpg,99f2322bdb258208,0.9876,1,1,1,5,bird,0.9876
29,ConAbl+L2SP(25000),MAB_L2,MA,bird,bird_literal_3,literal,3,202,/data/bijaypandey/cuig_pilot/seq_pilot/eval_seed29/MAB_L2/images/bird_literal_3_seed202.jpg,69781a2883e9cd6e,0.9954,1,1,1,1,bird,0.9954
29,ConAbl+L2SP(25000),MAB_L2,MA,bird,bird_literal_3,literal,3,303,/data/bijaypandey/cuig_pilot/seq_pilot/eval_seed29/MAB_L2/images/bird_literal_3_seed303.jpg,01e4494426b56e80,0.9973,1,1,1,5,bird,0.9973
29,ConAbl+L2SP(25000),MAB_L2,MA,bird,bird_literal_3,literal,3,404,/data/bijaypandey/cuig_pilot/seq_pilot/eval_seed29/MAB_L2/images/bird_literal_3_seed404.jpg,6ed6b9418a72b495,0.9960,1,1,1,12,bird,0.9960
29,ConAbl+L2SP(25000),MAB_L2,MA,bird,bird_literal_4,literal,4,101,/data/bijaypandey/cuig_pilot/seq_pilot/eval_seed29/MAB_L2/images/bird_literal_4_seed101.jpg,aa6f9d23f675edcd,0.9963,1,1,1,6,bird,0.9963
29,ConAbl+L2SP(25000),MAB_L2,MA,bird,bird_literal_4,literal,4,202,/data/bijaypandey/cuig_pilot/seq_pilot/eval_seed29/MAB_L2/images/bird_literal_4_seed202.jpg,339825761dee4413,0.9955,1,1,1,4,bird,0.9955
29,ConAbl+L2SP(25000),MAB_L2,MA,bird,bird_literal_4,literal,4,303,/data/bijaypandey/cuig_pilot/seq_pilot/eval_seed29/MAB_L2/images/bird_literal_4_seed303.jpg,c79672fe08d99880,0.8571,1,1,1,2,bird,0.8571
29,ConAbl+L2SP(25000),MAB_L2,MA,bird,bird_literal_4,literal,4,404,/data/bijaypandey/cuig_pilot/seq_pilot/eval_seed29/MAB_L2/images/bird_literal_4_seed404.jpg,24363bf7ccab6f7e,0.9803,1,1,1,4,bird,0.9803
29,ConAbl+L2SP(25000),MAB_L2,MA,bird,bird_paraphrase_0,paraphrase,0,101,/data/bijaypandey/cuig_pilot/seq_pilot/eval_seed29/MAB_L2/images/bird_paraphrase_0_seed101.jpg,78ec2ec9ff9b6a62,0.9972,1,1,1,4,bird,0.9972
29,ConAbl+L2SP(25000),MAB_L2,MA,bird,bird_paraphrase_0,paraphrase,0,202,/data/bijaypandey/cuig_pilot/seq_pilot/eval_seed29/MAB_L2/images/bird_paraphrase_0_seed202.jpg,4700fea282810a63,0.9997,1,1,1,3,bird,0.9997
29,ConAbl+L2SP(25000),MAB_L2,MA,bird,bird_paraphrase_0,paraphrase,0,303,/data/bijaypandey/cuig_pilot/seq_pilot/eval_seed29/MAB_L2/images/bird_paraphrase_0_seed303.jpg,725b6e750a8508a0,0.9981,1,1,1,1,bird,0.9981
29,ConAbl+L2SP(25000),MAB_L2,MA,bird,bird_paraphrase_0,paraphrase,0,404,/data/bijaypandey/cuig_pilot/seq_pilot/eval_seed29/MAB_L2/images/bird_paraphrase_0_seed404.jpg,028234dbf1b4d39a,0.9992,1,1,1,4,bird,0.9992
29,ConAbl+L2SP(25000),MAB_L2,MA,bird,bird_paraphrase_1,paraphrase,1,101,/data/bijaypandey/cuig_pilot/seq_pilot/eval_seed29/MAB_L2/images/bird_paraphrase_1_seed101.jpg,4ba130429a6302c6,0.5829,1,1,0,5,horse,0.9520
29,ConAbl+L2SP(25000),MAB_L2,MA,bird,bird_paraphrase_1,paraphrase,1,202,/data/bijaypandey/cuig_pilot/seq_pilot/eval_seed29/MAB_L2/images/bird_paraphrase_1_seed202.jpg,eaf970974d8b601b,0.9995,1,1,1,7,bird,0.9995
29,ConAbl+L2SP(25000),MAB_L2,MA,bird,bird_paraphrase_1,paraphrase,1,303,/data/bijaypandey/cuig_pilot/seq_pilot/eval_seed29/MAB_L2/images/bird_paraphrase_1_seed303.jpg,50bb930237bcc205,0.9085,1,1,1,4,bird,0.9085
29,ConAbl+L2SP(25000),MAB_L2,MA,bird,bird_paraphrase_1,paraphrase,1,404,/data/bijaypandey/cuig_pilot/seq_pilot/eval_seed29/MAB_L2/images/bird_paraphrase_1_seed404.jpg,65e78b4a0f02c620,0.8932,1,1,1,6,bird,0.8932
29,ConAbl+L2SP(25000),MAB_L2,MA,bird,bird_paraphrase_2,paraphrase,2,101,/data/bijaypandey/cuig_pilot/seq_pilot/eval_seed29/MAB_L2/images/bird_paraphrase_2_seed101.jpg,136b44ab855a3852,0.9978,1,1,1,1,bird,0.9978
29,ConAbl+L2SP(25000),MAB_L2,MA,bird,bird_paraphrase_2,paraphrase,2,202,/data/bijaypandey/cuig_pilot/seq_pilot/eval_seed29/MAB_L2/images/bird_paraphrase_2_seed202.jpg,327de0b516ed1d28,0.0000,0,0,0,6,umbrella,0.6608
29,ConAbl+L2SP(25000),MAB_L2,MA,bird,bird_paraphrase_2,paraphrase,2,303,/data/bijaypandey/cuig_pilot/seq_pilot/eval_seed29/MAB_L2/images/bird_paraphrase_2_seed303.jpg,149823d545c49308,0.9886,1,1,1,4,bird,0.9886
29,ConAbl+L2SP(25000),MAB_L2,MA,bird,bird_paraphrase_2,paraphrase,2,404,/data/bijaypandey/cuig_pilot/seq_pilot/eval_seed29/MAB_L2/images/bird_paraphrase_2_seed404.jpg,5d6ea05dedb77c88,0.9559,1,1,1,6,bird,0.9559
29,ConAbl+L2SP(25000),MAB_L2,MA,bird,bird_paraphrase_3,paraphrase,3,101,/data/bijaypandey/cuig_pilot/seq_pilot/eval_seed29/MAB_L2/images/bird_paraphrase_3_seed101.jpg,dc4a6e941121affa,0.9974,1,1,1,36,bird,0.9974
29,ConAbl+L2SP(25000),MAB_L2,MA,bird,bird_paraphrase_3,paraphrase,3,202,/data/bijaypandey/cuig_pilot/seq_pilot/eval_seed29/MAB_L2/images/bird_paraphrase_3_seed202.jpg,5a21dbe63b90eb78,0.9978,1,1,1,9,bird,0.9978
29,ConAbl+L2SP(25000),MAB_L2,MA,bird,bird_paraphrase_3,paraphrase,3,303,/data/bijaypandey/cuig_pilot/seq_pilot/eval_seed29/MAB_L2/images/bird_paraphrase_3_seed303.jpg,90324f12b010f98b,0.9985,1,1,1,20,bird,0.9985
29,ConAbl+L2SP(25000),MAB_L2,MA,bird,bird_paraphrase_3,paraphrase,3,404,/data/bijaypandey/cuig_pilot/seq_pilot/eval_seed29/MAB_L2/images/bird_paraphrase_3_seed404.jpg,56612e5349bd75db,0.0000,0,0,0,7,horse,0.9659
29,ConAbl+L2SP(25000),MAB_L2,MA,bird,bird_paraphrase_4,paraphrase,4,101,/data/bijaypandey/cuig_pilot/seq_pilot/eval_seed29/MAB_L2/images/bird_paraphrase_4_seed101.jpg,94b0a97abca2e310,0.9385,1,1,1,6,bird,0.9385
29,ConAbl+L2SP(25000),MAB_L2,MA,bird,bird_paraphrase_4,paraphrase,4,202,/data/bijaypandey/cuig_pilot/seq_pilot/eval_seed29/MAB_L2/images/bird_paraphrase_4_seed202.jpg,365892858495f692,0.9728,1,1,1,8,bird,0.9728
29,ConAbl+L2SP(25000),MAB_L2,MA,bird,bird_paraphrase_4,paraphrase,4,303,/data/bijaypandey/cuig_pilot/seq_pilot/eval_seed29/MAB_L2/images/bird_paraphrase_4_seed303.jpg,6ba73e8618c72e17,0.8723,1,1,1,7,bird,0.8723
29,ConAbl+L2SP(25000),MAB_L2,MA,bird,bird_paraphrase_4,paraphrase,4,404,/data/bijaypandey/cuig_pilot/seq_pilot/eval_seed29/MAB_L2/images/bird_paraphrase_4_seed404.jpg,09b18bb0f2f1af4f,0.8526,1,1,1,6,bird,0.8526
29,ConAbl+L2SP(25000),MAB_L2,MA,chair,chair_literal_0,literal,0,101,/data/bijaypandey/cuig_pilot/seq_pilot/eval_seed29/MAB_L2/images/chair_literal_0_seed101.jpg,903afd455aede517,0.9960,1,1,1,13,chair,0.9960
29,ConAbl+L2SP(25000),MAB_L2,MA,chair,chair_literal_0,literal,0,202,/data/bijaypandey/cuig_pilot/seq_pilot/eval_seed29/MAB_L2/images/chair_literal_0_seed202.jpg,4dffca24920842f5,0.9969,1,1,1,1,chair,0.9969
29,ConAbl+L2SP(25000),MAB_L2,MA,chair,chair_literal_0,literal,0,303,/data/bijaypandey/cuig_pilot/seq_pilot/eval_seed29/MAB_L2/images/chair_literal_0_seed303.jpg,728c58847553b97f,0.9981,1,1,1,2,chair,0.9981
29,ConAbl+L2SP(25000),MAB_L2,MA,chair,chair_literal_0,literal,0,404,/data/bijaypandey/cuig_pilot/seq_pilot/eval_seed29/MAB_L2/images/chair_literal_0_seed404.jpg,e5d916667758a0a4,0.9601,1,1,1,3,chair,0.9601
29,ConAbl+L2SP(25000),MAB_L2,MA,chair,chair_literal_1,literal,1,101,/data/bijaypandey/cuig_pilot/seq_pilot/eval_seed29/MAB_L2/images/chair_literal_1_seed101.jpg,5b9f6e7855f90815,0.9489,1,1,1,13,chair,0.9489
29,ConAbl+L2SP(25000),MAB_L2,MA,chair,chair_literal_1,literal,1,202,/data/bijaypandey/cuig_pilot/seq_pilot/eval_seed29/MAB_L2/images/chair_literal_1_seed202.jpg,a7752d697e1abbf6,0.9825,1,1,1,9,chair,0.9825
29,ConAbl+L2SP(25000),MAB_L2,MA,chair,chair_literal_1,literal,1,303,/data/bijaypandey/cuig_pilot/seq_pilot/eval_seed29/MAB_L2/images/chair_literal_1_seed303.jpg,ed9dd92e083d3ecd,0.7684,1,1,1,9,chair,0.7684
29,ConAbl+L2SP(25000),MAB_L2,MA,chair,chair_literal_1,literal,1,404,/data/bijaypandey/cuig_pilot/seq_pilot/eval_seed29/MAB_L2/images/chair_literal_1_seed404.jpg,ddfa7329edaac13d,0.9801,1,1,1,10,chair,0.9801
29,ConAbl+L2SP(25000),MAB_L2,MA,chair,chair_literal_2,literal,2,101,/data/bijaypandey/cuig_pilot/seq_pilot/eval_seed29/MAB_L2/images/chair_literal_2_seed101.jpg,1916cd66da4e1e19,0.9981,1,1,1,6,chair,0.9981
29,ConAbl+L2SP(25000),MAB_L2,MA,chair,chair_literal_2,literal,2,202,/data/bijaypandey/cuig_pilot/seq_pilot/eval_seed29/MAB_L2/images/chair_literal_2_seed202.jpg,7f7cda5867a6b1ff,0.9742,1,1,1,5,chair,0.9742
29,ConAbl+L2SP(25000),MAB_L2,MA,chair,chair_literal_2,literal,2,303,/data/bijaypandey/cuig_pilot/seq_pilot/eval_seed29/MAB_L2/images/chair_literal_2_seed303.jpg,cfa19c97da487f4b,0.9986,1,1,1,13,chair,0.9986
29,ConAbl+L2SP(25000),MAB_L2,MA,chair,chair_literal_2,literal,2,404,/data/bijaypandey/cuig_pilot/seq_pilot/eval_seed29/MAB_L2/images/chair_literal_2_seed404.jpg,059fdff5f09170db,0.9975,1,1,1,9,chair,0.9975
29,ConAbl+L2SP(25000),MAB_L2,MA,chair,chair_literal_3,literal,3,101,/data/bijaypandey/cuig_pilot/seq_pilot/eval_seed29/MAB_L2/images/chair_literal_3_seed101.jpg,58e428580825077a,0.9523,1,1,1,21,chair,0.9523
29,ConAbl+L2SP(25000),MAB_L2,MA,chair,chair_literal_3,literal,3,202,/data/bijaypandey/cuig_pilot/seq_pilot/eval_seed29/MAB_L2/images/chair_literal_3_seed202.jpg,6546abb2593248f3,0.9880,1,1,1,9,chair,0.9880
29,ConAbl+L2SP(25000),MAB_L2,MA,chair,chair_literal_3,literal,3,303,/data/bijaypandey/cuig_pilot/seq_pilot/eval_seed29/MAB_L2/images/chair_literal_3_seed303.jpg,8bc61870f6a652b2,0.9766,1,1,1,4,chair,0.9766
29,ConAbl+L2SP(25000),MAB_L2,MA,chair,chair_literal_3,literal,3,404,/data/bijaypandey/cuig_pilot/seq_pilot/eval_seed29/MAB_L2/images/chair_literal_3_seed404.jpg,97a722d5708769aa,0.1389,0,0,0,5,couch,0.9635
29,ConAbl+L2SP(25000),MAB_L2,MA,chair,chair_literal_4,literal,4,101,/data/bijaypandey/cuig_pilot/seq_pilot/eval_seed29/MAB_L2/images/chair_literal_4_seed101.jpg,63d7ab944f4d33e3,0.9960,1,1,1,3,chair,0.9960
29,ConAbl+L2SP(25000),MAB_L2,MA,chair,chair_literal_4,literal,4,202,/data/bijaypandey/cuig_pilot/seq_pilot/eval_seed29/MAB_L2/images/chair_literal_4_seed202.jpg,58cb61a72ed213ea,0.9795,1,1,1,6,chair,0.9795
29,ConAbl+L2SP(25000),MAB_L2,MA,chair,chair_literal_4,literal,4,303,/data/bijaypandey/cuig_pilot/seq_pilot/eval_seed29/MAB_L2/images/chair_literal_4_seed303.jpg,0502e8ccd96b247d,0.9966,1,1,1,2,chair,0.9966
29,ConAbl+L2SP(25000),MAB_L2,MA,chair,chair_literal_4,literal,4,404,/data/bijaypandey/cuig_pilot/seq_pilot/eval_seed29/MAB_L2/images/chair_literal_4_seed404.jpg,c013d4bccc7dd337,0.9976,1,1,1,2,chair,0.9976
29,ConAbl+L2SP(25000),MAB_L2,MA,chair,chair_paraphrase_0,paraphrase,0,101,/data/bijaypandey/cuig_pilot/seq_pilot/eval_seed29/MAB_L2/images/chair_paraphrase_0_seed101.jpg,15d166c3a210ed4b,0.8612,1,1,1,11,chair,0.8612
29,ConAbl+L2SP(25000),MAB_L2,MA,chair,chair_paraphrase_0,paraphrase,0,202,/data/bijaypandey/cuig_pilot/seq_pilot/eval_seed29/MAB_L2/images/chair_paraphrase_0_seed202.jpg,f12a8d2c8396590f,0.9812,1,1,1,5,chair,0.9812
29,ConAbl+L2SP(25000),MAB_L2,MA,chair,chair_paraphrase_0,paraphrase,0,303,/data/bijaypandey/cuig_pilot/seq_pilot/eval_seed29/MAB_L2/images/chair_paraphrase_0_seed303.jpg,1387e2ba9737a479,0.6638,1,1,0,17,chair,0.6638
29,ConAbl+L2SP(25000),MAB_L2,MA,chair,chair_paraphrase_0,paraphrase,0,404,/data/bijaypandey/cuig_pilot/seq_pilot/eval_seed29/MAB_L2/images/chair_paraphrase_0_seed404.jpg,fb0dff3a9a9ba05a,0.9976,1,1,1,6,chair,0.9976
29,ConAbl+L2SP(25000),MAB_L2,MA,chair,chair_paraphrase_1,paraphrase,1,101,/data/bijaypandey/cuig_pilot/seq_pilot/eval_seed29/MAB_L2/images/chair_paraphrase_1_seed101.jpg,9ebd8a4ffba26a43,0.9978,1,1,1,7,chair,0.9978
29,ConAbl+L2SP(25000),MAB_L2,MA,chair,chair_paraphrase_1,paraphrase,1,202,/data/bijaypandey/cuig_pilot/seq_pilot/eval_seed29/MAB_L2/images/chair_paraphrase_1_seed202.jpg,d93dcf944d2dfe52,0.6682,1,1,0,8,tv,0.9158
29,ConAbl+L2SP(25000),MAB_L2,MA,chair,chair_paraphrase_1,paraphrase,1,303,/data/bijaypandey/cuig_pilot/seq_pilot/eval_seed29/MAB_L2/images/chair_paraphrase_1_seed303.jpg,92f5c2c89a6e1768,0.8218,1,1,1,10,chair,0.8218
29,ConAbl+L2SP(25000),MAB_L2,MA,chair,chair_paraphrase_1,paraphrase,1,404,/data/bijaypandey/cuig_pilot/seq_pilot/eval_seed29/MAB_L2/images/chair_paraphrase_1_seed404.jpg,1e0aba6c7438678a,0.9618,1,1,1,6,chair,0.9618
29,ConAbl+L2SP(25000),MAB_L2,MA,chair,chair_paraphrase_2,paraphrase,2,101,/data/bijaypandey/cuig_pilot/seq_pilot/eval_seed29/MAB_L2/images/chair_paraphrase_2_seed101.jpg,ca52076a7383ddaa,0.9841,1,1,1,5,chair,0.9841
29,ConAbl+L2SP(25000),MAB_L2,MA,chair,chair_paraphrase_2,paraphrase,2,202,/data/bijaypandey/cuig_pilot/seq_pilot/eval_seed29/MAB_L2/images/chair_paraphrase_2_seed202.jpg,e8e735d5a3eefd33,0.9393,1,1,1,13,chair,0.9393
29,ConAbl+L2SP(25000),MAB_L2,MA,chair,chair_paraphrase_2,paraphrase,2,303,/data/bijaypandey/cuig_pilot/seq_pilot/eval_seed29/MAB_L2/images/chair_paraphrase_2_seed303.jpg,22bbed5aaa36a069,0.9973,1,1,1,30,chair,0.9973
29,ConAbl+L2SP(25000),MAB_L2,MA,chair,chair_paraphrase_2,paraphrase,2,404,/data/bijaypandey/cuig_pilot/seq_pilot/eval_seed29/MAB_L2/images/chair_paraphrase_2_seed404.jpg,d85394e4c400804f,0.9807,1,1,1,16,chair,0.9807
29,ConAbl+L2SP(25000),MAB_L2,MA,chair,chair_paraphrase_3,paraphrase,3,101,/data/bijaypandey/cuig_pilot/seq_pilot/eval_seed29/MAB_L2/images/chair_paraphrase_3_seed101.jpg,ca6baaf0318579bf,0.1444,0,0,0,7,bench,0.4537
29,ConAbl+L2SP(25000),MAB_L2,MA,chair,chair_paraphrase_3,paraphrase,3,202,/data/bijaypandey/cuig_pilot/seq_pilot/eval_seed29/MAB_L2/images/chair_paraphrase_3_seed202.jpg,f8ada887b026a90c,0.3419,1,0,0,3,bench,0.5236
29,ConAbl+L2SP(25000),MAB_L2,MA,chair,chair_paraphrase_3,paraphrase,3,303,/data/bijaypandey/cuig_pilot/seq_pilot/eval_seed29/MAB_L2/images/chair_paraphrase_3_seed303.jpg,b121128490bd7ca0,0.5633,1,1,0,46,person,0.9947
29,ConAbl+L2SP(25000),MAB_L2,MA,chair,chair_paraphrase_3,paraphrase,3,404,/data/bijaypandey/cuig_pilot/seq_pilot/eval_seed29/MAB_L2/images/chair_paraphrase_3_seed404.jpg,6da726358d170c20,0.0000,0,0,0,5,bench,0.3837
29,ConAbl+L2SP(25000),MAB_L2,MA,chair,chair_paraphrase_4,paraphrase,4,101,/data/bijaypandey/cuig_pilot/seq_pilot/eval_seed29/MAB_L2/images/chair_paraphrase_4_seed101.jpg,953066984afdbddd,0.9979,1,1,1,9,chair,0.9979
29,ConAbl+L2SP(25000),MAB_L2,MA,chair,chair_paraphrase_4,paraphrase,4,202,/data/bijaypandey/cuig_pilot/seq_pilot/eval_seed29/MAB_L2/images/chair_paraphrase_4_seed202.jpg,9ec4d2bbeaca7905,0.0000,0,0,0,3,bench,0.1785
29,ConAbl+L2SP(25000),MAB_L2,MA,chair,chair_paraphrase_4,paraphrase,4,303,/data/bijaypandey/cuig_pilot/seq_pilot/eval_seed29/MAB_L2/images/chair_paraphrase_4_seed303.jpg,cf98f4adeb8d3700,0.9969,1,1,1,4,chair,0.9969
29,ConAbl+L2SP(25000),MAB_L2,MA,chair,chair_paraphrase_4,paraphrase,4,404,/data/bijaypandey/cuig_pilot/seq_pilot/eval_seed29/MAB_L2/images/chair_paraphrase_4_seed404.jpg,17c97b6ab1344fe8,0.8912,1,1,1,20,person,0.9979
29,ConAbl+L2SP(25000),MAB_L2,MA,bicycle,bicycle_literal_0,literal,0,101,/data/bijaypandey/cuig_pilot/seq_pilot/eval_seed29/MAB_L2/images/bicycle_literal_0_seed101.jpg,bf5176483b91dada,0.9881,1,1,1,3,bicycle,0.9881
29,ConAbl+L2SP(25000),MAB_L2,MA,bicycle,bicycle_literal_0,literal,0,202,/data/bijaypandey/cuig_pilot/seq_pilot/eval_seed29/MAB_L2/images/bicycle_literal_0_seed202.jpg,4f7104f7c440923f,0.9951,1,1,1,9,bicycle,0.9951
29,ConAbl+L2SP(25000),MAB_L2,MA,bicycle,bicycle_literal_0,literal,0,303,/data/bijaypandey/cuig_pilot/seq_pilot/eval_seed29/MAB_L2/images/bicycle_literal_0_seed303.jpg,dd5cb1a823013438,0.9945,1,1,1,2,bicycle,0.9945
29,ConAbl+L2SP(25000),MAB_L2,MA,bicycle,bicycle_literal_0,literal,0,404,/data/bijaypandey/cuig_pilot/seq_pilot/eval_seed29/MAB_L2/images/bicycle_literal_0_seed404.jpg,3d9de0aca05a2457,0.9952,1,1,1,4,bicycle,0.9952
29,ConAbl+L2SP(25000),MAB_L2,MA,bicycle,bicycle_literal_1,literal,1,101,/data/bijaypandey/cuig_pilot/seq_pilot/eval_seed29/MAB_L2/images/bicycle_literal_1_seed101.jpg,9c1a3915e4741741,0.9958,1,1,1,31,bicycle,0.9958
29,ConAbl+L2SP(25000),MAB_L2,MA,bicycle,bicycle_literal_1,literal,1,202,/data/bijaypandey/cuig_pilot/seq_pilot/eval_seed29/MAB_L2/images/bicycle_literal_1_seed202.jpg,d56f2266716a5f07,0.9984,1,1,1,5,bicycle,0.9984
29,ConAbl+L2SP(25000),MAB_L2,MA,bicycle,bicycle_literal_1,literal,1,303,/data/bijaypandey/cuig_pilot/seq_pilot/eval_seed29/MAB_L2/images/bicycle_literal_1_seed303.jpg,69972ef5dbe6bf6c,0.9987,1,1,1,15,bicycle,0.9987
29,ConAbl+L2SP(25000),MAB_L2,MA,bicycle,bicycle_literal_1,literal,1,404,/data/bijaypandey/cuig_pilot/seq_pilot/eval_seed29/MAB_L2/images/bicycle_literal_1_seed404.jpg,7d7c7a63378aae20,0.9993,1,1,1,1,bicycle,0.9993
29,ConAbl+L2SP(25000),MAB_L2,MA,bicycle,bicycle_literal_2,literal,2,101,/data/bijaypandey/cuig_pilot/seq_pilot/eval_seed29/MAB_L2/images/bicycle_literal_2_seed101.jpg,6e3d8b4416042c29,0.9964,1,1,1,2,bicycle,0.9964
29,ConAbl+L2SP(25000),MAB_L2,MA,bicycle,bicycle_literal_2,literal,2,202,/data/bijaypandey/cuig_pilot/seq_pilot/eval_seed29/MAB_L2/images/bicycle_literal_2_seed202.jpg,c047fdb2844532d1,0.9982,1,1,1,14,bicycle,0.9982
29,ConAbl+L2SP(25000),MAB_L2,MA,bicycle,bicycle_literal_2,literal,2,303,/data/bijaypandey/cuig_pilot/seq_pilot/eval_seed29/MAB_L2/images/bicycle_literal_2_seed303.jpg,ab30d9e1e27d904c,0.9995,1,1,1,1,bicycle,0.9995
29,ConAbl+L2SP(25000),MAB_L2,MA,bicycle,bicycle_literal_2,literal,2,404,/data/bijaypandey/cuig_pilot/seq_pilot/eval_seed29/MAB_L2/images/bicycle_literal_2_seed404.jpg,87060f73e8ee8c90,0.9918,1,1,1,3,bicycle,0.9918
29,ConAbl+L2SP(25000),MAB_L2,MA,bicycle,bicycle_literal_3,literal,3,101,/data/bijaypandey/cuig_pilot/seq_pilot/eval_seed29/MAB_L2/images/bicycle_literal_3_seed101.jpg,cced34bede73ac62,0.8681,1,1,1,17,bicycle,0.8681
29,ConAbl+L2SP(25000),MAB_L2,MA,bicycle,bicycle_literal_3,literal,3,202,/data/bijaypandey/cuig_pilot/seq_pilot/eval_seed29/MAB_L2/images/bicycle_literal_3_seed202.jpg,c6038d7f174e595d,0.9823,1,1,1,7,bicycle,0.9823
29,ConAbl+L2SP(25000),MAB_L2,MA,bicycle,bicycle_literal_3,literal,3,303,/data/bijaypandey/cuig_pilot/seq_pilot/eval_seed29/MAB_L2/images/bicycle_literal_3_seed303.jpg,889612ebf7c16bb3,0.9947,1,1,1,12,bicycle,0.9947
29,ConAbl+L2SP(25000),MAB_L2,MA,bicycle,bicycle_literal_3,literal,3,404,/data/bijaypandey/cuig_pilot/seq_pilot/eval_seed29/MAB_L2/images/bicycle_literal_3_seed404.jpg,32cdae8a178636cb,0.1194,0,0,0,4,chair,0.6676
29,ConAbl+L2SP(25000),MAB_L2,MA,bicycle,bicycle_literal_4,literal,4,101,/data/bijaypandey/cuig_pilot/seq_pilot/eval_seed29/MAB_L2/images/bicycle_literal_4_seed101.jpg,b92f913954a06787,0.9989,1,1,1,2,bicycle,0.9989
29,ConAbl+L2SP(25000),MAB_L2,MA,bicycle,bicycle_literal_4,literal,4,202,/data/bijaypandey/cuig_pilot/seq_pilot/eval_seed29/MAB_L2/images/bicycle_literal_4_seed202.jpg,1a4c160dfe1bf6f4,0.9986,1,1,1,3,bicycle,0.9986
29,ConAbl+L2SP(25000),MAB_L2,MA,bicycle,bicycle_literal_4,literal,4,303,/data/bijaypandey/cuig_pilot/seq_pilot/eval_seed29/MAB_L2/images/bicycle_literal_4_seed303.jpg,92db6a229627b464,0.9947,1,1,1,6,bicycle,0.9947
29,ConAbl+L2SP(25000),MAB_L2,MA,bicycle,bicycle_literal_4,literal,4,404,/data/bijaypandey/cuig_pilot/seq_pilot/eval_seed29/MAB_L2/images/bicycle_literal_4_seed404.jpg,d238d9fe8644dc5a,0.9988,1,1,1,3,bicycle,0.9988
29,ConAbl+L2SP(25000),MAB_L2,MA,bicycle,bicycle_paraphrase_0,paraphrase,0,101,/data/bijaypandey/cuig_pilot/seq_pilot/eval_seed29/MAB_L2/images/bicycle_paraphrase_0_seed101.jpg,8cd6924d2499b707,0.9800,1,1,1,3,person,0.9996
29,ConAbl+L2SP(25000),MAB_L2,MA,bicycle,bicycle_paraphrase_0,paraphrase,0,202,/data/bijaypandey/cuig_pilot/seq_pilot/eval_seed29/MAB_L2/images/bicycle_paraphrase_0_seed202.jpg,bbf0b5f4835eef2c,0.9908,1,1,1,7,bicycle,0.9908
29,ConAbl+L2SP(25000),MAB_L2,MA,bicycle,bicycle_paraphrase_0,paraphrase,0,303,/data/bijaypandey/cuig_pilot/seq_pilot/eval_seed29/MAB_L2/images/bicycle_paraphrase_0_seed303.jpg,edb08f50523d2c4c,0.9767,1,1,1,12,bicycle,0.9767
29,ConAbl+L2SP(25000),MAB_L2,MA,bicycle,bicycle_paraphrase_0,paraphrase,0,404,/data/bijaypandey/cuig_pilot/seq_pilot/eval_seed29/MAB_L2/images/bicycle_paraphrase_0_seed404.jpg,e0fb5e69f3be09fa,0.9970,1,1,1,6,person,0.9977
29,ConAbl+L2SP(25000),MAB_L2,MA,bicycle,bicycle_paraphrase_1,paraphrase,1,101,/data/bijaypandey/cuig_pilot/seq_pilot/eval_seed29/MAB_L2/images/bicycle_paraphrase_1_seed101.jpg,68a3660b247f951a,0.9979,1,1,1,14,bicycle,0.9979
29,ConAbl+L2SP(25000),MAB_L2,MA,bicycle,bicycle_paraphrase_1,paraphrase,1,202,/data/bijaypandey/cuig_pilot/seq_pilot/eval_seed29/MAB_L2/images/bicycle_paraphrase_1_seed202.jpg,72c40e544862db67,0.9981,1,1,1,19,bicycle,0.9981
29,ConAbl+L2SP(25000),MAB_L2,MA,bicycle,bicycle_paraphrase_1,paraphrase,1,303,/data/bijaypandey/cuig_pilot/seq_pilot/eval_seed29/MAB_L2/images/bicycle_paraphrase_1_seed303.jpg,c09d94b460c6d509,0.9979,1,1,1,3,bicycle,0.9979
29,ConAbl+L2SP(25000),MAB_L2,MA,bicycle,bicycle_paraphrase_1,paraphrase,1,404,/data/bijaypandey/cuig_pilot/seq_pilot/eval_seed29/MAB_L2/images/bicycle_paraphrase_1_seed404.jpg,d42be7a252dabcaa,0.9980,1,1,1,6,bicycle,0.9980
29,ConAbl+L2SP(25000),MAB_L2,MA,bicycle,bicycle_paraphrase_2,paraphrase,2,101,/data/bijaypandey/cuig_pilot/seq_pilot/eval_seed29/MAB_L2/images/bicycle_paraphrase_2_seed101.jpg,d5b81bbd1508dbbd,0.9767,1,1,1,17,person,0.9995
29,ConAbl+L2SP(25000),MAB_L2,MA,bicycle,bicycle_paraphrase_2,paraphrase,2,202,/data/bijaypandey/cuig_pilot/seq_pilot/eval_seed29/MAB_L2/images/bicycle_paraphrase_2_seed202.jpg,194b776387b923d8,0.9811,1,1,1,4,person,0.9999
29,ConAbl+L2SP(25000),MAB_L2,MA,bicycle,bicycle_paraphrase_2,paraphrase,2,303,/data/bijaypandey/cuig_pilot/seq_pilot/eval_seed29/MAB_L2/images/bicycle_paraphrase_2_seed303.jpg,a86118bd934fcd23,0.9707,1,1,1,5,bicycle,0.9707
29,ConAbl+L2SP(25000),MAB_L2,MA,bicycle,bicycle_paraphrase_2,paraphrase,2,404,/data/bijaypandey/cuig_pilot/seq_pilot/eval_seed29/MAB_L2/images/bicycle_paraphrase_2_seed404.jpg,1a381aa82539e80e,0.8891,1,1,1,35,person,0.9997
29,ConAbl+L2SP(25000),MAB_L2,MA,bicycle,bicycle_paraphrase_3,paraphrase,3,101,/data/bijaypandey/cuig_pilot/seq_pilot/eval_seed29/MAB_L2/images/bicycle_paraphrase_3_seed101.jpg,d35544ebc24f26dd,0.9976,1,1,1,15,bicycle,0.9976
29,ConAbl+L2SP(25000),MAB_L2,MA,bicycle,bicycle_paraphrase_3,paraphrase,3,202,/data/bijaypandey/cuig_pilot/seq_pilot/eval_seed29/MAB_L2/images/bicycle_paraphrase_3_seed202.jpg,121f0e7eea3f3f5e,0.9961,1,1,1,8,bicycle,0.9961
29,ConAbl+L2SP(25000),MAB_L2,MA,bicycle,bicycle_paraphrase_3,paraphrase,3,303,/data/bijaypandey/cuig_pilot/seq_pilot/eval_seed29/MAB_L2/images/bicycle_paraphrase_3_seed303.jpg,b2253643f108e6b9,0.9981,1,1,1,5,bicycle,0.9981
29,ConAbl+L2SP(25000),MAB_L2,MA,bicycle,bicycle_paraphrase_3,paraphrase,3,404,/data/bijaypandey/cuig_pilot/seq_pilot/eval_seed29/MAB_L2/images/bicycle_paraphrase_3_seed404.jpg,615c78d1dcf99da6,0.9986,1,1,1,6,bicycle,0.9986
29,ConAbl+L2SP(25000),MAB_L2,MA,bicycle,bicycle_paraphrase_4,paraphrase,4,101,/data/bijaypandey/cuig_pilot/seq_pilot/eval_seed29/MAB_L2/images/bicycle_paraphrase_4_seed101.jpg,34c42adfb6af2cc6,0.9553,1,1,1,8,bicycle,0.9553
29,ConAbl+L2SP(25000),MAB_L2,MA,bicycle,bicycle_paraphrase_4,paraphrase,4,202,/data/bijaypandey/cuig_pilot/seq_pilot/eval_seed29/MAB_L2/images/bicycle_paraphrase_4_seed202.jpg,9072113572992e5d,0.0573,0,0,0,20,tie,0.3508
29,ConAbl+L2SP(25000),MAB_L2,MA,bicycle,bicycle_paraphrase_4,paraphrase,4,303,/data/bijaypandey/cuig_pilot/seq_pilot/eval_seed29/MAB_L2/images/bicycle_paraphrase_4_seed303.jpg,47191b0d68d7cb46,0.1143,0,0,0,6,umbrella,0.3765
29,ConAbl+L2SP(25000),MAB_L2,MA,bicycle,bicycle_paraphrase_4,paraphrase,4,404,/data/bijaypandey/cuig_pilot/seq_pilot/eval_seed29/MAB_L2/images/bicycle_paraphrase_4_seed404.jpg,25db5547889c9bd5,0.9978,1,1,1,3,bicycle,0.9978
29,ConAbl+L2SP(25000),MAC_L2,MA,cat,cat_literal_0,literal,0,101,/data/bijaypandey/cuig_pilot/seq_pilot/eval_seed29/MAC_L2/images/cat_literal_0_seed101.jpg,ec72f363513870d5,0.0000,0,0,0,4,horse,0.9608
29,ConAbl+L2SP(25000),MAC_L2,MA,cat,cat_literal_0,literal,0,202,/data/bijaypandey/cuig_pilot/seq_pilot/eval_seed29/MAC_L2/images/cat_literal_0_seed202.jpg,363e4bdd11b25acc,0.1143,0,0,0,8,horse,0.9364
29,ConAbl+L2SP(25000),MAC_L2,MA,cat,cat_literal_0,literal,0,303,/data/bijaypandey/cuig_pilot/seq_pilot/eval_seed29/MAC_L2/images/cat_literal_0_seed303.jpg,4c9a95e8fa260456,0.0000,0,0,0,2,horse,0.9994
29,ConAbl+L2SP(25000),MAC_L2,MA,cat,cat_literal_0,literal,0,404,/data/bijaypandey/cuig_pilot/seq_pilot/eval_seed29/MAC_L2/images/cat_literal_0_seed404.jpg,d6a62e5506ec6ccc,0.0000,0,0,0,7,bench,0.5843
29,ConAbl+L2SP(25000),MAC_L2,MA,cat,cat_literal_1,literal,1,101,/data/bijaypandey/cuig_pilot/seq_pilot/eval_seed29/MAC_L2/images/cat_literal_1_seed101.jpg,3e3c27ed44f8563d,0.3705,1,0,0,8,horse,0.7130
29,ConAbl+L2SP(25000),MAC_L2,MA,cat,cat_literal_1,literal,1,202,/data/bijaypandey/cuig_pilot/seq_pilot/eval_seed29/MAC_L2/images/cat_literal_1_seed202.jpg,44d61bde3fa97aae,0.0000,0,0,0,1,horse,0.9972
29,ConAbl+L2SP(25000),MAC_L2,MA,cat,cat_literal_1,literal,1,303,/data/bijaypandey/cuig_pilot/seq_pilot/eval_seed29/MAC_L2/images/cat_literal_1_seed303.jpg,dddc0593238c4930,0.7484,1,1,1,11,cat,0.7484
29,ConAbl+L2SP(25000),MAC_L2,MA,cat,cat_literal_1,literal,1,404,/data/bijaypandey/cuig_pilot/seq_pilot/eval_seed29/MAC_L2/images/cat_literal_1_seed404.jpg,35fb1cd9b4ea1536,0.0000,0,0,0,5,horse,0.9806
29,ConAbl+L2SP(25000),MAC_L2,MA,cat,cat_literal_2,literal,2,101,/data/bijaypandey/cuig_pilot/seq_pilot/eval_seed29/MAC_L2/images/cat_literal_2_seed101.jpg,2609e2e4574283ec,0.0000,0,0,0,5,horse,0.9824
29,ConAbl+L2SP(25000),MAC_L2,MA,cat,cat_literal_2,literal,2,202,/data/bijaypandey/cuig_pilot/seq_pilot/eval_seed29/MAC_L2/images/cat_literal_2_seed202.jpg,2f76c819f3bd73d9,0.0000,0,0,0,7,horse,0.7997
29,ConAbl+L2SP(25000),MAC_L2,MA,cat,cat_literal_2,literal,2,303,/data/bijaypandey/cuig_pilot/seq_pilot/eval_seed29/MAC_L2/images/cat_literal_2_seed303.jpg,cfdaacc461cf5629,0.0000,0,0,0,6,horse,0.9865
29,ConAbl+L2SP(25000),MAC_L2,MA,cat,cat_literal_2,literal,2,404,/data/bijaypandey/cuig_pilot/seq_pilot/eval_seed29/MAC_L2/images/cat_literal_2_seed404.jpg,a2b0f85c28700158,0.0000,0,0,0,7,horse,0.9831
29,ConAbl+L2SP(25000),MAC_L2,MA,cat,cat_literal_3,literal,3,101,/data/bijaypandey/cuig_pilot/seq_pilot/eval_seed29/MAC_L2/images/cat_literal_3_seed101.jpg,1fccf2410cf7d2a0,0.9840,1,1,1,20,cat,0.9840
29,ConAbl+L2SP(25000),MAC_L2,MA,cat,cat_literal_3,literal,3,202,/data/bijaypandey/cuig_pilot/seq_pilot/eval_seed29/MAC_L2/images/cat_literal_3_seed202.jpg,fdb2046553db2b76,0.0000,0,0,0,15,dog,0.8129
29,ConAbl+L2SP(25000),MAC_L2,MA,cat,cat_literal_3,literal,3,303,/data/bijaypandey/cuig_pilot/seq_pilot/eval_seed29/MAC_L2/images/cat_literal_3_seed303.jpg,e505fd4c947a7ed8,0.9656,1,1,1,12,cat,0.9656
29,ConAbl+L2SP(25000),MAC_L2,MA,cat,cat_literal_3,literal,3,404,/data/bijaypandey/cuig_pilot/seq_pilot/eval_seed29/MAC_L2/images/cat_literal_3_seed404.jpg,d5162c855a031aab,0.0000,0,0,0,17,horse,0.7697
29,ConAbl+L2SP(25000),MAC_L2,MA,cat,cat_literal_4,literal,4,101,/data/bijaypandey/cuig_pilot/seq_pilot/eval_seed29/MAC_L2/images/cat_literal_4_seed101.jpg,9ff9464861c4512c,0.0000,0,0,0,3,horse,0.9995
29,ConAbl+L2SP(25000),MAC_L2,MA,cat,cat_literal_4,literal,4,202,/data/bijaypandey/cuig_pilot/seq_pilot/eval_seed29/MAC_L2/images/cat_literal_4_seed202.jpg,4600552993fd4f54,0.0000,0,0,0,2,horse,0.9980
29,ConAbl+L2SP(25000),MAC_L2,MA,cat,cat_literal_4,literal,4,303,/data/bijaypandey/cuig_pilot/seq_pilot/eval_seed29/MAC_L2/images/cat_literal_4_seed303.jpg,7bf880aef2adb89b,0.0000,0,0,0,4,horse,0.9990
29,ConAbl+L2SP(25000),MAC_L2,MA,cat,cat_literal_4,literal,4,404,/data/bijaypandey/cuig_pilot/seq_pilot/eval_seed29/MAC_L2/images/cat_literal_4_seed404.jpg,996f1c446fc721f5,0.0000,0,0,0,1,horse,0.9997
29,ConAbl+L2SP(25000),MAC_L2,MA,cat,cat_paraphrase_0,paraphrase,0,101,/data/bijaypandey/cuig_pilot/seq_pilot/eval_seed29/MAC_L2/images/cat_paraphrase_0_seed101.jpg,cf52fc36b2fbbeab,0.0000,0,0,0,3,horse,0.9988
29,ConAbl+L2SP(25000),MAC_L2,MA,cat,cat_paraphrase_0,paraphrase,0,202,/data/bijaypandey/cuig_pilot/seq_pilot/eval_seed29/MAC_L2/images/cat_paraphrase_0_seed202.jpg,3e805d568b6aa627,0.0000,0,0,0,4,horse,0.9980
29,ConAbl+L2SP(25000),MAC_L2,MA,cat,cat_paraphrase_0,paraphrase,0,303,/data/bijaypandey/cuig_pilot/seq_pilot/eval_seed29/MAC_L2/images/cat_paraphrase_0_seed303.jpg,bb4d7412f470de3b,0.0000,0,0,0,4,horse,0.9801
29,ConAbl+L2SP(25000),MAC_L2,MA,cat,cat_paraphrase_0,paraphrase,0,404,/data/bijaypandey/cuig_pilot/seq_pilot/eval_seed29/MAC_L2/images/cat_paraphrase_0_seed404.jpg,ac4c6724c8142f74,0.0000,0,0,0,4,horse,0.9982
29,ConAbl+L2SP(25000),MAC_L2,MA,cat,cat_paraphrase_1,paraphrase,1,101,/data/bijaypandey/cuig_pilot/seq_pilot/eval_seed29/MAC_L2/images/cat_paraphrase_1_seed101.jpg,d396066517cd9f0f,0.5967,1,1,0,5,cat,0.5967
29,ConAbl+L2SP(25000),MAC_L2,MA,cat,cat_paraphrase_1,paraphrase,1,202,/data/bijaypandey/cuig_pilot/seq_pilot/eval_seed29/MAC_L2/images/cat_paraphrase_1_seed202.jpg,03d3ec89d5ca0371,0.9826,1,1,1,7,cat,0.9826
29,ConAbl+L2SP(25000),MAC_L2,MA,cat,cat_paraphrase_1,paraphrase,1,303,/data/bijaypandey/cuig_pilot/seq_pilot/eval_seed29/MAC_L2/images/cat_paraphrase_1_seed303.jpg,778194a8d5770879,0.3693,1,0,0,2,dog,0.9499
29,ConAbl+L2SP(25000),MAC_L2,MA,cat,cat_paraphrase_1,paraphrase,1,404,/data/bijaypandey/cuig_pilot/seq_pilot/eval_seed29/MAC_L2/images/cat_paraphrase_1_seed404.jpg,3159f5636e013ce1,0.6103,1,1,0,4,dog,0.8900
29,ConAbl+L2SP(25000),MAC_L2,MA,cat,cat_paraphrase_2,paraphrase,2,101,/data/bijaypandey/cuig_pilot/seq_pilot/eval_seed29/MAC_L2/images/cat_paraphrase_2_seed101.jpg,24cfc045f28ec83a,0.9990,1,1,1,9,cat,0.9990
29,ConAbl+L2SP(25000),MAC_L2,MA,cat,cat_paraphrase_2,paraphrase,2,202,/data/bijaypandey/cuig_pilot/seq_pilot/eval_seed29/MAC_L2/images/cat_paraphrase_2_seed202.jpg,97d8000557b14113,0.9977,1,1,1,10,cat,0.9977
29,ConAbl+L2SP(25000),MAC_L2,MA,cat,cat_paraphrase_2,paraphrase,2,303,/data/bijaypandey/cuig_pilot/seq_pilot/eval_seed29/MAC_L2/images/cat_paraphrase_2_seed303.jpg,975dce0d39ae48fa,0.0000,0,0,0,7,horse,0.9962
29,ConAbl+L2SP(25000),MAC_L2,MA,cat,cat_paraphrase_2,paraphrase,2,404,/data/bijaypandey/cuig_pilot/seq_pilot/eval_seed29/MAC_L2/images/cat_paraphrase_2_seed404.jpg,9cbd5231a28dcf43,0.2292,0,0,0,11,horse,0.6298
29,ConAbl+L2SP(25000),MAC_L2,MA,cat,cat_paraphrase_3,paraphrase,3,101,/data/bijaypandey/cuig_pilot/seq_pilot/eval_seed29/MAC_L2/images/cat_paraphrase_3_seed101.jpg,bf4206a89890972a,0.0000,0,0,0,8,horse,0.9909
29,ConAbl+L2SP(25000),MAC_L2,MA,cat,cat_paraphrase_3,paraphrase,3,202,/data/bijaypandey/cuig_pilot/seq_pilot/eval_seed29/MAC_L2/images/cat_paraphrase_3_seed202.jpg,b57d3ac50b11f575,0.0000,0,0,0,6,horse,0.9859
29,ConAbl+L2SP(25000),MAC_L2,MA,cat,cat_paraphrase_3,paraphrase,3,303,/data/bijaypandey/cuig_pilot/seq_pilot/eval_seed29/MAC_L2/images/cat_paraphrase_3_seed303.jpg,e7821ba36c77e1b7,0.0000,0,0,0,1,horse,0.9996
29,ConAbl+L2SP(25000),MAC_L2,MA,cat,cat_paraphrase_3,paraphrase,3,404,/data/bijaypandey/cuig_pilot/seq_pilot/eval_seed29/MAC_L2/images/cat_paraphrase_3_seed404.jpg,63f45232e5ed0519,0.0000,0,0,0,2,horse,0.9957
29,ConAbl+L2SP(25000),MAC_L2,MA,cat,cat_paraphrase_4,paraphrase,4,101,/data/bijaypandey/cuig_pilot/seq_pilot/eval_seed29/MAC_L2/images/cat_paraphrase_4_seed101.jpg,3b7148e06af22fd0,0.7998,1,1,1,5,cat,0.7998
29,ConAbl+L2SP(25000),MAC_L2,MA,cat,cat_paraphrase_4,paraphrase,4,202,/data/bijaypandey/cuig_pilot/seq_pilot/eval_seed29/MAC_L2/images/cat_paraphrase_4_seed202.jpg,eb11ab2c1dca1778,0.0000,0,0,0,2,horse,0.9949
29,ConAbl+L2SP(25000),MAC_L2,MA,cat,cat_paraphrase_4,paraphrase,4,303,/data/bijaypandey/cuig_pilot/seq_pilot/eval_seed29/MAC_L2/images/cat_paraphrase_4_seed303.jpg,f423e92b15c4cc6a,0.0000,0,0,0,2,horse,0.9641
29,ConAbl+L2SP(25000),MAC_L2,MA,cat,cat_paraphrase_4,paraphrase,4,404,/data/bijaypandey/cuig_pilot/seq_pilot/eval_seed29/MAC_L2/images/cat_paraphrase_4_seed404.jpg,f0c1189413fae2ed,0.0000,0,0,0,9,horse,0.9971
29,ConAbl+L2SP(25000),MAC_L2,MA,dog,dog_literal_0,literal,0,101,/data/bijaypandey/cuig_pilot/seq_pilot/eval_seed29/MAC_L2/images/dog_literal_0_seed101.jpg,8b3dbca5fc1f8504,0.9982,1,1,1,1,dog,0.9982
29,ConAbl+L2SP(25000),MAC_L2,MA,dog,dog_literal_0,literal,0,202,/data/bijaypandey/cuig_pilot/seq_pilot/eval_seed29/MAC_L2/images/dog_literal_0_seed202.jpg,bbd823deb74e9d5e,0.9986,1,1,1,1,dog,0.9986
29,ConAbl+L2SP(25000),MAC_L2,MA,dog,dog_literal_0,literal,0,303,/data/bijaypandey/cuig_pilot/seq_pilot/eval_seed29/MAC_L2/images/dog_literal_0_seed303.jpg,21d9a8fd768f918b,0.9905,1,1,1,5,dog,0.9905
29,ConAbl+L2SP(25000),MAC_L2,MA,dog,dog_literal_0,literal,0,404,/data/bijaypandey/cuig_pilot/seq_pilot/eval_seed29/MAC_L2/images/dog_literal_0_seed404.jpg,5c80b6a717a13960,0.0000,0,0,0,0,,0.0000
29,ConAbl+L2SP(25000),MAC_L2,MA,dog,dog_literal_1,literal,1,101,/data/bijaypandey/cuig_pilot/seq_pilot/eval_seed29/MAC_L2/images/dog_literal_1_seed101.jpg,20ed391204c3ba09,0.9959,1,1,1,2,dog,0.9959
29,ConAbl+L2SP(25000),MAC_L2,MA,dog,dog_literal_1,literal,1,202,/data/bijaypandey/cuig_pilot/seq_pilot/eval_seed29/MAC_L2/images/dog_literal_1_seed202.jpg,e3c879e4ed27fd2e,0.9979,1,1,1,3,dog,0.9979
29,ConAbl+L2SP(25000),MAC_L2,MA,dog,dog_literal_1,literal,1,303,/data/bijaypandey/cuig_pilot/seq_pilot/eval_seed29/MAC_L2/images/dog_literal_1_seed303.jpg,357651e018556680,0.9912,1,1,1,13,dog,0.9912
29,ConAbl+L2SP(25000),MAC_L2,MA,dog,dog_literal_1,literal,1,404,/data/bijaypandey/cuig_pilot/seq_pilot/eval_seed29/MAC_L2/images/dog_literal_1_seed404.jpg,1cdb9a4d05294f98,0.9994,1,1,1,17,dog,0.9994
29,ConAbl+L2SP(25000),MAC_L2,MA,dog,dog_literal_2,literal,2,101,/data/bijaypandey/cuig_pilot/seq_pilot/eval_seed29/MAC_L2/images/dog_literal_2_seed101.jpg,317aebcdce4f9907,0.4600,1,0,0,8,dog,0.4600
29,ConAbl+L2SP(25000),MAC_L2,MA,dog,dog_literal_2,literal,2,202,/data/bijaypandey/cuig_pilot/seq_pilot/eval_seed29/MAC_L2/images/dog_literal_2_seed202.jpg,3ceb752b6be811fe,0.9803,1,1,1,1,dog,0.9803
29,ConAbl+L2SP(25000),MAC_L2,MA,dog,dog_literal_2,literal,2,303,/data/bijaypandey/cuig_pilot/seq_pilot/eval_seed29/MAC_L2/images/dog_literal_2_seed303.jpg,22dac6f4b564b7e8,0.9688,1,1,1,2,dog,0.9688
29,ConAbl+L2SP(25000),MAC_L2,MA,dog,dog_literal_2,literal,2,404,/data/bijaypandey/cuig_pilot/seq_pilot/eval_seed29/MAC_L2/images/dog_literal_2_seed404.jpg,fa3eea1ae2e32ce2,0.9334,1,1,1,6,dog,0.9334
29,ConAbl+L2SP(25000),MAC_L2,MA,dog,dog_literal_3,literal,3,101,/data/bijaypandey/cuig_pilot/seq_pilot/eval_seed29/MAC_L2/images/dog_literal_3_seed101.jpg,39a6c47a1e9f8501,0.9997,1,1,1,8,dog,0.9997
29,ConAbl+L2SP(25000),MAC_L2,MA,dog,dog_literal_3,literal,3,202,/data/bijaypandey/cuig_pilot/seq_pilot/eval_seed29/MAC_L2/images/dog_literal_3_seed202.jpg,562ad98ef712420a,0.9995,1,1,1,2,dog,0.9995
29,ConAbl+L2SP(25000),MAC_L2,MA,dog,dog_literal_3,literal,3,303,/data/bijaypandey/cuig_pilot/seq_pilot/eval_seed29/MAC_L2/images/dog_literal_3_seed303.jpg,3e8f306e1f0c1436,0.9990,1,1,1,6,dog,0.9990
29,ConAbl+L2SP(25000),MAC_L2,MA,dog,dog_literal_3,literal,3,404,/data/bijaypandey/cuig_pilot/seq_pilot/eval_seed29/MAC_L2/images/dog_literal_3_seed404.jpg,b5de9172ab495c2b,0.9993,1,1,1,1,dog,0.9993
29,ConAbl+L2SP(25000),MAC_L2,MA,dog,dog_literal_4,literal,4,101,/data/bijaypandey/cuig_pilot/seq_pilot/eval_seed29/MAC_L2/images/dog_literal_4_seed101.jpg,d02739c527ad64f6,0.9993,1,1,1,4,dog,0.9993
29,ConAbl+L2SP(25000),MAC_L2,MA,dog,dog_literal_4,literal,4,202,/data/bijaypandey/cuig_pilot/seq_pilot/eval_seed29/MAC_L2/images/dog_literal_4_seed202.jpg,39e4e5be6d1d2d70,0.9986,1,1,1,5,dog,0.9986
29,ConAbl+L2SP(25000),MAC_L2,MA,dog,dog_literal_4,literal,4,303,/data/bijaypandey/cuig_pilot/seq_pilot/eval_seed29/MAC_L2/images/dog_literal_4_seed303.jpg,486be6b72c613d71,0.9975,1,1,1,5,dog,0.9975
29,ConAbl+L2SP(25000),MAC_L2,MA,dog,dog_literal_4,literal,4,404,/data/bijaypandey/cuig_pilot/seq_pilot/eval_seed29/MAC_L2/images/dog_literal_4_seed404.jpg,6da0b2d29cb56ca0,0.9988,1,1,1,4,dog,0.9988
29,ConAbl+L2SP(25000),MAC_L2,MA,dog,dog_paraphrase_0,paraphrase,0,101,/data/bijaypandey/cuig_pilot/seq_pilot/eval_seed29/MAC_L2/images/dog_paraphrase_0_seed101.jpg,3491f16df8bb38ab,0.9907,1,1,1,2,dog,0.9907
29,ConAbl+L2SP(25000),MAC_L2,MA,dog,dog_paraphrase_0,paraphrase,0,202,/data/bijaypandey/cuig_pilot/seq_pilot/eval_seed29/MAC_L2/images/dog_paraphrase_0_seed202.jpg,9172f57e2f9673e7,0.9961,1,1,1,23,person,0.9998
29,ConAbl+L2SP(25000),MAC_L2,MA,dog,dog_paraphrase_0,paraphrase,0,303,/data/bijaypandey/cuig_pilot/seq_pilot/eval_seed29/MAC_L2/images/dog_paraphrase_0_seed303.jpg,ca4d4471ddc255ca,0.9973,1,1,1,11,dog,0.9973
29,ConAbl+L2SP(25000),MAC_L2,MA,dog,dog_paraphrase_0,paraphrase,0,404,/data/bijaypandey/cuig_pilot/seq_pilot/eval_seed29/MAC_L2/images/dog_paraphrase_0_seed404.jpg,e91f1805796c9fc2,0.9990,1,1,1,57,dog,0.9990
29,ConAbl+L2SP(25000),MAC_L2,MA,dog,dog_paraphrase_1,paraphrase,1,101,/data/bijaypandey/cuig_pilot/seq_pilot/eval_seed29/MAC_L2/images/dog_paraphrase_1_seed101.jpg,4dbb2d81fbbd3d8e,0.9980,1,1,1,9,person,0.9990
29,ConAbl+L2SP(25000),MAC_L2,MA,dog,dog_paraphrase_1,paraphrase,1,202,/data/bijaypandey/cuig_pilot/seq_pilot/eval_seed29/MAC_L2/images/dog_paraphrase_1_seed202.jpg,eef73e0e2f14c4ec,0.9976,1,1,1,8,dog,0.9976
29,ConAbl+L2SP(25000),MAC_L2,MA,dog,dog_paraphrase_1,paraphrase,1,303,/data/bijaypandey/cuig_pilot/seq_pilot/eval_seed29/MAC_L2/images/dog_paraphrase_1_seed303.jpg,b843b0d99f3ee187,0.9383,1,1,1,10,person,0.9953
29,ConAbl+L2SP(25000),MAC_L2,MA,dog,dog_paraphrase_1,paraphrase,1,404,/data/bijaypandey/cuig_pilot/seq_pilot/eval_seed29/MAC_L2/images/dog_paraphrase_1_seed404.jpg,72cb9273c14e1f8f,0.6739,1,1,0,11,person,0.9998
29,ConAbl+L2SP(25000),MAC_L2,MA,dog,dog_paraphrase_2,paraphrase,2,101,/data/bijaypandey/cuig_pilot/seq_pilot/eval_seed29/MAC_L2/images/dog_paraphrase_2_seed101.jpg,fd66de777f8b9db9,0.9898,1,1,1,5,dog,0.9898
29,ConAbl+L2SP(25000),MAC_L2,MA,dog,dog_paraphrase_2,paraphrase,2,202,/data/bijaypandey/cuig_pilot/seq_pilot/eval_seed29/MAC_L2/images/dog_paraphrase_2_seed202.jpg,50760d787f73630b,0.9911,1,1,1,1,dog,0.9911
29,ConAbl+L2SP(25000),MAC_L2,MA,dog,dog_paraphrase_2,paraphrase,2,303,/data/bijaypandey/cuig_pilot/seq_pilot/eval_seed29/MAC_L2/images/dog_paraphrase_2_seed303.jpg,02ccd43e1988d028,0.9986,1,1,1,2,dog,0.9986
29,ConAbl+L2SP(25000),MAC_L2,MA,dog,dog_paraphrase_2,paraphrase,2,404,/data/bijaypandey/cuig_pilot/seq_pilot/eval_seed29/MAC_L2/images/dog_paraphrase_2_seed404.jpg,627f4004e8cbf7d7,0.9969,1,1,1,1,dog,0.9969
29,ConAbl+L2SP(25000),MAC_L2,MA,dog,dog_paraphrase_3,paraphrase,3,101,/data/bijaypandey/cuig_pilot/seq_pilot/eval_seed29/MAC_L2/images/dog_paraphrase_3_seed101.jpg,403096d26b447c9e,0.9951,1,1,1,1,dog,0.9951
29,ConAbl+L2SP(25000),MAC_L2,MA,dog,dog_paraphrase_3,paraphrase,3,202,/data/bijaypandey/cuig_pilot/seq_pilot/eval_seed29/MAC_L2/images/dog_paraphrase_3_seed202.jpg,636d8eefa81cf577,0.9824,1,1,1,2,dog,0.9824
29,ConAbl+L2SP(25000),MAC_L2,MA,dog,dog_paraphrase_3,paraphrase,3,303,/data/bijaypandey/cuig_pilot/seq_pilot/eval_seed29/MAC_L2/images/dog_paraphrase_3_seed303.jpg,71dc0b1106489b64,0.9895,1,1,1,4,dog,0.9895
29,ConAbl+L2SP(25000),MAC_L2,MA,dog,dog_paraphrase_3,paraphrase,3,404,/data/bijaypandey/cuig_pilot/seq_pilot/eval_seed29/MAC_L2/images/dog_paraphrase_3_seed404.jpg,e7639da6c174f7c1,0.9951,1,1,1,7,dog,0.9951
29,ConAbl+L2SP(25000),MAC_L2,MA,dog,dog_paraphrase_4,paraphrase,4,101,/data/bijaypandey/cuig_pilot/seq_pilot/eval_seed29/MAC_L2/images/dog_paraphrase_4_seed101.jpg,0566d85426a03563,0.9985,1,1,1,14,dog,0.9985
29,ConAbl+L2SP(25000),MAC_L2,MA,dog,dog_paraphrase_4,paraphrase,4,202,/data/bijaypandey/cuig_pilot/seq_pilot/eval_seed29/MAC_L2/images/dog_paraphrase_4_seed202.jpg,aad9577e125eec10,0.9902,1,1,1,2,dog,0.9902
29,ConAbl+L2SP(25000),MAC_L2,MA,dog,dog_paraphrase_4,paraphrase,4,303,/data/bijaypandey/cuig_pilot/seq_pilot/eval_seed29/MAC_L2/images/dog_paraphrase_4_seed303.jpg,08d1b69ac46a7dfd,0.9925,1,1,1,1,dog,0.9925
29,ConAbl+L2SP(25000),MAC_L2,MA,dog,dog_paraphrase_4,paraphrase,4,404,/data/bijaypandey/cuig_pilot/seq_pilot/eval_seed29/MAC_L2/images/dog_paraphrase_4_seed404.jpg,b0a0a4847b269f4f,0.9990,1,1,1,3,dog,0.9990
29,ConAbl+L2SP(25000),MAC_L2,MA,sandwich,sandwich_literal_0,literal,0,101,/data/bijaypandey/cuig_pilot/seq_pilot/eval_seed29/MAC_L2/images/sandwich_literal_0_seed101.jpg,45c1679df250167f,0.9844,1,1,1,10,sandwich,0.9844
29,ConAbl+L2SP(25000),MAC_L2,MA,sandwich,sandwich_literal_0,literal,0,202,/data/bijaypandey/cuig_pilot/seq_pilot/eval_seed29/MAC_L2/images/sandwich_literal_0_seed202.jpg,433042a5372b5695,0.9978,1,1,1,5,sandwich,0.9978
29,ConAbl+L2SP(25000),MAC_L2,MA,sandwich,sandwich_literal_0,literal,0,303,/data/bijaypandey/cuig_pilot/seq_pilot/eval_seed29/MAC_L2/images/sandwich_literal_0_seed303.jpg,ebd6332dcc776692,0.9915,1,1,1,10,sandwich,0.9915
29,ConAbl+L2SP(25000),MAC_L2,MA,sandwich,sandwich_literal_0,literal,0,404,/data/bijaypandey/cuig_pilot/seq_pilot/eval_seed29/MAC_L2/images/sandwich_literal_0_seed404.jpg,7ada4e743d297b84,0.9400,1,1,1,14,sandwich,0.9400
29,ConAbl+L2SP(25000),MAC_L2,MA,sandwich,sandwich_literal_1,literal,1,101,/data/bijaypandey/cuig_pilot/seq_pilot/eval_seed29/MAC_L2/images/sandwich_literal_1_seed101.jpg,8c5a7fcecfa44be5,0.9180,1,1,1,8,dining table,0.9967
29,ConAbl+L2SP(25000),MAC_L2,MA,sandwich,sandwich_literal_1,literal,1,202,/data/bijaypandey/cuig_pilot/seq_pilot/eval_seed29/MAC_L2/images/sandwich_literal_1_seed202.jpg,dc936d71e4adb00b,0.9834,1,1,1,3,sandwich,0.9834
29,ConAbl+L2SP(25000),MAC_L2,MA,sandwich,sandwich_literal_1,literal,1,303,/data/bijaypandey/cuig_pilot/seq_pilot/eval_seed29/MAC_L2/images/sandwich_literal_1_seed303.jpg,72ae8d74bacdc92d,0.4503,1,0,0,16,orange,0.9584
29,ConAbl+L2SP(25000),MAC_L2,MA,sandwich,sandwich_literal_1,literal,1,404,/data/bijaypandey/cuig_pilot/seq_pilot/eval_seed29/MAC_L2/images/sandwich_literal_1_seed404.jpg,7051bd93bab4fb83,0.9873,1,1,1,10,sandwich,0.9873
29,ConAbl+L2SP(25000),MAC_L2,MA,sandwich,sandwich_literal_2,literal,2,101,/data/bijaypandey/cuig_pilot/seq_pilot/eval_seed29/MAC_L2/images/sandwich_literal_2_seed101.jpg,be367baf049b2358,0.3772,1,0,0,9,hot dog,0.5632
29,ConAbl+L2SP(25000),MAC_L2,MA,sandwich,sandwich_literal_2,literal,2,202,/data/bijaypandey/cuig_pilot/seq_pilot/eval_seed29/MAC_L2/images/sandwich_literal_2_seed202.jpg,aef73cd0aa5b2f77,0.9451,1,1,1,8,sandwich,0.9451
29,ConAbl+L2SP(25000),MAC_L2,MA,sandwich,sandwich_literal_2,literal,2,303,/data/bijaypandey/cuig_pilot/seq_pilot/eval_seed29/MAC_L2/images/sandwich_literal_2_seed303.jpg,4a7b5723c7397d91,0.9848,1,1,1,7,sandwich,0.9848
29,ConAbl+L2SP(25000),MAC_L2,MA,sandwich,sandwich_literal_2,literal,2,404,/data/bijaypandey/cuig_pilot/seq_pilot/eval_seed29/MAC_L2/images/sandwich_literal_2_seed404.jpg,95641ce1a506c5c4,0.9214,1,1,1,6,sandwich,0.9214
29,ConAbl+L2SP(25000),MAC_L2,MA,sandwich,sandwich_literal_3,literal,3,101,/data/bijaypandey/cuig_pilot/seq_pilot/eval_seed29/MAC_L2/images/sandwich_literal_3_seed101.jpg,d294d48d7ff3b79e,0.9889,1,1,1,13,sandwich,0.9889
29,ConAbl+L2SP(25000),MAC_L2,MA,sandwich,sandwich_literal_3,literal,3,202,/data/bijaypandey/cuig_pilot/seq_pilot/eval_seed29/MAC_L2/images/sandwich_literal_3_seed202.jpg,4c0942aa32551a8a,0.9853,1,1,1,13,dining table,0.9904
29,ConAbl+L2SP(25000),MAC_L2,MA,sandwich,sandwich_literal_3,literal,3,303,/data/bijaypandey/cuig_pilot/seq_pilot/eval_seed29/MAC_L2/images/sandwich_literal_3_seed303.jpg,1a3a267042c610f6,0.9940,1,1,1,9,sandwich,0.9940
29,ConAbl+L2SP(25000),MAC_L2,MA,sandwich,sandwich_literal_3,literal,3,404,/data/bijaypandey/cuig_pilot/seq_pilot/eval_seed29/MAC_L2/images/sandwich_literal_3_seed404.jpg,45123155944e9507,0.9925,1,1,1,17,cup,0.9965
29,ConAbl+L2SP(25000),MAC_L2,MA,sandwich,sandwich_literal_4,literal,4,101,/data/bijaypandey/cuig_pilot/seq_pilot/eval_seed29/MAC_L2/images/sandwich_literal_4_seed101.jpg,40dc807f431e4afe,0.9931,1,1,1,5,sandwich,0.9931
29,ConAbl+L2SP(25000),MAC_L2,MA,sandwich,sandwich_literal_4,literal,4,202,/data/bijaypandey/cuig_pilot/seq_pilot/eval_seed29/MAC_L2/images/sandwich_literal_4_seed202.jpg,d6fa402568cf3700,0.6332,1,1,0,7,dining table,0.6482
29,ConAbl+L2SP(25000),MAC_L2,MA,sandwich,sandwich_literal_4,literal,4,303,/data/bijaypandey/cuig_pilot/seq_pilot/eval_seed29/MAC_L2/images/sandwich_literal_4_seed303.jpg,d8a48b1a2487e6f1,0.9276,1,1,1,12,sandwich,0.9276
29,ConAbl+L2SP(25000),MAC_L2,MA,sandwich,sandwich_literal_4,literal,4,404,/data/bijaypandey/cuig_pilot/seq_pilot/eval_seed29/MAC_L2/images/sandwich_literal_4_seed404.jpg,800a5fbabf7387f3,0.9774,1,1,1,19,sandwich,0.9774
29,ConAbl+L2SP(25000),MAC_L2,MA,sandwich,sandwich_paraphrase_0,paraphrase,0,101,/data/bijaypandey/cuig_pilot/seq_pilot/eval_seed29/MAC_L2/images/sandwich_paraphrase_0_seed101.jpg,2d0ff2c84798c9ae,0.8431,1,1,1,18,sandwich,0.8431
29,ConAbl+L2SP(25000),MAC_L2,MA,sandwich,sandwich_paraphrase_0,paraphrase,0,202,/data/bijaypandey/cuig_pilot/seq_pilot/eval_seed29/MAC_L2/images/sandwich_paraphrase_0_seed202.jpg,814cfb17bc0477ac,0.9152,1,1,1,11,dining table,0.9153
29,ConAbl+L2SP(25000),MAC_L2,MA,sandwich,sandwich_paraphrase_0,paraphrase,0,303,/data/bijaypandey/cuig_pilot/seq_pilot/eval_seed29/MAC_L2/images/sandwich_paraphrase_0_seed303.jpg,87a02110eecf9041,0.1168,0,0,0,17,dining table,0.7955
29,ConAbl+L2SP(25000),MAC_L2,MA,sandwich,sandwich_paraphrase_0,paraphrase,0,404,/data/bijaypandey/cuig_pilot/seq_pilot/eval_seed29/MAC_L2/images/sandwich_paraphrase_0_seed404.jpg,6ff4e1eaaa4206a2,0.6149,1,1,0,15,bowl,0.6535
29,ConAbl+L2SP(25000),MAC_L2,MA,sandwich,sandwich_paraphrase_1,paraphrase,1,101,/data/bijaypandey/cuig_pilot/seq_pilot/eval_seed29/MAC_L2/images/sandwich_paraphrase_1_seed101.jpg,6bdf370d4d3a1176,0.5849,1,1,0,11,bowl,0.8168
29,ConAbl+L2SP(25000),MAC_L2,MA,sandwich,sandwich_paraphrase_1,paraphrase,1,202,/data/bijaypandey/cuig_pilot/seq_pilot/eval_seed29/MAC_L2/images/sandwich_paraphrase_1_seed202.jpg,d01403e3b3a9b8d9,0.3006,1,0,0,14,hot dog,0.6653
29,ConAbl+L2SP(25000),MAC_L2,MA,sandwich,sandwich_paraphrase_1,paraphrase,1,303,/data/bijaypandey/cuig_pilot/seq_pilot/eval_seed29/MAC_L2/images/sandwich_paraphrase_1_seed303.jpg,e1f9fa37192c115b,0.8226,1,1,1,18,hot dog,0.9079
29,ConAbl+L2SP(25000),MAC_L2,MA,sandwich,sandwich_paraphrase_1,paraphrase,1,404,/data/bijaypandey/cuig_pilot/seq_pilot/eval_seed29/MAC_L2/images/sandwich_paraphrase_1_seed404.jpg,a0c3522448a263d7,0.1613,0,0,0,24,spoon,0.8959
29,ConAbl+L2SP(25000),MAC_L2,MA,sandwich,sandwich_paraphrase_2,paraphrase,2,101,/data/bijaypandey/cuig_pilot/seq_pilot/eval_seed29/MAC_L2/images/sandwich_paraphrase_2_seed101.jpg,422f1566aa591b84,0.8451,1,1,1,22,sandwich,0.8451
29,ConAbl+L2SP(25000),MAC_L2,MA,sandwich,sandwich_paraphrase_2,paraphrase,2,202,/data/bijaypandey/cuig_pilot/seq_pilot/eval_seed29/MAC_L2/images/sandwich_paraphrase_2_seed202.jpg,9f2f06746247dde6,0.8422,1,1,1,22,dining table,0.9934
29,ConAbl+L2SP(25000),MAC_L2,MA,sandwich,sandwich_paraphrase_2,paraphrase,2,303,/data/bijaypandey/cuig_pilot/seq_pilot/eval_seed29/MAC_L2/images/sandwich_paraphrase_2_seed303.jpg,43913e20532b497a,0.8111,1,1,1,12,sandwich,0.8111
29,ConAbl+L2SP(25000),MAC_L2,MA,sandwich,sandwich_paraphrase_2,paraphrase,2,404,/data/bijaypandey/cuig_pilot/seq_pilot/eval_seed29/MAC_L2/images/sandwich_paraphrase_2_seed404.jpg,8570baa1f373bf3c,0.9535,1,1,1,9,sandwich,0.9535
29,ConAbl+L2SP(25000),MAC_L2,MA,sandwich,sandwich_paraphrase_3,paraphrase,3,101,/data/bijaypandey/cuig_pilot/seq_pilot/eval_seed29/MAC_L2/images/sandwich_paraphrase_3_seed101.jpg,e85795e5e1658e29,0.1147,0,0,0,12,donut,0.7873
29,ConAbl+L2SP(25000),MAC_L2,MA,sandwich,sandwich_paraphrase_3,paraphrase,3,202,/data/bijaypandey/cuig_pilot/seq_pilot/eval_seed29/MAC_L2/images/sandwich_paraphrase_3_seed202.jpg,b2b970bf2557dc28,0.9151,1,1,1,28,sandwich,0.9151
29,ConAbl+L2SP(25000),MAC_L2,MA,sandwich,sandwich_paraphrase_3,paraphrase,3,303,/data/bijaypandey/cuig_pilot/seq_pilot/eval_seed29/MAC_L2/images/sandwich_paraphrase_3_seed303.jpg,6f7cb8c10e60e147,0.0000,0,0,0,17,dining table,0.9749
29,ConAbl+L2SP(25000),MAC_L2,MA,sandwich,sandwich_paraphrase_3,paraphrase,3,404,/data/bijaypandey/cuig_pilot/seq_pilot/eval_seed29/MAC_L2/images/sandwich_paraphrase_3_seed404.jpg,92bbd40c203c1fbf,0.3174,1,0,0,18,bowl,0.6542
29,ConAbl+L2SP(25000),MAC_L2,MA,sandwich,sandwich_paraphrase_4,paraphrase,4,101,/data/bijaypandey/cuig_pilot/seq_pilot/eval_seed29/MAC_L2/images/sandwich_paraphrase_4_seed101.jpg,176f12e97ae72233,0.8421,1,1,1,23,bowl,0.9932
29,ConAbl+L2SP(25000),MAC_L2,MA,sandwich,sandwich_paraphrase_4,paraphrase,4,202,/data/bijaypandey/cuig_pilot/seq_pilot/eval_seed29/MAC_L2/images/sandwich_paraphrase_4_seed202.jpg,2e3dfbf1e30afccb,0.8236,1,1,1,26,bowl,0.9926
29,ConAbl+L2SP(25000),MAC_L2,MA,sandwich,sandwich_paraphrase_4,paraphrase,4,303,/data/bijaypandey/cuig_pilot/seq_pilot/eval_seed29/MAC_L2/images/sandwich_paraphrase_4_seed303.jpg,63370f7355cefe40,0.7638,1,1,1,14,sandwich,0.7638
29,ConAbl+L2SP(25000),MAC_L2,MA,sandwich,sandwich_paraphrase_4,paraphrase,4,404,/data/bijaypandey/cuig_pilot/seq_pilot/eval_seed29/MAC_L2/images/sandwich_paraphrase_4_seed404.jpg,95fd7553d65d08ed,0.9582,1,1,1,13,sandwich,0.9582
29,ConAbl+L2SP(25000),MAC_L2,MA,horse,horse_literal_0,literal,0,101,/data/bijaypandey/cuig_pilot/seq_pilot/eval_seed29/MAC_L2/images/horse_literal_0_seed101.jpg,9318470b033ccb71,0.9997,1,1,1,1,horse,0.9997
29,ConAbl+L2SP(25000),MAC_L2,MA,horse,horse_literal_0,literal,0,202,/data/bijaypandey/cuig_pilot/seq_pilot/eval_seed29/MAC_L2/images/horse_literal_0_seed202.jpg,550ea76cdd6d5f9a,0.9998,1,1,1,2,horse,0.9998
29,ConAbl+L2SP(25000),MAC_L2,MA,horse,horse_literal_0,literal,0,303,/data/bijaypandey/cuig_pilot/seq_pilot/eval_seed29/MAC_L2/images/horse_literal_0_seed303.jpg,5b823093b54d86f9,0.9995,1,1,1,1,horse,0.9995
29,ConAbl+L2SP(25000),MAC_L2,MA,horse,horse_literal_0,literal,0,404,/data/bijaypandey/cuig_pilot/seq_pilot/eval_seed29/MAC_L2/images/horse_literal_0_seed404.jpg,05fe46be2f2d0a38,0.9966,1,1,1,3,horse,0.9966
29,ConAbl+L2SP(25000),MAC_L2,MA,horse,horse_literal_1,literal,1,101,/data/bijaypandey/cuig_pilot/seq_pilot/eval_seed29/MAC_L2/images/horse_literal_1_seed101.jpg,fc555138a1e602a1,0.9994,1,1,1,2,horse,0.9994
29,ConAbl+L2SP(25000),MAC_L2,MA,horse,horse_literal_1,literal,1,202,/data/bijaypandey/cuig_pilot/seq_pilot/eval_seed29/MAC_L2/images/horse_literal_1_seed202.jpg,72bf42765b27e7e1,0.9995,1,1,1,2,horse,0.9995
29,ConAbl+L2SP(25000),MAC_L2,MA,horse,horse_literal_1,literal,1,303,/data/bijaypandey/cuig_pilot/seq_pilot/eval_seed29/MAC_L2/images/horse_literal_1_seed303.jpg,b5c704d03f1a8c76,0.9941,1,1,1,2,horse,0.9941
29,ConAbl+L2SP(25000),MAC_L2,MA,horse,horse_literal_1,literal,1,404,/data/bijaypandey/cuig_pilot/seq_pilot/eval_seed29/MAC_L2/images/horse_literal_1_seed404.jpg,ab494d5a7dc6bd72,0.9981,1,1,1,8,horse,0.9981
29,ConAbl+L2SP(25000),MAC_L2,MA,horse,horse_literal_2,literal,2,101,/data/bijaypandey/cuig_pilot/seq_pilot/eval_seed29/MAC_L2/images/horse_literal_2_seed101.jpg,85d84451b29228f2,0.9886,1,1,1,2,horse,0.9886
29,ConAbl+L2SP(25000),MAC_L2,MA,horse,horse_literal_2,literal,2,202,/data/bijaypandey/cuig_pilot/seq_pilot/eval_seed29/MAC_L2/images/horse_literal_2_seed202.jpg,2043367569fae243,0.9152,1,1,1,3,horse,0.9152
29,ConAbl+L2SP(25000),MAC_L2,MA,horse,horse_literal_2,literal,2,303,/data/bijaypandey/cuig_pilot/seq_pilot/eval_seed29/MAC_L2/images/horse_literal_2_seed303.jpg,b69b472ba8df3f67,0.9874,1,1,1,5,horse,0.9874
29,ConAbl+L2SP(25000),MAC_L2,MA,horse,horse_literal_2,literal,2,404,/data/bijaypandey/cuig_pilot/seq_pilot/eval_seed29/MAC_L2/images/horse_literal_2_seed404.jpg,251b43a18768cf6c,0.9881,1,1,1,9,horse,0.9881
29,ConAbl+L2SP(25000),MAC_L2,MA,horse,horse_literal_3,literal,3,101,/data/bijaypandey/cuig_pilot/seq_pilot/eval_seed29/MAC_L2/images/horse_literal_3_seed101.jpg,379eb792807bc6c4,0.9998,1,1,1,1,horse,0.9998
29,ConAbl+L2SP(25000),MAC_L2,MA,horse,horse_literal_3,literal,3,202,/data/bijaypandey/cuig_pilot/seq_pilot/eval_seed29/MAC_L2/images/horse_literal_3_seed202.jpg,52ca35d10caaf998,0.9998,1,1,1,1,horse,0.9998
29,ConAbl+L2SP(25000),MAC_L2,MA,horse,horse_literal_3,literal,3,303,/data/bijaypandey/cuig_pilot/seq_pilot/eval_seed29/MAC_L2/images/horse_literal_3_seed303.jpg,6d73cfa0092a84f4,0.9996,1,1,1,4,horse,0.9996
29,ConAbl+L2SP(25000),MAC_L2,MA,horse,horse_literal_3,literal,3,404,/data/bijaypandey/cuig_pilot/seq_pilot/eval_seed29/MAC_L2/images/horse_literal_3_seed404.jpg,7e7e5d9a8038cafb,0.9996,1,1,1,9,horse,0.9996
29,ConAbl+L2SP(25000),MAC_L2,MA,horse,horse_literal_4,literal,4,101,/data/bijaypandey/cuig_pilot/seq_pilot/eval_seed29/MAC_L2/images/horse_literal_4_seed101.jpg,e796996b7ff40016,0.9989,1,1,1,4,horse,0.9989
29,ConAbl+L2SP(25000),MAC_L2,MA,horse,horse_literal_4,literal,4,202,/data/bijaypandey/cuig_pilot/seq_pilot/eval_seed29/MAC_L2/images/horse_literal_4_seed202.jpg,6085908422ef8ce0,0.9999,1,1,1,2,horse,0.9999
29,ConAbl+L2SP(25000),MAC_L2,MA,horse,horse_literal_4,literal,4,303,/data/bijaypandey/cuig_pilot/seq_pilot/eval_seed29/MAC_L2/images/horse_literal_4_seed303.jpg,bcd6bab69b90cf2f,0.9992,1,1,1,4,horse,0.9992
29,ConAbl+L2SP(25000),MAC_L2,MA,horse,horse_literal_4,literal,4,404,/data/bijaypandey/cuig_pilot/seq_pilot/eval_seed29/MAC_L2/images/horse_literal_4_seed404.jpg,33ade992ba0061cf,0.9999,1,1,1,1,horse,0.9999
29,ConAbl+L2SP(25000),MAC_L2,MA,horse,horse_paraphrase_0,paraphrase,0,101,/data/bijaypandey/cuig_pilot/seq_pilot/eval_seed29/MAC_L2/images/horse_paraphrase_0_seed101.jpg,897ff377fb74122b,0.9992,1,1,1,1,horse,0.9992
29,ConAbl+L2SP(25000),MAC_L2,MA,horse,horse_paraphrase_0,paraphrase,0,202,/data/bijaypandey/cuig_pilot/seq_pilot/eval_seed29/MAC_L2/images/horse_paraphrase_0_seed202.jpg,6494bc0f854d4679,0.9991,1,1,1,1,horse,0.9991
29,ConAbl+L2SP(25000),MAC_L2,MA,horse,horse_paraphrase_0,paraphrase,0,303,/data/bijaypandey/cuig_pilot/seq_pilot/eval_seed29/MAC_L2/images/horse_paraphrase_0_seed303.jpg,dfdba0e2307d63cf,0.9990,1,1,1,2,horse,0.9990
29,ConAbl+L2SP(25000),MAC_L2,MA,horse,horse_paraphrase_0,paraphrase,0,404,/data/bijaypandey/cuig_pilot/seq_pilot/eval_seed29/MAC_L2/images/horse_paraphrase_0_seed404.jpg,7653938f66587a12,0.9955,1,1,1,4,horse,0.9955
29,ConAbl+L2SP(25000),MAC_L2,MA,horse,horse_paraphrase_1,paraphrase,1,101,/data/bijaypandey/cuig_pilot/seq_pilot/eval_seed29/MAC_L2/images/horse_paraphrase_1_seed101.jpg,62302377adc33434,0.9994,1,1,1,3,horse,0.9994
29,ConAbl+L2SP(25000),MAC_L2,MA,horse,horse_paraphrase_1,paraphrase,1,202,/data/bijaypandey/cuig_pilot/seq_pilot/eval_seed29/MAC_L2/images/horse_paraphrase_1_seed202.jpg,85a86534f9648d2d,0.9996,1,1,1,1,horse,0.9996
29,ConAbl+L2SP(25000),MAC_L2,MA,horse,horse_paraphrase_1,paraphrase,1,303,/data/bijaypandey/cuig_pilot/seq_pilot/eval_seed29/MAC_L2/images/horse_paraphrase_1_seed303.jpg,a850241b12c4b5e5,0.9980,1,1,1,4,person,0.9982
29,ConAbl+L2SP(25000),MAC_L2,MA,horse,horse_paraphrase_1,paraphrase,1,404,/data/bijaypandey/cuig_pilot/seq_pilot/eval_seed29/MAC_L2/images/horse_paraphrase_1_seed404.jpg,86da0e63407b304f,0.9992,1,1,1,2,horse,0.9992
29,ConAbl+L2SP(25000),MAC_L2,MA,horse,horse_paraphrase_2,paraphrase,2,101,/data/bijaypandey/cuig_pilot/seq_pilot/eval_seed29/MAC_L2/images/horse_paraphrase_2_seed101.jpg,f79c787d88344bc1,0.9948,1,1,1,4,horse,0.9948
29,ConAbl+L2SP(25000),MAC_L2,MA,horse,horse_paraphrase_2,paraphrase,2,202,/data/bijaypandey/cuig_pilot/seq_pilot/eval_seed29/MAC_L2/images/horse_paraphrase_2_seed202.jpg,0189dffd0c969bd9,0.9917,1,1,1,3,horse,0.9917
29,ConAbl+L2SP(25000),MAC_L2,MA,horse,horse_paraphrase_2,paraphrase,2,303,/data/bijaypandey/cuig_pilot/seq_pilot/eval_seed29/MAC_L2/images/horse_paraphrase_2_seed303.jpg,132d3a3455e1493f,0.9993,1,1,1,1,horse,0.9993
29,ConAbl+L2SP(25000),MAC_L2,MA,horse,horse_paraphrase_2,paraphrase,2,404,/data/bijaypandey/cuig_pilot/seq_pilot/eval_seed29/MAC_L2/images/horse_paraphrase_2_seed404.jpg,59d686dc2f12f597,0.9190,1,1,1,7,horse,0.9190
29,ConAbl+L2SP(25000),MAC_L2,MA,horse,horse_paraphrase_3,paraphrase,3,101,/data/bijaypandey/cuig_pilot/seq_pilot/eval_seed29/MAC_L2/images/horse_paraphrase_3_seed101.jpg,1b7f89ee12524429,0.9888,1,1,1,3,horse,0.9888
29,ConAbl+L2SP(25000),MAC_L2,MA,horse,horse_paraphrase_3,paraphrase,3,202,/data/bijaypandey/cuig_pilot/seq_pilot/eval_seed29/MAC_L2/images/horse_paraphrase_3_seed202.jpg,5c6080f571f25e01,0.9939,1,1,1,2,horse,0.9939
29,ConAbl+L2SP(25000),MAC_L2,MA,horse,horse_paraphrase_3,paraphrase,3,303,/data/bijaypandey/cuig_pilot/seq_pilot/eval_seed29/MAC_L2/images/horse_paraphrase_3_seed303.jpg,22cb8a4ba8457f12,0.9996,1,1,1,6,horse,0.9996
29,ConAbl+L2SP(25000),MAC_L2,MA,horse,horse_paraphrase_3,paraphrase,3,404,/data/bijaypandey/cuig_pilot/seq_pilot/eval_seed29/MAC_L2/images/horse_paraphrase_3_seed404.jpg,040ad4e7dc73ae8f,0.9987,1,1,1,3,horse,0.9987
29,ConAbl+L2SP(25000),MAC_L2,MA,horse,horse_paraphrase_4,paraphrase,4,101,/data/bijaypandey/cuig_pilot/seq_pilot/eval_seed29/MAC_L2/images/horse_paraphrase_4_seed101.jpg,a4dd85b825d41eb5,0.9990,1,1,1,3,horse,0.9990
29,ConAbl+L2SP(25000),MAC_L2,MA,horse,horse_paraphrase_4,paraphrase,4,202,/data/bijaypandey/cuig_pilot/seq_pilot/eval_seed29/MAC_L2/images/horse_paraphrase_4_seed202.jpg,1943d71f43ba4a96,0.9864,1,1,1,2,horse,0.9864
29,ConAbl+L2SP(25000),MAC_L2,MA,horse,horse_paraphrase_4,paraphrase,4,303,/data/bijaypandey/cuig_pilot/seq_pilot/eval_seed29/MAC_L2/images/horse_paraphrase_4_seed303.jpg,86edb71558f5e01f,0.9984,1,1,1,1,horse,0.9984
29,ConAbl+L2SP(25000),MAC_L2,MA,horse,horse_paraphrase_4,paraphrase,4,404,/data/bijaypandey/cuig_pilot/seq_pilot/eval_seed29/MAC_L2/images/horse_paraphrase_4_seed404.jpg,3ccdd063f9d2260d,0.9996,1,1,1,1,horse,0.9996
29,ConAbl+L2SP(25000),MAC_L2,MA,bird,bird_literal_0,literal,0,101,/data/bijaypandey/cuig_pilot/seq_pilot/eval_seed29/MAC_L2/images/bird_literal_0_seed101.jpg,22cf4b94946047a5,0.9985,1,1,1,5,bird,0.9985
29,ConAbl+L2SP(25000),MAC_L2,MA,bird,bird_literal_0,literal,0,202,/data/bijaypandey/cuig_pilot/seq_pilot/eval_seed29/MAC_L2/images/bird_literal_0_seed202.jpg,6b960d9bea4f34a1,0.9989,1,1,1,1,bird,0.9989
29,ConAbl+L2SP(25000),MAC_L2,MA,bird,bird_literal_0,literal,0,303,/data/bijaypandey/cuig_pilot/seq_pilot/eval_seed29/MAC_L2/images/bird_literal_0_seed303.jpg,add88a002b0a9bd1,0.9986,1,1,1,2,bird,0.9986
29,ConAbl+L2SP(25000),MAC_L2,MA,bird,bird_literal_0,literal,0,404,/data/bijaypandey/cuig_pilot/seq_pilot/eval_seed29/MAC_L2/images/bird_literal_0_seed404.jpg,291460b9c67d7cb4,0.9959,1,1,1,2,bird,0.9959
29,ConAbl+L2SP(25000),MAC_L2,MA,bird,bird_literal_1,literal,1,101,/data/bijaypandey/cuig_pilot/seq_pilot/eval_seed29/MAC_L2/images/bird_literal_1_seed101.jpg,996505b0b64a9a6f,0.9977,1,1,1,7,bird,0.9977
29,ConAbl+L2SP(25000),MAC_L2,MA,bird,bird_literal_1,literal,1,202,/data/bijaypandey/cuig_pilot/seq_pilot/eval_seed29/MAC_L2/images/bird_literal_1_seed202.jpg,698e0873ff3ff5f7,0.9991,1,1,1,3,bird,0.9991
29,ConAbl+L2SP(25000),MAC_L2,MA,bird,bird_literal_1,literal,1,303,/data/bijaypandey/cuig_pilot/seq_pilot/eval_seed29/MAC_L2/images/bird_literal_1_seed303.jpg,3095f4d851acdbee,0.9998,1,1,1,8,bird,0.9998
29,ConAbl+L2SP(25000),MAC_L2,MA,bird,bird_literal_1,literal,1,404,/data/bijaypandey/cuig_pilot/seq_pilot/eval_seed29/MAC_L2/images/bird_literal_1_seed404.jpg,e30e65260e7457d1,0.9986,1,1,1,2,bird,0.9986
29,ConAbl+L2SP(25000),MAC_L2,MA,bird,bird_literal_2,literal,2,101,/data/bijaypandey/cuig_pilot/seq_pilot/eval_seed29/MAC_L2/images/bird_literal_2_seed101.jpg,4f533a5fdc062f88,0.0000,0,0,0,0,,0.0000
29,ConAbl+L2SP(25000),MAC_L2,MA,bird,bird_literal_2,literal,2,202,/data/bijaypandey/cuig_pilot/seq_pilot/eval_seed29/MAC_L2/images/bird_literal_2_seed202.jpg,57bce3b336ff2110,0.9969,1,1,1,3,bird,0.9969
29,ConAbl+L2SP(25000),MAC_L2,MA,bird,bird_literal_2,literal,2,303,/data/bijaypandey/cuig_pilot/seq_pilot/eval_seed29/MAC_L2/images/bird_literal_2_seed303.jpg,209c17cf4b102e7b,0.0559,0,0,0,4,vase,0.4139
29,ConAbl+L2SP(25000),MAC_L2,MA,bird,bird_literal_2,literal,2,404,/data/bijaypandey/cuig_pilot/seq_pilot/eval_seed29/MAC_L2/images/bird_literal_2_seed404.jpg,948221107b416fc6,0.9784,1,1,1,3,bird,0.9784
29,ConAbl+L2SP(25000),MAC_L2,MA,bird,bird_literal_3,literal,3,101,/data/bijaypandey/cuig_pilot/seq_pilot/eval_seed29/MAC_L2/images/bird_literal_3_seed101.jpg,04095a674aee6fd5,0.9820,1,1,1,5,bird,0.9820
29,ConAbl+L2SP(25000),MAC_L2,MA,bird,bird_literal_3,literal,3,202,/data/bijaypandey/cuig_pilot/seq_pilot/eval_seed29/MAC_L2/images/bird_literal_3_seed202.jpg,76f14b14a49f2853,0.9978,1,1,1,1,bird,0.9978
29,ConAbl+L2SP(25000),MAC_L2,MA,bird,bird_literal_3,literal,3,303,/data/bijaypandey/cuig_pilot/seq_pilot/eval_seed29/MAC_L2/images/bird_literal_3_seed303.jpg,c437186ba4382b15,0.9858,1,1,1,6,bird,0.9858
29,ConAbl+L2SP(25000),MAC_L2,MA,bird,bird_literal_3,literal,3,404,/data/bijaypandey/cuig_pilot/seq_pilot/eval_seed29/MAC_L2/images/bird_literal_3_seed404.jpg,0b007e2e2f0e10fb,0.9992,1,1,1,6,bird,0.9992
29,ConAbl+L2SP(25000),MAC_L2,MA,bird,bird_literal_4,literal,4,101,/data/bijaypandey/cuig_pilot/seq_pilot/eval_seed29/MAC_L2/images/bird_literal_4_seed101.jpg,a8bc4d95909ad73d,0.9982,1,1,1,2,bird,0.9982
29,ConAbl+L2SP(25000),MAC_L2,MA,bird,bird_literal_4,literal,4,202,/data/bijaypandey/cuig_pilot/seq_pilot/eval_seed29/MAC_L2/images/bird_literal_4_seed202.jpg,2f119923f5cd1627,0.9992,1,1,1,5,bird,0.9992
29,ConAbl+L2SP(25000),MAC_L2,MA,bird,bird_literal_4,literal,4,303,/data/bijaypandey/cuig_pilot/seq_pilot/eval_seed29/MAC_L2/images/bird_literal_4_seed303.jpg,c663297a44b92b60,0.9472,1,1,1,1,bird,0.9472
29,ConAbl+L2SP(25000),MAC_L2,MA,bird,bird_literal_4,literal,4,404,/data/bijaypandey/cuig_pilot/seq_pilot/eval_seed29/MAC_L2/images/bird_literal_4_seed404.jpg,d82066388f423819,0.9965,1,1,1,4,bird,0.9965
29,ConAbl+L2SP(25000),MAC_L2,MA,bird,bird_paraphrase_0,paraphrase,0,101,/data/bijaypandey/cuig_pilot/seq_pilot/eval_seed29/MAC_L2/images/bird_paraphrase_0_seed101.jpg,f8d0a4181d65f609,0.9918,1,1,1,7,bird,0.9918
29,ConAbl+L2SP(25000),MAC_L2,MA,bird,bird_paraphrase_0,paraphrase,0,202,/data/bijaypandey/cuig_pilot/seq_pilot/eval_seed29/MAC_L2/images/bird_paraphrase_0_seed202.jpg,968bc095c097691e,0.9975,1,1,1,4,bird,0.9975
29,ConAbl+L2SP(25000),MAC_L2,MA,bird,bird_paraphrase_0,paraphrase,0,303,/data/bijaypandey/cuig_pilot/seq_pilot/eval_seed29/MAC_L2/images/bird_paraphrase_0_seed303.jpg,c16e0fe01e09ffe0,0.9991,1,1,1,1,bird,0.9991
29,ConAbl+L2SP(25000),MAC_L2,MA,bird,bird_paraphrase_0,paraphrase,0,404,/data/bijaypandey/cuig_pilot/seq_pilot/eval_seed29/MAC_L2/images/bird_paraphrase_0_seed404.jpg,bd096f94b31eef8c,0.9737,1,1,1,4,bird,0.9737
29,ConAbl+L2SP(25000),MAC_L2,MA,bird,bird_paraphrase_1,paraphrase,1,101,/data/bijaypandey/cuig_pilot/seq_pilot/eval_seed29/MAC_L2/images/bird_paraphrase_1_seed101.jpg,f89f1316c4fee0e7,0.9980,1,1,1,6,bird,0.9980
29,ConAbl+L2SP(25000),MAC_L2,MA,bird,bird_paraphrase_1,paraphrase,1,202,/data/bijaypandey/cuig_pilot/seq_pilot/eval_seed29/MAC_L2/images/bird_paraphrase_1_seed202.jpg,fa238cee70e82117,0.9996,1,1,1,11,bird,0.9996
29,ConAbl+L2SP(25000),MAC_L2,MA,bird,bird_paraphrase_1,paraphrase,1,303,/data/bijaypandey/cuig_pilot/seq_pilot/eval_seed29/MAC_L2/images/bird_paraphrase_1_seed303.jpg,2c82b89169758f13,0.9985,1,1,1,3,bird,0.9985
29,ConAbl+L2SP(25000),MAC_L2,MA,bird,bird_paraphrase_1,paraphrase,1,404,/data/bijaypandey/cuig_pilot/seq_pilot/eval_seed29/MAC_L2/images/bird_paraphrase_1_seed404.jpg,df03321120b6e51d,0.9994,1,1,1,3,bird,0.9994
29,ConAbl+L2SP(25000),MAC_L2,MA,bird,bird_paraphrase_2,paraphrase,2,101,/data/bijaypandey/cuig_pilot/seq_pilot/eval_seed29/MAC_L2/images/bird_paraphrase_2_seed101.jpg,02a0f2ea05aaf5e4,0.9972,1,1,1,1,bird,0.9972
29,ConAbl+L2SP(25000),MAC_L2,MA,bird,bird_paraphrase_2,paraphrase,2,202,/data/bijaypandey/cuig_pilot/seq_pilot/eval_seed29/MAC_L2/images/bird_paraphrase_2_seed202.jpg,3cb0e9d82c45883a,0.0615,0,0,0,9,umbrella,0.8086
29,ConAbl+L2SP(25000),MAC_L2,MA,bird,bird_paraphrase_2,paraphrase,2,303,/data/bijaypandey/cuig_pilot/seq_pilot/eval_seed29/MAC_L2/images/bird_paraphrase_2_seed303.jpg,ae61a0e16bbc0d6f,0.9983,1,1,1,6,bird,0.9983
29,ConAbl+L2SP(25000),MAC_L2,MA,bird,bird_paraphrase_2,paraphrase,2,404,/data/bijaypandey/cuig_pilot/seq_pilot/eval_seed29/MAC_L2/images/bird_paraphrase_2_seed404.jpg,ff8d798c0689dd6e,0.9875,1,1,1,6,bird,0.9875
29,ConAbl+L2SP(25000),MAC_L2,MA,bird,bird_paraphrase_3,paraphrase,3,101,/data/bijaypandey/cuig_pilot/seq_pilot/eval_seed29/MAC_L2/images/bird_paraphrase_3_seed101.jpg,28779ebdf97dc000,0.9965,1,1,1,82,bird,0.9965
29,ConAbl+L2SP(25000),MAC_L2,MA,bird,bird_paraphrase_3,paraphrase,3,202,/data/bijaypandey/cuig_pilot/seq_pilot/eval_seed29/MAC_L2/images/bird_paraphrase_3_seed202.jpg,19a5fa5ca53a3ce6,0.9968,1,1,1,21,bird,0.9968
29,ConAbl+L2SP(25000),MAC_L2,MA,bird,bird_paraphrase_3,paraphrase,3,303,/data/bijaypandey/cuig_pilot/seq_pilot/eval_seed29/MAC_L2/images/bird_paraphrase_3_seed303.jpg,b1314027581f6fbd,0.9949,1,1,1,19,bird,0.9949
29,ConAbl+L2SP(25000),MAC_L2,MA,bird,bird_paraphrase_3,paraphrase,3,404,/data/bijaypandey/cuig_pilot/seq_pilot/eval_seed29/MAC_L2/images/bird_paraphrase_3_seed404.jpg,8be8d47bb0248e02,0.9946,1,1,1,7,bird,0.9946
29,ConAbl+L2SP(25000),MAC_L2,MA,bird,bird_paraphrase_4,paraphrase,4,101,/data/bijaypandey/cuig_pilot/seq_pilot/eval_seed29/MAC_L2/images/bird_paraphrase_4_seed101.jpg,a2b4bd6a05d8dace,0.9413,1,1,1,3,bird,0.9413
29,ConAbl+L2SP(25000),MAC_L2,MA,bird,bird_paraphrase_4,paraphrase,4,202,/data/bijaypandey/cuig_pilot/seq_pilot/eval_seed29/MAC_L2/images/bird_paraphrase_4_seed202.jpg,81e3ea4af60c3617,0.8437,1,1,1,9,bird,0.8437
29,ConAbl+L2SP(25000),MAC_L2,MA,bird,bird_paraphrase_4,paraphrase,4,303,/data/bijaypandey/cuig_pilot/seq_pilot/eval_seed29/MAC_L2/images/bird_paraphrase_4_seed303.jpg,40682878954ba7cf,0.6839,1,1,0,8,person,0.8662
29,ConAbl+L2SP(25000),MAC_L2,MA,bird,bird_paraphrase_4,paraphrase,4,404,/data/bijaypandey/cuig_pilot/seq_pilot/eval_seed29/MAC_L2/images/bird_paraphrase_4_seed404.jpg,aebcc13c308defc8,0.5507,1,1,0,10,bird,0.5507
29,ConAbl+L2SP(25000),MAC_L2,MA,chair,chair_literal_0,literal,0,101,/data/bijaypandey/cuig_pilot/seq_pilot/eval_seed29/MAC_L2/images/chair_literal_0_seed101.jpg,a5ef6c3075f11d5b,0.9983,1,1,1,2,chair,0.9983
29,ConAbl+L2SP(25000),MAC_L2,MA,chair,chair_literal_0,literal,0,202,/data/bijaypandey/cuig_pilot/seq_pilot/eval_seed29/MAC_L2/images/chair_literal_0_seed202.jpg,6386f2900665ba2c,0.9932,1,1,1,1,chair,0.9932
29,ConAbl+L2SP(25000),MAC_L2,MA,chair,chair_literal_0,literal,0,303,/data/bijaypandey/cuig_pilot/seq_pilot/eval_seed29/MAC_L2/images/chair_literal_0_seed303.jpg,4cb53500819e6826,0.9992,1,1,1,1,chair,0.9992
29,ConAbl+L2SP(25000),MAC_L2,MA,chair,chair_literal_0,literal,0,404,/data/bijaypandey/cuig_pilot/seq_pilot/eval_seed29/MAC_L2/images/chair_literal_0_seed404.jpg,16f332f55f95c6ea,0.9772,1,1,1,4,chair,0.9772
29,ConAbl+L2SP(25000),MAC_L2,MA,chair,chair_literal_1,literal,1,101,/data/bijaypandey/cuig_pilot/seq_pilot/eval_seed29/MAC_L2/images/chair_literal_1_seed101.jpg,c3a35e184a2ba023,0.9840,1,1,1,9,chair,0.9840
29,ConAbl+L2SP(25000),MAC_L2,MA,chair,chair_literal_1,literal,1,202,/data/bijaypandey/cuig_pilot/seq_pilot/eval_seed29/MAC_L2/images/chair_literal_1_seed202.jpg,32ae9bf671f22d24,0.9787,1,1,1,8,chair,0.9787
29,ConAbl+L2SP(25000),MAC_L2,MA,chair,chair_literal_1,literal,1,303,/data/bijaypandey/cuig_pilot/seq_pilot/eval_seed29/MAC_L2/images/chair_literal_1_seed303.jpg,d136b5922d102cb4,0.4348,1,0,0,4,chair,0.4348
29,ConAbl+L2SP(25000),MAC_L2,MA,chair,chair_literal_1,literal,1,404,/data/bijaypandey/cuig_pilot/seq_pilot/eval_seed29/MAC_L2/images/chair_literal_1_seed404.jpg,43e7a0e6f452355a,0.9849,1,1,1,8,chair,0.9849
29,ConAbl+L2SP(25000),MAC_L2,MA,chair,chair_literal_2,literal,2,101,/data/bijaypandey/cuig_pilot/seq_pilot/eval_seed29/MAC_L2/images/chair_literal_2_seed101.jpg,161532ff931fda56,0.9976,1,1,1,11,chair,0.9976
29,ConAbl+L2SP(25000),MAC_L2,MA,chair,chair_literal_2,literal,2,202,/data/bijaypandey/cuig_pilot/seq_pilot/eval_seed29/MAC_L2/images/chair_literal_2_seed202.jpg,61addb465fc7a11f,0.9469,1,1,1,4,chair,0.9469
29,ConAbl+L2SP(25000),MAC_L2,MA,chair,chair_literal_2,literal,2,303,/data/bijaypandey/cuig_pilot/seq_pilot/eval_seed29/MAC_L2/images/chair_literal_2_seed303.jpg,a4e4d6f3360c3381,0.9965,1,1,1,33,chair,0.9965
29,ConAbl+L2SP(25000),MAC_L2,MA,chair,chair_literal_2,literal,2,404,/data/bijaypandey/cuig_pilot/seq_pilot/eval_seed29/MAC_L2/images/chair_literal_2_seed404.jpg,a932dc125d8280a9,0.9962,1,1,1,9,chair,0.9962
29,ConAbl+L2SP(25000),MAC_L2,MA,chair,chair_literal_3,literal,3,101,/data/bijaypandey/cuig_pilot/seq_pilot/eval_seed29/MAC_L2/images/chair_literal_3_seed101.jpg,185f1b797dcba26d,0.9919,1,1,1,8,chair,0.9919
29,ConAbl+L2SP(25000),MAC_L2,MA,chair,chair_literal_3,literal,3,202,/data/bijaypandey/cuig_pilot/seq_pilot/eval_seed29/MAC_L2/images/chair_literal_3_seed202.jpg,47d1884df8b88053,0.9982,1,1,1,4,chair,0.9982
29,ConAbl+L2SP(25000),MAC_L2,MA,chair,chair_literal_3,literal,3,303,/data/bijaypandey/cuig_pilot/seq_pilot/eval_seed29/MAC_L2/images/chair_literal_3_seed303.jpg,5c10413e7d622086,0.9724,1,1,1,5,chair,0.9724
29,ConAbl+L2SP(25000),MAC_L2,MA,chair,chair_literal_3,literal,3,404,/data/bijaypandey/cuig_pilot/seq_pilot/eval_seed29/MAC_L2/images/chair_literal_3_seed404.jpg,59e5d4d1196c6015,0.1181,0,0,0,4,couch,0.9550
29,ConAbl+L2SP(25000),MAC_L2,MA,chair,chair_literal_4,literal,4,101,/data/bijaypandey/cuig_pilot/seq_pilot/eval_seed29/MAC_L2/images/chair_literal_4_seed101.jpg,96d161c052ff7de1,0.9770,1,1,1,2,chair,0.9770
29,ConAbl+L2SP(25000),MAC_L2,MA,chair,chair_literal_4,literal,4,202,/data/bijaypandey/cuig_pilot/seq_pilot/eval_seed29/MAC_L2/images/chair_literal_4_seed202.jpg,8f67ec2bbf26f77f,0.9708,1,1,1,6,chair,0.9708
29,ConAbl+L2SP(25000),MAC_L2,MA,chair,chair_literal_4,literal,4,303,/data/bijaypandey/cuig_pilot/seq_pilot/eval_seed29/MAC_L2/images/chair_literal_4_seed303.jpg,6d66c52f9ba14f44,0.9790,1,1,1,3,chair,0.9790
29,ConAbl+L2SP(25000),MAC_L2,MA,chair,chair_literal_4,literal,4,404,/data/bijaypandey/cuig_pilot/seq_pilot/eval_seed29/MAC_L2/images/chair_literal_4_seed404.jpg,0e435ee978321c7a,0.9980,1,1,1,3,chair,0.9980
29,ConAbl+L2SP(25000),MAC_L2,MA,chair,chair_paraphrase_0,paraphrase,0,101,/data/bijaypandey/cuig_pilot/seq_pilot/eval_seed29/MAC_L2/images/chair_paraphrase_0_seed101.jpg,2b44a1341d0d2a1e,0.7755,1,1,1,11,chair,0.7755
29,ConAbl+L2SP(25000),MAC_L2,MA,chair,chair_paraphrase_0,paraphrase,0,202,/data/bijaypandey/cuig_pilot/seq_pilot/eval_seed29/MAC_L2/images/chair_paraphrase_0_seed202.jpg,1bb949ceb6bddf55,0.9973,1,1,1,8,chair,0.9973
29,ConAbl+L2SP(25000),MAC_L2,MA,chair,chair_paraphrase_0,paraphrase,0,303,/data/bijaypandey/cuig_pilot/seq_pilot/eval_seed29/MAC_L2/images/chair_paraphrase_0_seed303.jpg,adef12c181598396,0.1674,0,0,0,13,airplane,0.6225
29,ConAbl+L2SP(25000),MAC_L2,MA,chair,chair_paraphrase_0,paraphrase,0,404,/data/bijaypandey/cuig_pilot/seq_pilot/eval_seed29/MAC_L2/images/chair_paraphrase_0_seed404.jpg,95e58ed303a22f8d,0.9903,1,1,1,3,chair,0.9903
29,ConAbl+L2SP(25000),MAC_L2,MA,chair,chair_paraphrase_1,paraphrase,1,101,/data/bijaypandey/cuig_pilot/seq_pilot/eval_seed29/MAC_L2/images/chair_paraphrase_1_seed101.jpg,22807bd8b93ada1d,0.9974,1,1,1,12,chair,0.9974
29,ConAbl+L2SP(25000),MAC_L2,MA,chair,chair_paraphrase_1,paraphrase,1,202,/data/bijaypandey/cuig_pilot/seq_pilot/eval_seed29/MAC_L2/images/chair_paraphrase_1_seed202.jpg,bd869b5124580434,0.8686,1,1,1,14,couch,0.8810
29,ConAbl+L2SP(25000),MAC_L2,MA,chair,chair_paraphrase_1,paraphrase,1,303,/data/bijaypandey/cuig_pilot/seq_pilot/eval_seed29/MAC_L2/images/chair_paraphrase_1_seed303.jpg,0135fb858cf6d0b1,0.8616,1,1,1,13,chair,0.8616
29,ConAbl+L2SP(25000),MAC_L2,MA,chair,chair_paraphrase_1,paraphrase,1,404,/data/bijaypandey/cuig_pilot/seq_pilot/eval_seed29/MAC_L2/images/chair_paraphrase_1_seed404.jpg,c95a2d4a3971038b,0.9526,1,1,1,7,chair,0.9526
29,ConAbl+L2SP(25000),MAC_L2,MA,chair,chair_paraphrase_2,paraphrase,2,101,/data/bijaypandey/cuig_pilot/seq_pilot/eval_seed29/MAC_L2/images/chair_paraphrase_2_seed101.jpg,8cf8d811dc0d98cf,0.9461,1,1,1,6,chair,0.9461
29,ConAbl+L2SP(25000),MAC_L2,MA,chair,chair_paraphrase_2,paraphrase,2,202,/data/bijaypandey/cuig_pilot/seq_pilot/eval_seed29/MAC_L2/images/chair_paraphrase_2_seed202.jpg,5cba61742207524b,0.9732,1,1,1,15,chair,0.9732
29,ConAbl+L2SP(25000),MAC_L2,MA,chair,chair_paraphrase_2,paraphrase,2,303,/data/bijaypandey/cuig_pilot/seq_pilot/eval_seed29/MAC_L2/images/chair_paraphrase_2_seed303.jpg,169be2994e62b1db,0.9805,1,1,1,13,potted plant,0.9884
29,ConAbl+L2SP(25000),MAC_L2,MA,chair,chair_paraphrase_2,paraphrase,2,404,/data/bijaypandey/cuig_pilot/seq_pilot/eval_seed29/MAC_L2/images/chair_paraphrase_2_seed404.jpg,e91ea79fcdbc7414,0.9913,1,1,1,6,chair,0.9913
29,ConAbl+L2SP(25000),MAC_L2,MA,chair,chair_paraphrase_3,paraphrase,3,101,/data/bijaypandey/cuig_pilot/seq_pilot/eval_seed29/MAC_L2/images/chair_paraphrase_3_seed101.jpg,7bf0b3e60aa4a830,0.9834,1,1,1,73,chair,0.9834
29,ConAbl+L2SP(25000),MAC_L2,MA,chair,chair_paraphrase_3,paraphrase,3,202,/data/bijaypandey/cuig_pilot/seq_pilot/eval_seed29/MAC_L2/images/chair_paraphrase_3_seed202.jpg,54c66921e10055ca,0.2984,0,0,0,3,bench,0.6196
29,ConAbl+L2SP(25000),MAC_L2,MA,chair,chair_paraphrase_3,paraphrase,3,303,/data/bijaypandey/cuig_pilot/seq_pilot/eval_seed29/MAC_L2/images/chair_paraphrase_3_seed303.jpg,9e15afb3cb33ad3d,0.9817,1,1,1,43,chair,0.9817
29,ConAbl+L2SP(25000),MAC_L2,MA,chair,chair_paraphrase_3,paraphrase,3,404,/data/bijaypandey/cuig_pilot/seq_pilot/eval_seed29/MAC_L2/images/chair_paraphrase_3_seed404.jpg,8c153e7cf28349cc,0.0000,0,0,0,5,bench,0.4079
29,ConAbl+L2SP(25000),MAC_L2,MA,chair,chair_paraphrase_4,paraphrase,4,101,/data/bijaypandey/cuig_pilot/seq_pilot/eval_seed29/MAC_L2/images/chair_paraphrase_4_seed101.jpg,95f1689871d23bf1,0.9967,1,1,1,4,chair,0.9967
29,ConAbl+L2SP(25000),MAC_L2,MA,chair,chair_paraphrase_4,paraphrase,4,202,/data/bijaypandey/cuig_pilot/seq_pilot/eval_seed29/MAC_L2/images/chair_paraphrase_4_seed202.jpg,073ae9eab17949ec,0.9944,1,1,1,8,chair,0.9944
29,ConAbl+L2SP(25000),MAC_L2,MA,chair,chair_paraphrase_4,paraphrase,4,303,/data/bijaypandey/cuig_pilot/seq_pilot/eval_seed29/MAC_L2/images/chair_paraphrase_4_seed303.jpg,be009c4ef07a512d,0.9986,1,1,1,15,chair,0.9986
29,ConAbl+L2SP(25000),MAC_L2,MA,chair,chair_paraphrase_4,paraphrase,4,404,/data/bijaypandey/cuig_pilot/seq_pilot/eval_seed29/MAC_L2/images/chair_paraphrase_4_seed404.jpg,b856ac063d49c522,0.9848,1,1,1,6,chair,0.9848
29,ConAbl+L2SP(25000),MAC_L2,MA,bicycle,bicycle_literal_0,literal,0,101,/data/bijaypandey/cuig_pilot/seq_pilot/eval_seed29/MAC_L2/images/bicycle_literal_0_seed101.jpg,65b92cf198ced87c,0.9852,1,1,1,4,bicycle,0.9852
29,ConAbl+L2SP(25000),MAC_L2,MA,bicycle,bicycle_literal_0,literal,0,202,/data/bijaypandey/cuig_pilot/seq_pilot/eval_seed29/MAC_L2/images/bicycle_literal_0_seed202.jpg,c15eeb6fc5c6a69b,0.9991,1,1,1,1,bicycle,0.9991
29,ConAbl+L2SP(25000),MAC_L2,MA,bicycle,bicycle_literal_0,literal,0,303,/data/bijaypandey/cuig_pilot/seq_pilot/eval_seed29/MAC_L2/images/bicycle_literal_0_seed303.jpg,8d3849fb6e525e70,0.9972,1,1,1,2,bicycle,0.9972
29,ConAbl+L2SP(25000),MAC_L2,MA,bicycle,bicycle_literal_0,literal,0,404,/data/bijaypandey/cuig_pilot/seq_pilot/eval_seed29/MAC_L2/images/bicycle_literal_0_seed404.jpg,9d6b1c64f88adce6,0.9968,1,1,1,4,bicycle,0.9968
29,ConAbl+L2SP(25000),MAC_L2,MA,bicycle,bicycle_literal_1,literal,1,101,/data/bijaypandey/cuig_pilot/seq_pilot/eval_seed29/MAC_L2/images/bicycle_literal_1_seed101.jpg,f202b74bfaca7ac4,0.9983,1,1,1,16,bicycle,0.9983
29,ConAbl+L2SP(25000),MAC_L2,MA,bicycle,bicycle_literal_1,literal,1,202,/data/bijaypandey/cuig_pilot/seq_pilot/eval_seed29/MAC_L2/images/bicycle_literal_1_seed202.jpg,e8ff3bebf9e12642,0.9983,1,1,1,4,bicycle,0.9983
29,ConAbl+L2SP(25000),MAC_L2,MA,bicycle,bicycle_literal_1,literal,1,303,/data/bijaypandey/cuig_pilot/seq_pilot/eval_seed29/MAC_L2/images/bicycle_literal_1_seed303.jpg,57cfa4a18beb44a8,0.9978,1,1,1,23,bicycle,0.9978
29,ConAbl+L2SP(25000),MAC_L2,MA,bicycle,bicycle_literal_1,literal,1,404,/data/bijaypandey/cuig_pilot/seq_pilot/eval_seed29/MAC_L2/images/bicycle_literal_1_seed404.jpg,45fa122a7e8a2b80,0.9989,1,1,1,3,bicycle,0.9989
29,ConAbl+L2SP(25000),MAC_L2,MA,bicycle,bicycle_literal_2,literal,2,101,/data/bijaypandey/cuig_pilot/seq_pilot/eval_seed29/MAC_L2/images/bicycle_literal_2_seed101.jpg,5e55167d73194e63,0.9989,1,1,1,1,bicycle,0.9989
29,ConAbl+L2SP(25000),MAC_L2,MA,bicycle,bicycle_literal_2,literal,2,202,/data/bijaypandey/cuig_pilot/seq_pilot/eval_seed29/MAC_L2/images/bicycle_literal_2_seed202.jpg,f3ba4a1e945a1ad8,0.9973,1,1,1,14,bicycle,0.9973
29,ConAbl+L2SP(25000),MAC_L2,MA,bicycle,bicycle_literal_2,literal,2,303,/data/bijaypandey/cuig_pilot/seq_pilot/eval_seed29/MAC_L2/images/bicycle_literal_2_seed303.jpg,adaf546eb69c8360,0.9996,1,1,1,1,bicycle,0.9996
29,ConAbl+L2SP(25000),MAC_L2,MA,bicycle,bicycle_literal_2,literal,2,404,/data/bijaypandey/cuig_pilot/seq_pilot/eval_seed29/MAC_L2/images/bicycle_literal_2_seed404.jpg,a5504b74815ad770,0.9954,1,1,1,3,bicycle,0.9954
29,ConAbl+L2SP(25000),MAC_L2,MA,bicycle,bicycle_literal_3,literal,3,101,/data/bijaypandey/cuig_pilot/seq_pilot/eval_seed29/MAC_L2/images/bicycle_literal_3_seed101.jpg,ea1a8e859169b74f,0.8232,1,1,1,26,bicycle,0.8232
29,ConAbl+L2SP(25000),MAC_L2,MA,bicycle,bicycle_literal_3,literal,3,202,/data/bijaypandey/cuig_pilot/seq_pilot/eval_seed29/MAC_L2/images/bicycle_literal_3_seed202.jpg,fbb8dd73ba34f4fa,0.9828,1,1,1,7,bicycle,0.9828
29,ConAbl+L2SP(25000),MAC_L2,MA,bicycle,bicycle_literal_3,literal,3,303,/data/bijaypandey/cuig_pilot/seq_pilot/eval_seed29/MAC_L2/images/bicycle_literal_3_seed303.jpg,ce3a66908cf302fd,0.9926,1,1,1,39,bicycle,0.9926
29,ConAbl+L2SP(25000),MAC_L2,MA,bicycle,bicycle_literal_3,literal,3,404,/data/bijaypandey/cuig_pilot/seq_pilot/eval_seed29/MAC_L2/images/bicycle_literal_3_seed404.jpg,caacd880c8ac9cd7,0.4498,1,0,0,6,chair,0.4996
29,ConAbl+L2SP(25000),MAC_L2,MA,bicycle,bicycle_literal_4,literal,4,101,/data/bijaypandey/cuig_pilot/seq_pilot/eval_seed29/MAC_L2/images/bicycle_literal_4_seed101.jpg,abbe401f855efeee,0.9981,1,1,1,3,bicycle,0.9981
29,ConAbl+L2SP(25000),MAC_L2,MA,bicycle,bicycle_literal_4,literal,4,202,/data/bijaypandey/cuig_pilot/seq_pilot/eval_seed29/MAC_L2/images/bicycle_literal_4_seed202.jpg,126c170b7ee8f5f9,0.9984,1,1,1,4,bicycle,0.9984
29,ConAbl+L2SP(25000),MAC_L2,MA,bicycle,bicycle_literal_4,literal,4,303,/data/bijaypandey/cuig_pilot/seq_pilot/eval_seed29/MAC_L2/images/bicycle_literal_4_seed303.jpg,851c06ac21450c4b,0.9965,1,1,1,4,bicycle,0.9965
29,ConAbl+L2SP(25000),MAC_L2,MA,bicycle,bicycle_literal_4,literal,4,404,/data/bijaypandey/cuig_pilot/seq_pilot/eval_seed29/MAC_L2/images/bicycle_literal_4_seed404.jpg,454d4f54326f596e,0.9988,1,1,1,1,bicycle,0.9988
29,ConAbl+L2SP(25000),MAC_L2,MA,bicycle,bicycle_paraphrase_0,paraphrase,0,101,/data/bijaypandey/cuig_pilot/seq_pilot/eval_seed29/MAC_L2/images/bicycle_paraphrase_0_seed101.jpg,aa7321a3e7edcd49,0.9936,1,1,1,2,bicycle,0.9936
29,ConAbl+L2SP(25000),MAC_L2,MA,bicycle,bicycle_paraphrase_0,paraphrase,0,202,/data/bijaypandey/cuig_pilot/seq_pilot/eval_seed29/MAC_L2/images/bicycle_paraphrase_0_seed202.jpg,fbcdbeb67d09189d,0.9949,1,1,1,6,bicycle,0.9949
29,ConAbl+L2SP(25000),MAC_L2,MA,bicycle,bicycle_paraphrase_0,paraphrase,0,303,/data/bijaypandey/cuig_pilot/seq_pilot/eval_seed29/MAC_L2/images/bicycle_paraphrase_0_seed303.jpg,9d62ee51a73f6a0b,0.9966,1,1,1,8,bicycle,0.9966
29,ConAbl+L2SP(25000),MAC_L2,MA,bicycle,bicycle_paraphrase_0,paraphrase,0,404,/data/bijaypandey/cuig_pilot/seq_pilot/eval_seed29/MAC_L2/images/bicycle_paraphrase_0_seed404.jpg,7002e5f25aa5d215,0.9974,1,1,1,6,bicycle,0.9974
29,ConAbl+L2SP(25000),MAC_L2,MA,bicycle,bicycle_paraphrase_1,paraphrase,1,101,/data/bijaypandey/cuig_pilot/seq_pilot/eval_seed29/MAC_L2/images/bicycle_paraphrase_1_seed101.jpg,8bb5b4aeedb5573e,0.9974,1,1,1,8,bicycle,0.9974
29,ConAbl+L2SP(25000),MAC_L2,MA,bicycle,bicycle_paraphrase_1,paraphrase,1,202,/data/bijaypandey/cuig_pilot/seq_pilot/eval_seed29/MAC_L2/images/bicycle_paraphrase_1_seed202.jpg,52942b5794a6c479,0.9970,1,1,1,6,bicycle,0.9970
29,ConAbl+L2SP(25000),MAC_L2,MA,bicycle,bicycle_paraphrase_1,paraphrase,1,303,/data/bijaypandey/cuig_pilot/seq_pilot/eval_seed29/MAC_L2/images/bicycle_paraphrase_1_seed303.jpg,e68a838996c92079,0.9985,1,1,1,4,bicycle,0.9985
29,ConAbl+L2SP(25000),MAC_L2,MA,bicycle,bicycle_paraphrase_1,paraphrase,1,404,/data/bijaypandey/cuig_pilot/seq_pilot/eval_seed29/MAC_L2/images/bicycle_paraphrase_1_seed404.jpg,00b76ceca96d56a3,0.9976,1,1,1,5,bicycle,0.9976
29,ConAbl+L2SP(25000),MAC_L2,MA,bicycle,bicycle_paraphrase_2,paraphrase,2,101,/data/bijaypandey/cuig_pilot/seq_pilot/eval_seed29/MAC_L2/images/bicycle_paraphrase_2_seed101.jpg,f2870c8475d2b7c7,0.9968,1,1,1,18,bicycle,0.9968
29,ConAbl+L2SP(25000),MAC_L2,MA,bicycle,bicycle_paraphrase_2,paraphrase,2,202,/data/bijaypandey/cuig_pilot/seq_pilot/eval_seed29/MAC_L2/images/bicycle_paraphrase_2_seed202.jpg,ce31289a68f2418c,0.9963,1,1,1,3,person,0.9997
29,ConAbl+L2SP(25000),MAC_L2,MA,bicycle,bicycle_paraphrase_2,paraphrase,2,303,/data/bijaypandey/cuig_pilot/seq_pilot/eval_seed29/MAC_L2/images/bicycle_paraphrase_2_seed303.jpg,1c9dd52b9d6c7264,0.9712,1,1,1,6,bicycle,0.9712
29,ConAbl+L2SP(25000),MAC_L2,MA,bicycle,bicycle_paraphrase_2,paraphrase,2,404,/data/bijaypandey/cuig_pilot/seq_pilot/eval_seed29/MAC_L2/images/bicycle_paraphrase_2_seed404.jpg,c6dcaafdecbaca02,0.9866,1,1,1,9,person,0.9975
29,ConAbl+L2SP(25000),MAC_L2,MA,bicycle,bicycle_paraphrase_3,paraphrase,3,101,/data/bijaypandey/cuig_pilot/seq_pilot/eval_seed29/MAC_L2/images/bicycle_paraphrase_3_seed101.jpg,2da10d1cc458d478,0.9967,1,1,1,3,bicycle,0.9967
29,ConAbl+L2SP(25000),MAC_L2,MA,bicycle,bicycle_paraphrase_3,paraphrase,3,202,/data/bijaypandey/cuig_pilot/seq_pilot/eval_seed29/MAC_L2/images/bicycle_paraphrase_3_seed202.jpg,9dd03f5bb2483a27,0.9904,1,1,1,8,bicycle,0.9904
29,ConAbl+L2SP(25000),MAC_L2,MA,bicycle,bicycle_paraphrase_3,paraphrase,3,303,/data/bijaypandey/cuig_pilot/seq_pilot/eval_seed29/MAC_L2/images/bicycle_paraphrase_3_seed303.jpg,d134c9d5c9543cc4,0.9977,1,1,1,6,bicycle,0.9977
29,ConAbl+L2SP(25000),MAC_L2,MA,bicycle,bicycle_paraphrase_3,paraphrase,3,404,/data/bijaypandey/cuig_pilot/seq_pilot/eval_seed29/MAC_L2/images/bicycle_paraphrase_3_seed404.jpg,dc4e3b4dc1c5d4d1,0.9982,1,1,1,6,bicycle,0.9982
29,ConAbl+L2SP(25000),MAC_L2,MA,bicycle,bicycle_paraphrase_4,paraphrase,4,101,/data/bijaypandey/cuig_pilot/seq_pilot/eval_seed29/MAC_L2/images/bicycle_paraphrase_4_seed101.jpg,ee1c5d78f97a9af8,0.9440,1,1,1,2,bicycle,0.9440
29,ConAbl+L2SP(25000),MAC_L2,MA,bicycle,bicycle_paraphrase_4,paraphrase,4,202,/data/bijaypandey/cuig_pilot/seq_pilot/eval_seed29/MAC_L2/images/bicycle_paraphrase_4_seed202.jpg,0d28535e0e67e342,0.0000,0,0,0,14,tie,0.6298
29,ConAbl+L2SP(25000),MAC_L2,MA,bicycle,bicycle_paraphrase_4,paraphrase,4,303,/data/bijaypandey/cuig_pilot/seq_pilot/eval_seed29/MAC_L2/images/bicycle_paraphrase_4_seed303.jpg,0ff418d251a82ab6,0.0000,0,0,0,4,umbrella,0.3682
29,ConAbl+L2SP(25000),MAC_L2,MA,bicycle,bicycle_paraphrase_4,paraphrase,4,404,/data/bijaypandey/cuig_pilot/seq_pilot/eval_seed29/MAC_L2/images/bicycle_paraphrase_4_seed404.jpg,c7f9e812214af45b,0.9909,1,1,1,3,bicycle,0.9909
